state_name,year,ethanol_beer_gallons_per_capita,ethanol_spirit_gallons_per_capita,beer_share_signal,spirit_share_signal,total_selected_signal
Alabama,1977,0.97,0.82,0.5052083333333334,0.4270833333333333,1.79
Alabama,1978,0.95,0.85,0.4947916666666667,0.4427083333333333,1.7999999999999998
Alabama,1979,0.96,0.82,0.5052631578947369,0.43157894736842106,1.7799999999999998
Alabama,1980,0.95,0.74,0.510752688172043,0.3978494623655914,1.69
Alabama,1981,1.0,0.73,0.5235602094240838,0.38219895287958117,1.73
Alabama,1982,1.0,0.72,0.5263157894736842,0.37894736842105264,1.72
Alabama,1983,1.01,0.72,0.531578947368421,0.37894736842105264,1.73
Alabama,1984,1.03,0.69,0.5392670157068064,0.3612565445026178,1.72
Alabama,1985,1.07,0.67,0.5572916666666667,0.34895833333333337,1.7400000000000002
Alabama,1986,1.1,0.65,0.5729166666666667,0.3385416666666667,1.75
Alabama,1987,1.11,0.62,0.5811518324607331,0.32460732984293195,1.73
Alabama,1988,1.12,0.62,0.5833333333333334,0.3229166666666667,1.7400000000000002
Alabama,1989,1.12,0.61,0.5894736842105264,0.32105263157894737,1.73
Alabama,1990,1.12,0.61,0.5833333333333334,0.3177083333333333,1.73
Alabama,1991,1.0,0.59,0.5681818181818182,0.3352272727272727,1.5899999999999999
Alabama,1992,1.02,0.59,0.5698324022346368,0.329608938547486,1.6099999999999999
Alabama,1993,1.14,0.56,0.6129032258064515,0.3010752688172043,1.7
Alabama,1994,1.16,0.54,0.6203208556149732,0.2887700534759358,1.7
Alabama,1995,1.14,0.53,0.6263736263736263,0.29120879120879123,1.67
Alabama,1996,1.17,0.53,0.6223404255319149,0.2819148936170213,1.7
Alabama,1997,1.14,0.52,0.6263736263736263,0.2857142857142857,1.66
Alabama,1998,1.16,0.51,0.627027027027027,0.2756756756756757,1.67
Alabama,1999,1.18,0.51,0.6310160427807486,0.2727272727272727,1.69
Alabama,2000,1.19,0.51,0.6329787234042553,0.2712765957446809,1.7
Alabama,2001,1.16,0.53,0.6236559139784945,0.2849462365591398,1.69
Alabama,2002,1.18,0.54,0.6145833333333334,0.28125000000000006,1.72
Alabama,2003,1.19,0.52,0.6263157894736842,0.2736842105263158,1.71
Alabama,2004,1.19,0.52,0.6230366492146597,0.27225130890052357,1.71
Alabama,2005,1.18,0.53,0.6178010471204188,0.2774869109947644,1.71
Alabama,2006,1.21,0.54,0.6205128205128205,0.27692307692307694,1.75
Alabama,2007,1.23,0.55,0.615,0.275,1.78
Alabama,2008,1.22,0.57,0.6069651741293532,0.2835820895522388,1.79
Alabama,2009,1.19,0.57,0.601010101010101,0.28787878787878785,1.7599999999999998
Alabama,2010,1.17,0.58,0.5909090909090908,0.29292929292929293,1.75
Alabama,2011,1.16,0.59,0.5858585858585859,0.29797979797979796,1.75
Alabama,2012,1.16,0.6,0.58,0.3,1.7599999999999998
Alabama,2013,1.14,0.6,0.5728643216080401,0.3015075376884422,1.7399999999999998
Alabama,2014,1.13,0.62,0.565,0.31,1.75
Alabama,2015,1.11,0.64,0.5522388059701494,0.318407960199005,1.75
Alabama,2016,1.09,0.65,0.5422885572139304,0.32338308457711445,1.7400000000000002
Alabama,2017,1.07,0.67,0.5376884422110553,0.33668341708542715,1.7400000000000002
Alabama,2018,1.04,0.69,0.5226130653266332,0.34673366834170855,1.73
Alabama,2019,1.02,0.71,0.5125628140703518,0.35678391959798994,1.73
Alabama,2020,1.03,0.77,0.5024390243902439,0.37560975609756103,1.8
Alabama,2021,1.01,0.81,0.4855769230769231,0.3894230769230769,1.82
Alabama,2022,0.96,0.81,0.4776119402985075,0.4029850746268657,1.77
Alabama,2023,0.9,0.83,0.46153846153846156,0.4256410256410256,1.73
Alaska,1977,1.19,1.69,0.3606060606060606,0.5121212121212121,2.88
Alaska,1978,1.39,1.67,0.396011396011396,0.4757834757834758,3.0599999999999996
Alaska,1979,1.48,1.63,0.4134078212290503,0.45530726256983234,3.11
Alaska,1980,1.54,1.68,0.4139784946236559,0.4516129032258064,3.2199999999999998
Alaska,1981,1.68,1.79,0.41791044776119407,0.4452736318407961,3.4699999999999998
Alaska,1982,1.69,1.68,0.43112244897959184,0.42857142857142855,3.37
Alaska,1983,1.71,1.65,0.43291139240506327,0.4177215189873417,3.36
Alaska,1984,1.67,1.5,0.44892473118279563,0.4032258064516129,3.17
Alaska,1985,1.63,1.48,0.4429347826086956,0.4021739130434782,3.11
Alaska,1986,1.65,1.25,0.47826086956521735,0.36231884057971014,2.9
Alaska,1987,1.6,1.26,0.4733727810650888,0.3727810650887574,2.8600000000000003
Alaska,1988,1.54,1.19,0.4797507788161994,0.3707165109034268,2.73
Alaska,1989,1.52,1.19,0.48253968253968255,0.37777777777777777,2.71
Alaska,1990,1.62,1.25,0.4864864864864865,0.37537537537537535,2.87
Alaska,1991,1.54,1.14,0.4951768488745981,0.3665594855305466,2.6799999999999997
Alaska,1992,1.53,1.08,0.5066225165562914,0.3576158940397351,2.6100000000000003
Alaska,1993,1.31,0.92,0.5137254901960785,0.36078431372549025,2.23
Alaska,1994,1.53,1.1,0.504950495049505,0.3630363036303631,2.63
Alaska,1995,1.45,1.02,0.506993006993007,0.35664335664335667,2.4699999999999998
Alaska,1996,1.31,0.94,0.4980988593155894,0.3574144486692015,2.25
Alaska,1997,1.31,0.88,0.51171875,0.34375,2.19
Alaska,1998,1.39,0.95,0.5129151291512914,0.3505535055350553,2.34
Alaska,1999,1.4,0.95,0.510948905109489,0.34671532846715325,2.3499999999999996
Alaska,2000,1.37,0.94,0.5111940298507462,0.3507462686567164,2.31
Alaska,2001,1.32,0.96,0.49438202247191015,0.3595505617977528,2.2800000000000002
Alaska,2002,1.35,1.19,0.451505016722408,0.39799331103678925,2.54
Alaska,2003,1.27,0.79,0.522633744855967,0.32510288065843623,2.06
Alaska,2004,1.31,0.95,0.4833948339483395,0.3505535055350553,2.26
Alaska,2005,1.23,0.98,0.4659090909090909,0.3712121212121212,2.21
Alaska,2006,1.25,1.03,0.45454545454545453,0.37454545454545457,2.2800000000000002
Alaska,2007,1.13,0.96,0.44664031620553357,0.37944664031620556,2.09
Alaska,2008,1.2,1.09,0.43165467625899284,0.39208633093525186,2.29
Alaska,2009,1.32,1.16,0.4370860927152318,0.3841059602649006,2.48
Alaska,2010,1.23,1.25,0.40594059405940597,0.4125412541254126,2.48
Alaska,2011,1.15,1.17,0.4020979020979021,0.40909090909090906,2.32
Alaska,2012,1.17,1.13,0.41342756183745577,0.3992932862190812,2.3
Alaska,2013,1.07,1.17,0.3890909090909091,0.4254545454545454,2.24
Alaska,2014,1.11,1.17,0.39642857142857146,0.41785714285714287,2.2800000000000002
Alaska,2015,1.11,1.2,0.39084507042253525,0.4225352112676056,2.31
Alaska,2016,1.15,1.23,0.391156462585034,0.41836734693877553,2.38
Alaska,2017,1.06,1.22,0.37722419928825623,0.43416370106761565,2.2800000000000002
Alaska,2018,1.06,1.25,0.3719298245614035,0.43859649122807015,2.31
Alaska,2019,1.07,1.27,0.37282229965156793,0.4425087108013937,2.34
Alaska,2020,1.02,1.26,0.3655913978494624,0.45161290322580644,2.2800000000000002
Alaska,2021,1.01,1.27,0.36200716845878134,0.4551971326164875,2.2800000000000002
Alaska,2022,1.02,1.32,0.35664335664335667,0.46153846153846156,2.34
Alaska,2023,0.96,1.32,0.34163701067615654,0.4697508896797153,2.2800000000000002
Arizona,1977,1.6,0.99,0.5479452054794521,0.339041095890411,2.59
Arizona,1978,1.66,1.03,0.5460526315789473,0.33881578947368424,2.69
Arizona,1979,1.71,1.07,0.5428571428571428,0.3396825396825397,2.7800000000000002
Arizona,1980,1.68,0.97,0.5581395348837209,0.3222591362126246,2.65
Arizona,1981,1.76,1.0,0.5534591194968553,0.31446540880503143,2.76
Arizona,1982,1.71,0.98,0.5570032573289903,0.3192182410423453,2.69
Arizona,1983,1.6,0.99,0.5298013245033113,0.32781456953642385,2.59
Arizona,1984,1.55,1.05,0.5098684210526316,0.34539473684210525,2.6
Arizona,1985,1.66,0.99,0.5337620578778135,0.3183279742765273,2.65
Arizona,1986,1.74,0.9,0.5631067961165048,0.29126213592233013,2.64
Arizona,1987,1.64,0.84,0.5597269624573378,0.28668941979522183,2.48
Arizona,1988,1.6,0.86,0.5574912891986062,0.29965156794425085,2.46
Arizona,1989,1.63,0.83,0.5800711743772241,0.29537366548042704,2.46
Arizona,1990,1.59,0.8,0.5740072202166066,0.2888086642599278,2.39
Arizona,1991,1.58,0.78,0.5830258302583026,0.2878228782287823,2.3600000000000003
Arizona,1992,1.58,0.8,0.587360594795539,0.29739776951672864,2.38
Arizona,1993,1.58,0.76,0.6030534351145038,0.2900763358778626,2.34
Arizona,1994,1.52,0.7,0.608,0.27999999999999997,2.2199999999999998
Arizona,1995,1.47,0.68,0.6024590163934426,0.27868852459016397,2.15
Arizona,1996,1.52,0.73,0.5891472868217054,0.28294573643410853,2.25
Arizona,1997,1.45,0.68,0.5942622950819673,0.27868852459016397,2.13
Arizona,1998,1.44,0.68,0.5877551020408163,0.27755102040816326,2.12
Arizona,1999,1.47,0.69,0.5856573705179283,0.2749003984063745,2.16
Arizona,2000,1.48,0.71,0.592,0.284,2.19
Arizona,2001,1.47,0.7,0.588,0.27999999999999997,2.17
Arizona,2002,1.46,0.69,0.5887096774193549,0.2782258064516129,2.15
Arizona,2003,1.41,0.71,0.5662650602409638,0.2851405622489959,2.12
Arizona,2004,1.4,0.71,0.5737704918032787,0.29098360655737704,2.11
Arizona,2005,1.35,0.76,0.5378486055776893,0.30278884462151395,2.1100000000000003
Arizona,2006,1.34,0.79,0.5338645418326694,0.31474103585657376,2.13
Arizona,2007,1.39,0.78,0.553784860557769,0.31075697211155384,2.17
Arizona,2008,1.3,0.77,0.5241935483870968,0.31048387096774194,2.0700000000000003
Arizona,2009,1.22,0.77,0.5126050420168068,0.3235294117647059,1.99
Arizona,2010,1.23,0.76,0.5146443514644351,0.3179916317991632,1.99
Arizona,2011,1.15,0.8,0.48117154811715473,0.33472803347280333,1.95
Arizona,2012,1.14,0.84,0.4691358024691357,0.345679012345679,1.98
Arizona,2013,1.12,0.81,0.4765957446808511,0.3446808510638298,1.9300000000000002
Arizona,2014,1.18,0.79,0.49789029535864976,0.3333333333333333,1.97
Arizona,2015,1.16,0.78,0.49572649572649574,0.33333333333333337,1.94
Arizona,2016,1.14,0.79,0.49137931034482757,0.3405172413793104,1.93
Arizona,2017,1.11,0.79,0.4847161572052402,0.34497816593886466,1.9000000000000001
Arizona,2018,1.08,0.79,0.48000000000000004,0.35111111111111115,1.87
Arizona,2019,1.06,0.8,0.4753363228699552,0.3587443946188341,1.86
Arizona,2020,1.09,0.84,0.47186147186147187,0.3636363636363636,1.9300000000000002
Arizona,2021,1.08,0.91,0.45188284518828453,0.3807531380753138,1.9900000000000002
Arizona,2022,1.03,0.95,0.4345991561181434,0.4008438818565401,1.98
Arizona,2023,0.98,0.96,0.4224137931034483,0.41379310344827586,1.94
Arkansas,1977,0.89,0.61,0.5527950310559006,0.37888198757763975,1.5
Arkansas,1978,0.95,0.71,0.5397727272727273,0.4034090909090909,1.66
Arkansas,1979,0.9,0.55,0.5844155844155844,0.35714285714285715,1.4500000000000002
Arkansas,1980,1.0,0.68,0.5524861878453039,0.37569060773480667,1.6800000000000002
Arkansas,1981,1.06,0.68,0.5698924731182796,0.3655913978494624,1.7400000000000002
Arkansas,1982,1.03,0.63,0.5786516853932584,0.3539325842696629,1.6600000000000001
Arkansas,1983,1.03,0.63,0.5754189944134078,0.35195530726256985,1.6600000000000001
Arkansas,1984,1.03,0.64,0.5722222222222222,0.35555555555555557,1.67
Arkansas,1985,1.04,0.59,0.5875706214689266,0.3333333333333333,1.63
Arkansas,1986,1.08,0.49,0.6545454545454547,0.296969696969697,1.57
Arkansas,1987,1.09,0.53,0.6264367816091955,0.3045977011494253,1.62
Arkansas,1988,1.09,0.54,0.6123595505617978,0.30337078651685395,1.6300000000000001
Arkansas,1989,1.1,0.58,0.6043956043956045,0.31868131868131866,1.6800000000000002
Arkansas,1990,1.12,0.61,0.6021505376344086,0.3279569892473118,1.73
Arkansas,1991,1.12,0.58,0.6187845303867404,0.3204419889502762,1.7000000000000002
Arkansas,1992,1.13,0.65,0.5947368421052631,0.34210526315789475,1.7799999999999998
Arkansas,1993,1.1,0.58,0.6145251396648045,0.3240223463687151,1.6800000000000002
Arkansas,1994,1.06,0.46,0.6424242424242425,0.2787878787878788,1.52
Arkansas,1995,1.06,0.51,0.630952380952381,0.3035714285714286,1.57
Arkansas,1996,1.07,0.53,0.622093023255814,0.308139534883721,1.6
Arkansas,1997,1.07,0.52,0.6257309941520468,0.304093567251462,1.59
Arkansas,1998,1.1,0.51,0.6358381502890174,0.2947976878612717,1.61
Arkansas,1999,1.09,0.54,0.6228571428571429,0.3085714285714286,1.6300000000000001
Arkansas,2000,1.09,0.53,0.6264367816091955,0.3045977011494253,1.62
Arkansas,2001,1.08,0.53,0.6206896551724138,0.3045977011494253,1.61
Arkansas,2002,1.09,0.53,0.6228571428571429,0.3028571428571429,1.62
Arkansas,2003,1.06,0.56,0.5988700564971752,0.3163841807909605,1.62
Arkansas,2004,1.08,0.58,0.5966850828729282,0.3204419889502762,1.6600000000000001
Arkansas,2005,1.04,0.58,0.5842696629213483,0.32584269662921345,1.62
Arkansas,2006,1.05,0.59,0.5833333333333334,0.3277777777777778,1.6400000000000001
Arkansas,2007,1.05,0.59,0.580110497237569,0.3259668508287293,1.6400000000000001
Arkansas,2008,1.09,0.59,0.5860215053763441,0.31720430107526876,1.6800000000000002
Arkansas,2009,1.06,0.59,0.5824175824175825,0.32417582417582413,1.65
Arkansas,2010,1.04,0.59,0.5777777777777778,0.3277777777777778,1.63
Arkansas,2011,0.97,0.56,0.563953488372093,0.32558139534883723,1.53
Arkansas,2012,1.0,0.6,0.5555555555555556,0.3333333333333333,1.6
Arkansas,2013,1.0,0.6,0.5555555555555556,0.3333333333333333,1.6
Arkansas,2014,0.96,0.62,0.5363128491620112,0.34636871508379885,1.58
Arkansas,2015,0.97,0.65,0.5300546448087431,0.3551912568306011,1.62
Arkansas,2016,0.93,0.65,0.5166666666666667,0.3611111111111111,1.58
Arkansas,2017,0.92,0.67,0.5054945054945055,0.36813186813186816,1.59
Arkansas,2018,0.9,0.64,0.5056179775280899,0.3595505617977528,1.54
Arkansas,2019,0.87,0.7,0.48066298342541436,0.38674033149171266,1.5699999999999998
Arkansas,2020,0.92,0.76,0.4742268041237114,0.3917525773195876,1.6800000000000002
Arkansas,2021,0.94,0.76,0.47959183673469385,0.3877551020408163,1.7
Arkansas,2022,0.92,0.79,0.4742268041237114,0.4072164948453609,1.71
Arkansas,2023,0.88,0.75,0.47058823529411764,0.40106951871657753,1.63
California,1977,1.29,1.25,0.4043887147335423,0.39184952978056425,2.54
California,1978,1.33,1.29,0.4054878048780488,0.3932926829268293,2.62
California,1979,1.39,1.25,0.4186746987951807,0.37650602409638556,2.6399999999999997
California,1980,1.41,1.24,0.41964285714285715,0.36904761904761907,2.65
California,1981,1.43,1.2,0.426865671641791,0.3582089552238806,2.63
California,1982,1.37,1.13,0.4254658385093168,0.3509316770186335,2.5
California,1983,1.36,1.1,0.42367601246105924,0.34267912772585674,2.46
California,1984,1.37,1.06,0.4335443037974684,0.33544303797468356,2.43
California,1985,1.32,1.02,0.4244372990353698,0.3279742765273312,2.34
California,1986,1.35,0.95,0.4383116883116883,0.3084415584415584,2.3
California,1987,1.35,0.92,0.45,0.3066666666666667,2.27
California,1988,1.32,0.88,0.46153846153846156,0.3076923076923077,2.2
California,1989,1.29,0.85,0.4690909090909091,0.3090909090909091,2.14
California,1990,1.32,0.87,0.47482014388489213,0.3129496402877698,2.19
California,1991,1.22,0.75,0.4959349593495935,0.3048780487804878,1.97
California,1992,1.28,0.75,0.5039370078740157,0.2952755905511811,2.0300000000000002
California,1993,1.17,0.69,0.49787234042553186,0.2936170212765957,1.8599999999999999
California,1994,1.09,0.68,0.48660714285714285,0.30357142857142855,1.77
California,1995,1.15,0.63,0.5133928571428571,0.28125,1.7799999999999998
California,1996,1.13,0.64,0.49779735682819376,0.28193832599118945,1.77
California,1997,1.14,0.62,0.5,0.2719298245614035,1.7599999999999998
California,1998,1.11,0.61,0.5022624434389141,0.27601809954751133,1.7200000000000002
California,1999,1.12,0.62,0.5045045045045045,0.27927927927927926,1.7400000000000002
California,2000,1.12,0.64,0.5,0.2857142857142857,1.7600000000000002
California,2001,1.09,0.63,0.4954545454545454,0.2863636363636363,1.7200000000000002
California,2002,1.08,0.64,0.4886877828054299,0.2895927601809955,1.7200000000000002
California,2003,1.07,0.65,0.47982062780269064,0.2914798206278027,1.7200000000000002
California,2004,1.07,0.67,0.47555555555555556,0.2977777777777778,1.7400000000000002
California,2005,1.03,0.69,0.4557522123893806,0.30530973451327437,1.72
California,2006,1.02,0.7,0.44541484716157204,0.3056768558951965,1.72
California,2007,1.06,0.7,0.46086956521739136,0.30434782608695654,1.76
California,2008,1.05,0.7,0.4565217391304348,0.30434782608695654,1.75
California,2009,1.01,0.7,0.4429824561403509,0.30701754385964913,1.71
California,2010,0.97,0.71,0.449074074074074,0.32870370370370366,1.68
California,2011,0.95,0.72,0.4222222222222222,0.32,1.67
California,2012,0.99,0.74,0.42127659574468085,0.3148936170212766,1.73
California,2013,0.98,0.75,0.4206008583690987,0.3218884120171674,1.73
California,2014,1.0,0.73,0.4291845493562232,0.3133047210300429,1.73
California,2015,1.0,0.75,0.4385964912280702,0.32894736842105265,1.75
California,2016,0.96,0.78,0.41025641025641024,0.33333333333333337,1.74
California,2017,0.94,0.78,0.4069264069264069,0.33766233766233766,1.72
California,2018,1.0,0.87,0.4016064257028112,0.34939759036144574,1.87
California,2019,1.05,0.91,0.40856031128404674,0.3540856031128405,1.96
California,2020,1.06,0.95,0.4030418250950571,0.3612167300380228,2.01
California,2021,1.11,1.1,0.39084507042253525,0.38732394366197187,2.21
California,2022,1.11,1.2,0.37883959044368604,0.40955631399317405,2.31
California,2023,1.09,1.27,0.36577181208053694,0.4261744966442953,2.3600000000000003
Colorado,1977,1.4,1.19,0.47457627118644063,0.40338983050847455,2.59
Colorado,1978,1.6,1.39,0.46242774566473993,0.40173410404624277,2.99
Colorado,1979,1.63,1.33,0.4766081871345029,0.3888888888888889,2.96
Colorado,1980,1.56,1.31,0.46846846846846846,0.3933933933933934,2.87
Colorado,1981,1.62,1.26,0.48795180722891573,0.3795180722891566,2.88
Colorado,1982,1.63,1.17,0.5,0.3588957055214724,2.8
Colorado,1983,1.57,1.12,0.4984126984126985,0.3555555555555556,2.6900000000000004
Colorado,1984,1.51,1.12,0.48709677419354835,0.3612903225806452,2.63
Colorado,1985,1.48,1.18,0.4668769716088328,0.37223974763406936,2.66
Colorado,1986,1.49,0.95,0.5137931034482759,0.3275862068965517,2.44
Colorado,1987,1.45,0.94,0.5105633802816901,0.33098591549295775,2.3899999999999997
Colorado,1988,1.44,0.92,0.5217391304347826,0.33333333333333337,2.36
Colorado,1989,1.42,0.85,0.5378787878787878,0.32196969696969696,2.27
Colorado,1990,1.35,0.75,0.5648535564853556,0.3138075313807531,2.1
Colorado,1991,1.39,0.87,0.5325670498084291,0.33333333333333337,2.26
Colorado,1992,1.34,0.81,0.5317460317460317,0.32142857142857145,2.1500000000000004
Colorado,1993,1.4,0.86,0.532319391634981,0.3269961977186312,2.26
Colorado,1994,1.36,0.84,0.5333333333333334,0.32941176470588235,2.2
Colorado,1995,1.34,0.78,0.5425101214574899,0.3157894736842105,2.12
Colorado,1996,1.36,0.84,0.529182879377432,0.32684824902723736,2.2
Colorado,1997,1.3,0.81,0.5241935483870968,0.3266129032258065,2.1100000000000003
Colorado,1998,1.33,0.83,0.5256916996047432,0.32806324110671936,2.16
Colorado,1999,1.33,0.75,0.5428571428571428,0.3061224489795918,2.08
Colorado,2000,1.35,0.89,0.5192307692307693,0.3423076923076923,2.24
Colorado,2001,1.42,0.96,0.5107913669064749,0.34532374100719426,2.38
Colorado,2002,1.35,0.9,0.5113636363636364,0.3409090909090909,2.25
Colorado,2003,1.33,0.87,0.5115384615384615,0.3346153846153846,2.2
Colorado,2004,1.3,0.95,0.48507462686567165,0.3544776119402985,2.25
Colorado,2005,1.31,0.99,0.48161764705882354,0.3639705882352941,2.3
Colorado,2006,1.29,0.98,0.4742647058823529,0.36029411764705876,2.27
Colorado,2007,1.3,1.01,0.4676258992805756,0.36330935251798563,2.31
Colorado,2008,1.28,1.02,0.4620938628158845,0.36823104693140796,2.3
Colorado,2009,1.23,1.01,0.4555555555555555,0.37407407407407406,2.24
Colorado,2010,1.22,1.01,0.45018450184501846,0.3726937269372694,2.23
Colorado,2011,1.2,1.04,0.4411764705882352,0.38235294117647056,2.24
Colorado,2012,1.15,1.08,0.4166666666666667,0.39130434782608703,2.23
Colorado,2013,1.2,1.11,0.4270462633451957,0.39501779359430605,2.31
Colorado,2014,1.14,1.11,0.4115523465703971,0.40072202166064985,2.25
Colorado,2015,1.12,1.14,0.40433212996389895,0.4115523465703971,2.26
Colorado,2016,1.14,1.16,0.40425531914893614,0.41134751773049644,2.3
Colorado,2017,1.14,1.19,0.4014084507042253,0.41901408450704225,2.33
Colorado,2018,1.14,1.23,0.3958333333333333,0.42708333333333337,2.37
Colorado,2019,1.17,1.14,0.420863309352518,0.41007194244604317,2.3099999999999996
Colorado,2020,1.14,1.33,0.38255033557046975,0.4463087248322148,2.4699999999999998
Colorado,2021,1.17,1.39,0.38235294117647056,0.45424836601307184,2.5599999999999996
Colorado,2022,1.13,1.48,0.36688311688311687,0.4805194805194805,2.61
Colorado,2023,1.08,1.49,0.35179153094462545,0.485342019543974,2.5700000000000003
Connecticut,1977,1.06,1.23,0.4015151515151515,0.4659090909090909,2.29
Connecticut,1978,1.09,1.21,0.4052044609665428,0.44981412639405205,2.3
Connecticut,1979,1.14,1.21,0.41304347826086957,0.4384057971014493,2.3499999999999996
Connecticut,1980,1.06,1.2,0.3940520446096655,0.44609665427509293,2.26
Connecticut,1981,1.05,1.18,0.39325842696629215,0.44194756554307113,2.23
Connecticut,1982,1.04,1.21,0.3795620437956204,0.44160583941605835,2.25
Connecticut,1983,1.1,1.22,0.3928571428571429,0.4357142857142857,2.3200000000000003
Connecticut,1984,1.1,1.19,0.3956834532374101,0.42805755395683454,2.29
Connecticut,1985,1.12,1.19,0.39857651245551606,0.42348754448398573,2.31
Connecticut,1986,1.11,1.14,0.4021739130434783,0.41304347826086957,2.25
Connecticut,1987,1.14,1.1,0.4145454545454545,0.4,2.24
Connecticut,1988,1.12,1.05,0.41947565543071164,0.39325842696629215,2.17
Connecticut,1989,1.07,0.96,0.42800000000000005,0.384,2.0300000000000002
Connecticut,1990,1.09,0.92,0.44308943089430897,0.3739837398373984,2.0100000000000002
Connecticut,1991,1.03,0.84,0.4497816593886463,0.3668122270742358,1.87
Connecticut,1992,1.01,0.83,0.4391304347826087,0.36086956521739133,1.8399999999999999
Connecticut,1993,0.96,0.8,0.4363636363636363,0.36363636363636365,1.76
Connecticut,1994,0.99,0.78,0.44999999999999996,0.35454545454545455,1.77
Connecticut,1995,0.96,0.78,0.4363636363636363,0.35454545454545455,1.74
Connecticut,1996,0.91,0.72,0.43540669856459335,0.3444976076555024,1.63
Connecticut,1997,0.95,0.74,0.4377880184331797,0.34101382488479265,1.69
Connecticut,1998,0.96,0.76,0.4343891402714932,0.3438914027149321,1.72
Connecticut,1999,0.94,0.75,0.4311926605504587,0.3440366972477064,1.69
Connecticut,2000,0.94,0.74,0.4311926605504587,0.33944954128440363,1.68
Connecticut,2001,0.95,0.74,0.4337899543378995,0.3378995433789954,1.69
Connecticut,2002,0.95,0.75,0.42986425339366513,0.3393665158371041,1.7
Connecticut,2003,0.93,0.78,0.41704035874439466,0.34977578475336324,1.71
Connecticut,2004,0.93,0.79,0.41333333333333333,0.35111111111111115,1.7200000000000002
Connecticut,2005,0.9,0.79,0.40358744394618834,0.3542600896860987,1.69
Connecticut,2006,0.93,0.81,0.4043478260869566,0.35217391304347834,1.7400000000000002
Connecticut,2007,0.92,0.84,0.3948497854077253,0.3605150214592274,1.76
Connecticut,2008,0.93,0.85,0.39406779661016955,0.3601694915254237,1.78
Connecticut,2009,0.88,0.85,0.38095238095238093,0.36796536796536794,1.73
Connecticut,2010,0.88,0.87,0.37446808510638296,0.3702127659574468,1.75
Connecticut,2011,0.86,0.88,0.3659574468085106,0.37446808510638296,1.74
Connecticut,2012,0.86,0.91,0.36134453781512604,0.3823529411764706,1.77
Connecticut,2013,0.85,0.91,0.3586497890295358,0.38396624472573837,1.76
Connecticut,2014,0.84,0.92,0.3559322033898305,0.3898305084745763,1.76
Connecticut,2015,0.85,0.95,0.3526970954356846,0.39419087136929454,1.7999999999999998
Connecticut,2016,0.85,0.98,0.3483606557377049,0.4016393442622951,1.83
Connecticut,2017,0.82,0.99,0.3402489626556016,0.4107883817427386,1.81
Connecticut,2018,0.8,1.01,0.33333333333333337,0.42083333333333334,1.81
Connecticut,2019,0.81,1.07,0.32793522267206476,0.4331983805668016,1.8800000000000001
Connecticut,2020,0.79,1.11,0.316,0.44400000000000006,1.9000000000000001
Connecticut,2021,0.78,1.19,0.30708661417322836,0.46850393700787396,1.97
Connecticut,2022,0.73,1.15,0.3029045643153527,0.47717842323651444,1.88
Connecticut,2023,0.7,1.15,0.2953586497890295,0.4852320675105485,1.8499999999999999
Delaware,1977,1.3,1.33,0.4545454545454546,0.46503496503496505,2.63
Delaware,1978,1.31,1.3,0.45964912280701753,0.45614035087719296,2.6100000000000003
Delaware,1979,1.35,1.31,0.4623287671232877,0.4486301369863014,2.66
Delaware,1980,1.44,1.37,0.4630225080385852,0.44051446945337625,2.81
Delaware,1981,1.52,1.4,0.4691358024691358,0.4320987654320987,2.92
Delaware,1982,1.54,1.38,0.47239263803680986,0.4233128834355828,2.92
Delaware,1983,1.55,1.35,0.47692307692307695,0.4153846153846154,2.9000000000000004
Delaware,1984,1.52,1.29,0.475,0.403125,2.81
Delaware,1985,1.48,1.31,0.46249999999999997,0.409375,2.79
Delaware,1986,1.46,1.25,0.46202531645569617,0.39556962025316456,2.71
Delaware,1987,1.46,1.23,0.4679487179487179,0.3942307692307692,2.69
Delaware,1988,1.46,1.21,0.474025974025974,0.39285714285714285,2.67
Delaware,1989,1.43,1.15,0.4831081081081081,0.3885135135135135,2.58
Delaware,1990,1.44,1.14,0.48813559322033895,0.38644067796610165,2.58
Delaware,1991,1.4,0.95,0.5185185185185185,0.3518518518518518,2.3499999999999996
Delaware,1992,1.4,0.97,0.5128205128205128,0.3553113553113553,2.37
Delaware,1993,1.46,0.95,0.5289855072463768,0.34420289855072467,2.41
Delaware,1994,1.43,0.95,0.5181159420289855,0.34420289855072467,2.38
Delaware,1995,1.3,0.92,0.4961832061068702,0.3511450381679389,2.22
Delaware,1996,1.39,0.94,0.5,0.3381294964028777,2.33
Delaware,1997,1.37,0.99,0.48754448398576516,0.35231316725978645,2.3600000000000003
Delaware,1998,1.41,1.03,0.48453608247422675,0.3539518900343643,2.44
Delaware,1999,1.4,1.03,0.48275862068965514,0.3551724137931035,2.4299999999999997
Delaware,2000,1.36,1.05,0.47058823529411764,0.3633217993079585,2.41
Delaware,2001,1.39,1.07,0.4727891156462585,0.36394557823129253,2.46
Delaware,2002,1.39,1.1,0.46179401993355484,0.36544850498338877,2.49
Delaware,2003,1.38,1.18,0.44230769230769224,0.3782051282051282,2.5599999999999996
Delaware,2004,1.42,1.28,0.43425076452599387,0.39143730886850153,2.7
Delaware,2005,1.42,1.24,0.4369230769230769,0.38153846153846155,2.66
Delaware,2006,1.41,1.26,0.4325153374233129,0.3865030674846626,2.67
Delaware,2007,1.38,1.23,0.43260188087774293,0.38557993730407525,2.61
Delaware,2008,1.35,1.23,0.4285714285714286,0.3904761904761905,2.58
Delaware,2009,1.32,1.34,0.3987915407854985,0.40483383685800606,2.66
Delaware,2010,1.36,1.36,0.4023668639053255,0.4023668639053255,2.72
Delaware,2011,1.34,1.52,0.3774647887323944,0.4281690140845071,2.8600000000000003
Delaware,2012,1.32,1.58,0.3676880222841226,0.4401114206128134,2.9000000000000004
Delaware,2013,1.25,1.63,0.3472222222222222,0.4527777777777777,2.88
Delaware,2014,1.21,1.67,0.3361111111111111,0.46388888888888885,2.88
Delaware,2015,1.19,1.75,0.3251366120218579,0.4781420765027322,2.94
Delaware,2016,1.2,1.8,0.32171581769436997,0.48257372654155495,3.0
Delaware,2017,1.15,1.75,0.3176795580110497,0.48342541436464087,2.9
Delaware,2018,1.11,1.69,0.3153409090909091,0.48011363636363635,2.8
Delaware,2019,1.11,1.61,0.3236151603498542,0.46938775510204084,2.72
Delaware,2020,1.12,2.12,0.28,0.53,3.24
Delaware,2021,1.13,2.46,0.25740318906605925,0.5603644646924829,3.59
Delaware,2022,1.05,2.34,0.2573529411764706,0.5735294117647058,3.3899999999999997
Delaware,2023,1.02,2.38,0.24938875305623473,0.5819070904645477,3.4
District Of Columbia,1977,1.35,3.16,0.25139664804469275,0.5884543761638734,4.51
District Of Columbia,1978,1.38,3.04,0.2589118198874296,0.5703564727954972,4.42
District Of Columbia,1979,1.42,2.92,0.2679245283018868,0.5509433962264151,4.34
District Of Columbia,1980,1.49,2.94,0.2754158964879852,0.5434380776340111,4.43
District Of Columbia,1981,1.48,2.89,0.2730627306273063,0.533210332103321,4.37
District Of Columbia,1982,1.46,2.88,0.27392120075046905,0.5403377110694184,4.34
District Of Columbia,1983,1.51,2.71,0.2865275142314991,0.5142314990512334,4.22
District Of Columbia,1984,1.51,2.59,0.29206963249516443,0.5009671179883946,4.1
District Of Columbia,1985,1.44,2.35,0.3,0.48958333333333337,3.79
District Of Columbia,1986,1.45,2.09,0.31938325991189426,0.46035242290748896,3.54
District Of Columbia,1987,1.41,2.26,0.3051948051948052,0.4891774891774891,3.67
District Of Columbia,1988,1.38,1.9,0.32701421800947866,0.45023696682464454,3.28
District Of Columbia,1989,1.39,1.72,0.35459183673469385,0.4387755102040816,3.11
District Of Columbia,1990,1.42,1.96,0.34299516908212563,0.4734299516908213,3.38
District Of Columbia,1991,1.42,1.85,0.365038560411311,0.4755784061696658,3.27
District Of Columbia,1992,1.61,1.74,0.3975308641975309,0.42962962962962964,3.35
District Of Columbia,1993,1.51,1.54,0.3994708994708995,0.40740740740740744,3.05
District Of Columbia,1994,1.5,1.52,0.398936170212766,0.4042553191489362,3.02
District Of Columbia,1995,1.49,1.52,0.3941798941798942,0.40211640211640215,3.01
District Of Columbia,1996,1.33,1.47,0.36239782016348776,0.40054495912806537,2.8
District Of Columbia,1997,1.42,1.61,0.37075718015665793,0.42036553524804177,3.0300000000000002
District Of Columbia,1998,1.37,1.57,0.3672922252010724,0.42091152815013405,2.9400000000000004
District Of Columbia,1999,1.38,1.36,0.39204545454545453,0.3863636363636364,2.74
District Of Columbia,2000,1.39,1.45,0.38082191780821917,0.3972602739726027,2.84
District Of Columbia,2001,1.36,1.46,0.37673130193905824,0.40443213296398894,2.8200000000000003
District Of Columbia,2002,1.36,1.47,0.37158469945355194,0.4016393442622951,2.83
District Of Columbia,2003,1.38,1.51,0.3670212765957447,0.4015957446808511,2.8899999999999997
District Of Columbia,2004,1.38,1.52,0.36315789473684207,0.4,2.9
District Of Columbia,2005,1.4,1.56,0.358974358974359,0.4,2.96
District Of Columbia,2006,1.38,1.6,0.350253807106599,0.4060913705583757,2.98
District Of Columbia,2007,1.37,1.63,0.3425,0.4075,3.0
District Of Columbia,2008,1.35,1.64,0.3375,0.41,2.99
District Of Columbia,2009,1.26,1.62,0.3247422680412371,0.4175257731958763,2.88
District Of Columbia,2010,1.22,1.61,0.3185378590078329,0.42036553524804177,2.83
District Of Columbia,2011,1.19,1.62,0.31070496083550914,0.42297650130548303,2.81
District Of Columbia,2012,1.18,1.65,0.3064935064935065,0.42857142857142855,2.83
District Of Columbia,2013,1.16,1.66,0.30287206266318534,0.433420365535248,2.82
District Of Columbia,2014,1.15,1.67,0.3010471204188482,0.43717277486910994,2.82
District Of Columbia,2015,1.14,1.67,0.29842931937172773,0.43717277486910994,2.8099999999999996
District Of Columbia,2016,1.12,1.69,0.2916666666666667,0.4401041666666667,2.81
District Of Columbia,2017,1.1,1.68,0.2894736842105263,0.4421052631578947,2.7800000000000002
District Of Columbia,2018,1.08,1.68,0.2864721485411141,0.4456233421750663,2.76
District Of Columbia,2019,1.07,1.67,0.2853333333333333,0.4453333333333333,2.74
District Of Columbia,2020,1.14,1.79,0.2835820895522388,0.4452736318407961,2.9299999999999997
District Of Columbia,2021,1.16,1.87,0.2815533980582524,0.4538834951456311,3.0300000000000002
District Of Columbia,2022,1.13,1.78,0.28463476070528965,0.44836272040302266,2.91
District Of Columbia,2023,1.09,1.75,0.28311688311688316,0.45454545454545453,2.84
Florida,1977,1.27,1.4,0.42474916387959866,0.4682274247491638,2.67
Florida,1978,1.34,1.4,0.4364820846905538,0.4560260586319218,2.74
Florida,1979,1.38,1.41,0.43949044585987257,0.4490445859872611,2.79
Florida,1980,1.4,1.41,0.440251572327044,0.4433962264150943,2.8099999999999996
Florida,1981,1.54,1.37,0.46666666666666673,0.4151515151515152,2.91
Florida,1982,1.54,1.32,0.47239263803680986,0.40490797546012275,2.8600000000000003
Florida,1983,1.55,1.22,0.49050632911392406,0.38607594936708856,2.77
Florida,1984,1.46,1.23,0.47249190938511326,0.39805825242718446,2.69
Florida,1985,1.47,1.16,0.48355263157894735,0.381578947368421,2.63
Florida,1986,1.5,1.05,0.5067567567567568,0.35472972972972977,2.55
Florida,1987,1.5,1.03,0.5084745762711864,0.34915254237288135,2.5300000000000002
Florida,1988,1.5,1.0,0.5154639175257731,0.3436426116838488,2.5
Florida,1989,1.51,1.0,0.5224913494809689,0.3460207612456747,2.51
Florida,1990,1.54,1.04,0.5202702702702703,0.35135135135135137,2.58
Florida,1991,1.43,0.92,0.5315985130111524,0.34200743494423796,2.35
Florida,1992,1.45,0.96,0.5272727272727272,0.34909090909090906,2.41
Florida,1993,1.44,0.92,0.5373134328358209,0.34328358208955223,2.36
Florida,1994,1.4,0.87,0.5384615384615384,0.3346153846153846,2.27
Florida,1995,1.34,0.82,0.536,0.32799999999999996,2.16
Florida,1996,1.36,0.81,0.5354330708661418,0.31889763779527563,2.17
Florida,1997,1.36,0.8,0.5375494071146246,0.316205533596838,2.16
Florida,1998,1.33,0.79,0.532,0.316,2.12
Florida,1999,1.33,0.8,0.5256916996047432,0.316205533596838,2.13
Florida,2000,1.32,0.83,0.515625,0.32421875,2.15
Florida,2001,1.32,0.82,0.5196850393700787,0.3228346456692913,2.14
Florida,2002,1.32,0.84,0.5116279069767442,0.3255813953488372,2.16
Florida,2003,1.31,0.86,0.5019157088122606,0.32950191570881227,2.17
Florida,2004,1.34,0.88,0.5,0.3283582089552239,2.22
Florida,2005,1.33,0.91,0.4925925925925926,0.337037037037037,2.24
Florida,2006,1.32,0.91,0.4888888888888889,0.337037037037037,2.23
Florida,2007,1.28,0.92,0.47761194029850745,0.34328358208955223,2.2
Florida,2008,1.24,0.89,0.47509578544061304,0.3409961685823755,2.13
Florida,2009,1.19,0.91,0.46124031007751937,0.35271317829457366,2.1
Florida,2010,1.12,0.91,0.4462151394422312,0.3625498007968128,2.0300000000000002
Florida,2011,1.13,0.93,0.44488188976377946,0.3661417322834646,2.06
Florida,2012,1.26,0.95,0.463235294117647,0.3492647058823529,2.21
Florida,2013,1.28,0.95,0.47058823529411764,0.3492647058823529,2.23
Florida,2014,1.1,0.98,0.42471042471042475,0.3783783783783784,2.08
Florida,2015,1.11,0.98,0.4252873563218391,0.37547892720306514,2.09
Florida,2016,1.09,1.03,0.41132075471698115,0.3886792452830189,2.12
Florida,2017,1.07,1.04,0.40684410646387836,0.3954372623574145,2.1100000000000003
Florida,2018,1.05,1.04,0.4022988505747127,0.3984674329501916,2.09
Florida,2019,1.05,1.09,0.3888888888888889,0.40370370370370373,2.14
Florida,2020,1.04,1.15,0.3768115942028986,0.4166666666666667,2.19
Florida,2021,1.07,1.32,0.3590604026845638,0.4429530201342282,2.39
Florida,2022,1.04,1.37,0.348993288590604,0.45973154362416113,2.41
Florida,2023,1.0,1.4,0.3401360544217687,0.47619047619047616,2.4
Georgia,1977,1.03,1.19,0.4345991561181434,0.5021097046413502,2.2199999999999998
Georgia,1978,1.09,1.21,0.4395161290322581,0.4879032258064516,2.3
Georgia,1979,1.11,1.16,0.4549180327868853,0.47540983606557374,2.27
Georgia,1980,1.06,1.08,0.4549356223175966,0.46351931330472107,2.14
Georgia,1981,1.1,1.09,0.4621848739495799,0.45798319327731096,2.1900000000000004
Georgia,1982,1.12,1.04,0.47457627118644075,0.44067796610169496,2.16
Georgia,1983,1.14,1.06,0.47107438016528924,0.4380165289256199,2.2
Georgia,1984,1.18,1.06,0.4758064516129032,0.4274193548387097,2.24
Georgia,1985,1.17,1.01,0.47950819672131145,0.4139344262295082,2.1799999999999997
Georgia,1986,1.21,0.94,0.4979423868312757,0.38683127572016457,2.15
Georgia,1987,1.21,1.0,0.4879032258064516,0.40322580645161293,2.21
Georgia,1988,1.21,0.92,0.506276150627615,0.38493723849372385,2.13
Georgia,1989,1.18,0.94,0.5,0.3983050847457627,2.12
Georgia,1990,1.22,0.86,0.5281385281385281,0.3722943722943723,2.08
Georgia,1991,1.16,0.78,0.5345622119815668,0.35944700460829493,1.94
Georgia,1992,1.22,0.79,0.547085201793722,0.3542600896860987,2.01
Georgia,1993,1.23,0.77,0.5590909090909091,0.35,2.0
Georgia,1994,1.17,0.77,0.5467289719626167,0.3598130841121495,1.94
Georgia,1995,1.21,0.7,0.570754716981132,0.330188679245283,1.91
Georgia,1996,1.24,0.71,0.5688073394495412,0.32568807339449535,1.95
Georgia,1997,1.2,0.7,0.5633802816901409,0.32863849765258213,1.9
Georgia,1998,1.22,0.7,0.5674418604651162,0.3255813953488372,1.92
Georgia,1999,1.23,0.7,0.5642201834862385,0.3211009174311926,1.93
Georgia,2000,1.21,0.69,0.5601851851851851,0.3194444444444444,1.9
Georgia,2001,1.2,0.65,0.5687203791469194,0.3080568720379147,1.85
Georgia,2002,1.21,0.66,0.568075117370892,0.3098591549295775,1.87
Georgia,2003,1.2,0.66,0.5633802816901409,0.3098591549295775,1.8599999999999999
Georgia,2004,1.19,0.65,0.5639810426540285,0.3080568720379147,1.8399999999999999
Georgia,2005,1.17,0.64,0.5652173913043478,0.3091787439613527,1.81
Georgia,2006,1.19,0.65,0.5666666666666667,0.30952380952380953,1.8399999999999999
Georgia,2007,1.19,0.65,0.5666666666666667,0.30952380952380953,1.8399999999999999
Georgia,2008,1.16,0.65,0.5631067961165048,0.3155339805825243,1.81
Georgia,2009,1.11,0.65,0.5522388059701494,0.32338308457711445,1.7600000000000002
Georgia,2010,1.08,0.65,0.5454545454545455,0.3282828282828283,1.73
Georgia,2011,1.06,0.67,0.5353535353535354,0.3383838383838384,1.73
Georgia,2012,1.06,0.68,0.5326633165829145,0.3417085427135679,1.7400000000000002
Georgia,2013,1.03,0.69,0.5202020202020202,0.34848484848484845,1.72
Georgia,2014,1.02,0.69,0.5177664974619289,0.350253807106599,1.71
Georgia,2015,1.01,0.69,0.517948717948718,0.3538461538461538,1.7
Georgia,2016,0.99,0.7,0.5076923076923077,0.358974358974359,1.69
Georgia,2017,0.98,0.7,0.5077720207253886,0.3626943005181347,1.68
Georgia,2018,0.95,0.7,0.5,0.3684210526315789,1.65
Georgia,2019,0.94,0.72,0.49473684210526314,0.37894736842105264,1.66
Georgia,2020,0.93,0.74,0.48437500000000006,0.3854166666666667,1.67
Georgia,2021,0.93,0.81,0.465,0.405,1.7400000000000002
Georgia,2022,0.89,0.85,0.4472361809045226,0.4271356783919598,1.74
Georgia,2023,0.84,0.88,0.42857142857142855,0.4489795918367347,1.72
Hawaii,1977,1.55,1.21,0.4983922829581994,0.3890675241157556,2.76
Hawaii,1978,1.33,1.25,0.4403973509933775,0.4139072847682119,2.58
Hawaii,1979,1.51,1.21,0.48089171974522293,0.38535031847133755,2.7199999999999998
Hawaii,1980,1.64,1.2,0.49696969696969695,0.36363636363636365,2.84
Hawaii,1981,1.74,1.16,0.5209580838323353,0.3473053892215569,2.9
Hawaii,1982,1.8,1.14,0.5278592375366569,0.3343108504398827,2.94
Hawaii,1983,1.89,1.13,0.5478260869565217,0.32753623188405795,3.0199999999999996
Hawaii,1984,1.66,0.92,0.5551839464882943,0.3076923076923077,2.58
Hawaii,1985,1.61,0.88,0.5532646048109966,0.3024054982817869,2.49
Hawaii,1986,1.61,0.86,0.5532646048109966,0.29553264604810997,2.47
Hawaii,1987,1.59,0.77,0.5760869565217392,0.27898550724637683,2.3600000000000003
Hawaii,1988,1.64,0.8,0.5674740484429065,0.2768166089965398,2.44
Hawaii,1989,1.56,0.8,0.5591397849462366,0.2867383512544803,2.3600000000000003
Hawaii,1990,1.64,0.79,0.5774647887323944,0.27816901408450706,2.4299999999999997
Hawaii,1991,1.57,0.7,0.5880149812734082,0.26217228464419473,2.27
Hawaii,1992,1.55,0.69,0.5893536121673004,0.26235741444866917,2.24
Hawaii,1993,1.49,0.65,0.5936254980079682,0.25896414342629487,2.14
Hawaii,1994,1.46,0.62,0.5934959349593496,0.25203252032520324,2.08
Hawaii,1995,1.41,0.57,0.6077586206896551,0.24568965517241378,1.98
Hawaii,1996,1.4,0.58,0.5982905982905983,0.24786324786324787,1.98
Hawaii,1997,1.38,0.56,0.592274678111588,0.240343347639485,1.94
Hawaii,1998,1.32,0.54,0.5945945945945945,0.24324324324324323,1.86
Hawaii,1999,1.31,0.56,0.5796460176991152,0.24778761061946908,1.87
Hawaii,2000,1.33,0.6,0.5732758620689656,0.25862068965517243,1.9300000000000002
Hawaii,2001,1.3,0.6,0.5701754385964913,0.2631578947368421,1.9
Hawaii,2002,1.27,0.62,0.5570175438596492,0.2719298245614035,1.8900000000000001
Hawaii,2003,1.3,0.66,0.546218487394958,0.2773109243697479,1.96
Hawaii,2004,1.38,0.7,0.5519999999999999,0.27999999999999997,2.08
Hawaii,2005,1.3,0.72,0.5263157894736842,0.291497975708502,2.02
Hawaii,2006,1.28,0.77,0.5079365079365079,0.3055555555555556,2.05
Hawaii,2007,1.3,0.77,0.5098039215686275,0.3019607843137255,2.0700000000000003
Hawaii,2008,1.33,0.72,0.51953125,0.28125,2.05
Hawaii,2009,1.27,0.71,0.5100401606425703,0.2851405622489959,1.98
Hawaii,2010,1.25,0.71,0.5040322580645161,0.28629032258064513,1.96
Hawaii,2011,1.25,0.73,0.4980079681274901,0.2908366533864542,1.98
Hawaii,2012,1.25,0.75,0.4940711462450593,0.2964426877470356,2.0
Hawaii,2013,1.25,0.76,0.48828125,0.296875,2.01
Hawaii,2014,1.27,0.77,0.49034749034749037,0.2972972972972973,2.04
Hawaii,2015,1.28,0.77,0.49042145593869735,0.29501915708812265,2.05
Hawaii,2016,1.29,0.78,0.48863636363636365,0.29545454545454547,2.0700000000000003
Hawaii,2017,1.29,0.79,0.4849624060150376,0.29699248120300753,2.08
Hawaii,2018,1.28,0.79,0.48120300751879697,0.29699248120300753,2.0700000000000003
Hawaii,2019,1.29,0.8,0.48134328358208955,0.29850746268656714,2.09
Hawaii,2020,1.24,0.79,0.47328244274809156,0.3015267175572519,2.0300000000000002
Hawaii,2021,1.27,0.84,0.4703703703703703,0.31111111111111106,2.11
Hawaii,2022,1.24,0.87,0.4592592592592592,0.3222222222222222,2.11
Hawaii,2023,1.2,0.87,0.45454545454545453,0.32954545454545453,2.07
Idaho,1977,1.47,0.78,0.5951417004048583,0.3157894736842105,2.25
Idaho,1978,1.46,0.78,0.584,0.312,2.24
Idaho,1979,1.51,0.82,0.5807692307692307,0.3153846153846154,2.33
Idaho,1980,1.53,0.77,0.5907335907335908,0.2972972972972973,2.3
Idaho,1981,1.54,0.83,0.5724907063197027,0.30855018587360594,2.37
Idaho,1982,1.45,0.81,0.5642023346303502,0.31517509727626464,2.26
Idaho,1983,1.45,0.77,0.5753968253968254,0.3055555555555556,2.2199999999999998
Idaho,1984,1.41,0.72,0.5755102040816326,0.29387755102040813,2.13
Idaho,1985,1.36,0.71,0.5596707818930041,0.2921810699588477,2.0700000000000003
Idaho,1986,1.36,0.62,0.5738396624472574,0.26160337552742613,1.98
Idaho,1987,1.33,0.59,0.5757575757575758,0.25541125541125537,1.92
Idaho,1988,1.28,0.59,0.5714285714285714,0.2633928571428571,1.87
Idaho,1989,1.27,0.57,0.5879629629629629,0.26388888888888884,1.8399999999999999
Idaho,1990,1.36,0.58,0.5991189427312775,0.2555066079295154,1.94
Idaho,1991,1.31,0.56,0.5981735159817352,0.25570776255707767,1.87
Idaho,1992,1.32,0.57,0.6,0.25909090909090904,1.8900000000000001
Idaho,1993,1.26,0.55,0.5971563981042655,0.26066350710900477,1.81
Idaho,1994,1.24,0.53,0.5849056603773585,0.25,1.77
Idaho,1995,1.18,0.54,0.5870646766169154,0.2686567164179105,1.72
Idaho,1996,1.13,0.52,0.5765306122448979,0.2653061224489796,1.65
Idaho,1997,1.11,0.52,0.5692307692307693,0.26666666666666666,1.6300000000000001
Idaho,1998,1.15,0.51,0.5778894472361809,0.2562814070351759,1.66
Idaho,1999,1.09,0.52,0.47598253275109176,0.22707423580786026,1.61
Idaho,2000,1.13,0.52,0.49130434782608695,0.22608695652173916,1.65
Idaho,2001,1.14,0.53,0.49565217391304345,0.23043478260869568,1.67
Idaho,2002,1.16,0.53,0.49785407725321884,0.2274678111587983,1.69
Idaho,2003,1.15,0.55,0.4893617021276595,0.23404255319148937,1.7
Idaho,2004,1.14,0.57,0.4691358024691357,0.23456790123456786,1.71
Idaho,2005,1.11,0.61,0.4530612244897959,0.24897959183673468,1.7200000000000002
Idaho,2006,1.14,0.65,0.4505928853754941,0.25691699604743085,1.79
Idaho,2007,1.17,0.67,0.45348837209302323,0.2596899224806202,1.8399999999999999
Idaho,2008,1.15,0.69,0.43560606060606055,0.26136363636363635,1.8399999999999999
Idaho,2009,1.05,0.7,0.39325842696629215,0.26217228464419473,1.75
Idaho,2010,1.06,0.72,0.39552238805970147,0.26865671641791045,1.78
Idaho,2011,1.0,0.73,0.37735849056603776,0.27547169811320754,1.73
Idaho,2012,0.98,0.77,0.35379061371841153,0.2779783393501805,1.75
Idaho,2013,0.96,0.77,0.34163701067615654,0.27402135231316727,1.73
Idaho,2014,0.93,0.77,0.3297872340425532,0.2730496453900709,1.7000000000000002
Idaho,2015,0.94,0.79,0.32752613240418116,0.27526132404181186,1.73
Idaho,2016,0.92,0.81,0.31506849315068497,0.2773972602739726,1.73
Idaho,2017,0.9,0.82,0.30927835051546393,0.28178694158075596,1.72
Idaho,2018,0.9,0.83,0.30612244897959184,0.282312925170068,1.73
Idaho,2019,0.87,0.85,0.4264705882352941,0.41666666666666663,1.72
Idaho,2020,0.82,0.93,0.39805825242718446,0.45145631067961167,1.75
Idaho,2021,0.79,0.92,0.3930348258706468,0.45771144278606973,1.71
Idaho,2022,0.74,0.88,0.387434554973822,0.46073298429319376,1.62
Idaho,2023,0.69,0.85,0.3791208791208791,0.467032967032967,1.54
Illinois,1977,1.32,1.2,0.4680851063829788,0.425531914893617,2.52
Illinois,1978,1.35,1.17,0.47703180212014135,0.41342756183745577,2.52
Illinois,1979,1.42,1.15,0.4913494809688581,0.3979238754325259,2.57
Illinois,1980,1.42,1.23,0.4749163879598662,0.41137123745819393,2.65
Illinois,1981,1.44,1.12,0.49484536082474223,0.3848797250859107,2.56
Illinois,1982,1.42,1.07,0.5,0.37676056338028174,2.49
Illinois,1983,1.43,1.03,0.5070921985815603,0.36524822695035464,2.46
Illinois,1984,1.41,1.02,0.5035714285714286,0.3642857142857143,2.4299999999999997
Illinois,1985,1.39,0.99,0.5036231884057971,0.3586956521739131,2.38
Illinois,1986,1.42,0.91,0.5220588235294117,0.33455882352941174,2.33
Illinois,1987,1.43,0.88,0.5276752767527675,0.3247232472324723,2.31
Illinois,1988,1.45,0.87,0.537037037037037,0.3222222222222222,2.32
Illinois,1989,1.42,0.85,0.5399239543726235,0.3231939163498099,2.27
Illinois,1990,1.43,0.82,0.5458015267175572,0.3129770992366412,2.25
Illinois,1991,1.38,0.76,0.5564516129032258,0.3064516129032258,2.1399999999999997
Illinois,1992,1.34,0.74,0.551440329218107,0.3045267489711934,2.08
Illinois,1993,1.32,0.72,0.5546218487394958,0.3025210084033613,2.04
Illinois,1994,1.32,0.69,0.5617021276595745,0.2936170212765957,2.01
Illinois,1995,1.3,0.66,0.5676855895196506,0.28820960698689957,1.96
Illinois,1996,1.27,0.68,0.5521739130434783,0.29565217391304355,1.9500000000000002
Illinois,1997,1.26,0.65,0.5575221238938054,0.2876106194690266,1.9100000000000001
Illinois,1998,1.27,0.64,0.5644444444444444,0.28444444444444444,1.9100000000000001
Illinois,1999,1.29,0.66,0.5682819383259912,0.29074889867841414,1.9500000000000002
Illinois,2000,1.28,0.63,0.5714285714285714,0.28125,1.9100000000000001
Illinois,2001,1.27,0.68,0.5570175438596492,0.29824561403508776,1.9500000000000002
Illinois,2002,1.28,0.65,0.5663716814159293,0.2876106194690266,1.9300000000000002
Illinois,2003,1.26,0.74,0.5338983050847458,0.3135593220338983,2.0
Illinois,2004,1.24,0.67,0.5585585585585585,0.3018018018018018,1.9100000000000001
Illinois,2005,1.23,0.71,0.537117903930131,0.31004366812227074,1.94
Illinois,2006,1.24,0.74,0.5276595744680851,0.3148936170212766,1.98
Illinois,2007,1.24,0.74,0.5210084033613446,0.31092436974789917,1.98
Illinois,2008,1.23,0.74,0.5256410256410257,0.3162393162393163,1.97
Illinois,2009,1.24,0.73,0.5254237288135594,0.3093220338983051,1.97
Illinois,2010,1.22,0.74,0.5191489361702127,0.3148936170212766,1.96
Illinois,2011,1.19,0.75,0.5063829787234042,0.3191489361702127,1.94
Illinois,2012,1.15,0.77,0.4893617021276595,0.3276595744680851,1.92
Illinois,2013,1.13,0.77,0.4849785407725321,0.33047210300429186,1.9
Illinois,2014,1.12,0.78,0.48275862068965525,0.3362068965517242,1.9000000000000001
Illinois,2015,1.12,0.8,0.47457627118644075,0.33898305084745767,1.9200000000000002
Illinois,2016,1.12,0.77,0.48484848484848486,0.3333333333333333,1.8900000000000001
Illinois,2017,1.1,0.83,0.4621848739495799,0.3487394957983193,1.9300000000000002
Illinois,2018,1.08,0.85,0.45188284518828453,0.35564853556485354,1.9300000000000002
Illinois,2019,1.07,0.88,0.44398340248962653,0.3651452282157676,1.9500000000000002
Illinois,2020,1.03,0.89,0.4309623430962343,0.3723849372384937,1.92
Illinois,2021,1.04,0.95,0.42105263157894735,0.3846153846153846,1.99
Illinois,2022,1.0,0.94,0.4132231404958678,0.3884297520661157,1.94
Illinois,2023,0.97,0.93,0.405857740585774,0.3891213389121339,1.9
Indiana,1977,1.13,0.77,0.5566502463054187,0.37931034482758624,1.9
Indiana,1978,1.18,0.78,0.5566037735849056,0.36792452830188677,1.96
Indiana,1979,1.21,0.78,0.5627906976744186,0.3627906976744186,1.99
Indiana,1980,1.26,0.77,0.5701357466063348,0.3484162895927602,2.0300000000000002
Indiana,1981,1.29,0.78,0.5758928571428571,0.3482142857142857,2.0700000000000003
Indiana,1982,1.29,0.76,0.5758928571428571,0.33928571428571425,2.05
Indiana,1983,1.28,0.73,0.5818181818181818,0.3318181818181818,2.01
Indiana,1984,1.27,0.73,0.574660633484163,0.33031674208144796,2.0
Indiana,1985,1.26,0.73,0.5727272727272726,0.3318181818181818,1.99
Indiana,1986,1.26,0.67,0.5806451612903226,0.30875576036866365,1.9300000000000002
Indiana,1987,1.26,0.67,0.5833333333333333,0.3101851851851852,1.9300000000000002
Indiana,1988,1.25,0.67,0.5868544600938967,0.3145539906103287,1.92
Indiana,1989,1.23,0.64,0.5942028985507247,0.3091787439613527,1.87
Indiana,1990,1.26,0.63,0.6028708133971292,0.3014354066985646,1.8900000000000001
Indiana,1991,1.22,0.6,0.61,0.3,1.8199999999999998
Indiana,1992,1.16,0.58,0.5948717948717949,0.29743589743589743,1.7399999999999998
Indiana,1993,1.15,0.64,0.5808080808080808,0.32323232323232326,1.79
Indiana,1994,1.15,0.59,0.5927835051546392,0.30412371134020616,1.7399999999999998
Indiana,1995,1.14,0.58,0.59375,0.3020833333333333,1.7199999999999998
Indiana,1996,1.09,0.57,0.5860215053763441,0.30645161290322576,1.6600000000000001
Indiana,1997,1.09,0.59,0.5891891891891892,0.3189189189189189,1.6800000000000002
Indiana,1998,1.14,0.58,0.5968586387434555,0.3036649214659686,1.7199999999999998
Indiana,1999,1.16,0.59,0.5979381443298969,0.30412371134020616,1.75
Indiana,2000,1.16,0.61,0.5858585858585859,0.30808080808080807,1.77
Indiana,2001,1.15,0.62,0.586734693877551,0.3163265306122449,1.77
Indiana,2002,1.13,0.6,0.5854922279792746,0.31088082901554404,1.73
Indiana,2003,1.11,0.64,0.5663265306122449,0.326530612244898,1.75
Indiana,2004,1.14,0.65,0.5671641791044776,0.32338308457711445,1.79
Indiana,2005,1.11,0.68,0.5522388059701494,0.33830845771144286,1.79
Indiana,2006,1.09,0.66,0.545,0.33,1.75
Indiana,2007,1.13,0.72,0.5406698564593301,0.3444976076555024,1.8499999999999999
Indiana,2008,1.1,0.73,0.5288461538461539,0.35096153846153844,1.83
Indiana,2009,1.08,0.72,0.5268292682926831,0.351219512195122,1.8
Indiana,2010,1.03,0.74,0.5073891625615764,0.36453201970443355,1.77
Indiana,2011,1.02,0.73,0.504950495049505,0.3613861386138614,1.75
Indiana,2012,1.02,0.79,0.49038461538461536,0.3798076923076923,1.81
Indiana,2013,1.0,0.81,0.47846889952153115,0.38755980861244027,1.81
Indiana,2014,0.98,0.8,0.4780487804878049,0.39024390243902446,1.78
Indiana,2015,0.98,0.88,0.4579439252336448,0.411214953271028,1.8599999999999999
Indiana,2016,0.98,0.89,0.45161290322580644,0.41013824884792627,1.87
Indiana,2017,0.97,0.85,0.45971563981042657,0.4028436018957346,1.8199999999999998
Indiana,2018,0.96,0.9,0.44651162790697674,0.4186046511627907,1.8599999999999999
Indiana,2019,0.96,0.94,0.4363636363636363,0.4272727272727272,1.9
Indiana,2020,0.94,1.06,0.4034334763948498,0.4549356223175966,2.0
Indiana,2021,0.95,1.04,0.40948275862068967,0.4482758620689656,1.99
Indiana,2022,0.95,1.01,0.40948275862068967,0.4353448275862069,1.96
Indiana,2023,0.85,1.02,0.3811659192825112,0.45739910313901344,1.87
Iowa,1977,1.33,0.74,0.6129032258064516,0.34101382488479265,2.0700000000000003
Iowa,1978,1.38,0.74,0.6188340807174888,0.33183856502242154,2.12
Iowa,1979,1.4,0.71,0.6306306306306305,0.3198198198198198,2.11
Iowa,1980,1.41,0.71,0.6266666666666666,0.31555555555555553,2.12
Iowa,1981,1.44,0.69,0.6371681415929203,0.30530973451327437,2.13
Iowa,1982,1.4,0.65,0.639269406392694,0.29680365296803657,2.05
Iowa,1983,1.4,0.65,0.6422018348623852,0.2981651376146789,2.05
Iowa,1984,1.39,0.62,0.6525821596244131,0.2910798122065728,2.01
Iowa,1985,1.33,0.58,0.6456310679611651,0.2815533980582524,1.9100000000000001
Iowa,1986,1.35,0.54,0.645933014354067,0.2583732057416268,1.8900000000000001
Iowa,1987,1.34,0.59,0.6261682242990654,0.2757009345794392,1.9300000000000002
Iowa,1988,1.32,0.53,0.6407766990291263,0.25728155339805825,1.85
Iowa,1989,1.3,0.52,0.6467661691542289,0.2587064676616916,1.82
Iowa,1990,1.34,0.54,0.6504854368932039,0.2621359223300971,1.8800000000000001
Iowa,1991,1.32,0.52,0.6567164179104479,0.2587064676616916,1.84
Iowa,1992,1.31,0.46,0.6894736842105263,0.24210526315789477,1.77
Iowa,1993,1.28,0.48,0.6844919786096256,0.2566844919786096,1.76
Iowa,1994,1.3,0.44,0.7065217391304348,0.23913043478260868,1.74
Iowa,1995,1.26,0.44,0.7,0.24444444444444444,1.7
Iowa,1996,1.28,0.45,0.6918918918918918,0.24324324324324323,1.73
Iowa,1997,1.28,0.45,0.6918918918918918,0.24324324324324323,1.73
Iowa,1998,1.31,0.46,0.6894736842105263,0.24210526315789477,1.77
Iowa,1999,1.34,0.48,0.6871794871794872,0.24615384615384614,1.82
Iowa,2000,1.35,0.5,0.6818181818181819,0.25252525252525254,1.85
Iowa,2001,1.36,0.5,0.6834170854271358,0.25125628140703515,1.86
Iowa,2002,1.38,0.51,0.676470588235294,0.25,1.89
Iowa,2003,1.38,0.54,0.6666666666666666,0.26086956521739135,1.92
Iowa,2004,1.39,0.57,0.6556603773584905,0.2688679245283018,1.96
Iowa,2005,1.4,0.61,0.648148148148148,0.2824074074074074,2.01
Iowa,2006,1.39,0.65,0.6318181818181817,0.2954545454545454,2.04
Iowa,2007,1.41,0.67,0.6266666666666666,0.2977777777777778,2.08
Iowa,2008,1.43,0.7,0.6217391304347827,0.30434782608695654,2.13
Iowa,2009,1.42,0.72,0.6147186147186147,0.3116883116883117,2.1399999999999997
Iowa,2010,1.39,0.73,0.6043478260869565,0.3173913043478261,2.12
Iowa,2011,1.38,0.78,0.5822784810126581,0.3291139240506329,2.16
Iowa,2012,1.36,0.81,0.5666666666666668,0.3375,2.17
Iowa,2013,1.33,0.79,0.5683760683760685,0.33760683760683763,2.12
Iowa,2014,1.34,0.81,0.5654008438818565,0.34177215189873417,2.1500000000000004
Iowa,2015,1.31,0.83,0.5550847457627119,0.3516949152542373,2.14
Iowa,2016,1.3,0.87,0.5416666666666667,0.3625,2.17
Iowa,2017,1.27,0.89,0.5291666666666667,0.37083333333333335,2.16
Iowa,2018,1.24,0.92,0.5188284518828452,0.38493723849372385,2.16
Iowa,2019,1.24,0.92,0.5210084033613446,0.3865546218487395,2.16
Iowa,2020,1.25,1.0,0.5040322580645161,0.40322580645161293,2.25
Iowa,2021,1.24,1.02,0.4979919678714859,0.40963855421686746,2.26
Iowa,2022,1.19,0.99,0.49790794979079495,0.4142259414225941,2.1799999999999997
Iowa,2023,1.16,0.97,0.49785407725321884,0.41630901287553645,2.13
Kansas,1977,1.14,0.65,0.6,0.34210526315789475,1.79
Kansas,1978,1.15,0.65,0.6020942408376964,0.3403141361256545,1.7999999999999998
Kansas,1979,1.19,0.74,0.5833333333333333,0.3627450980392157,1.93
Kansas,1980,1.22,0.61,0.6256410256410256,0.3128205128205128,1.83
Kansas,1981,1.23,0.7,0.6000000000000001,0.34146341463414637,1.93
Kansas,1982,1.22,0.67,0.6009852216748769,0.3300492610837439,1.8900000000000001
Kansas,1983,1.2,0.64,0.6091370558375634,0.32487309644670054,1.8399999999999999
Kansas,1984,1.19,0.63,0.6071428571428571,0.32142857142857145,1.8199999999999998
Kansas,1985,1.18,0.64,0.5989847715736041,0.32487309644670054,1.8199999999999998
Kansas,1986,1.14,0.6,0.5968586387434555,0.31413612565445026,1.7399999999999998
Kansas,1987,1.14,0.57,0.6063829787234042,0.3031914893617021,1.71
Kansas,1988,1.13,0.57,0.5885416666666666,0.296875,1.6999999999999997
Kansas,1989,1.13,0.55,0.6243093922651933,0.30386740331491713,1.68
Kansas,1990,1.13,0.53,0.6312849162011173,0.29608938547486036,1.66
Kansas,1991,1.15,0.57,0.6216216216216215,0.30810810810810807,1.7199999999999998
Kansas,1992,1.09,0.55,0.6123595505617978,0.30898876404494385,1.6400000000000001
Kansas,1993,1.09,0.52,0.6228571428571429,0.29714285714285715,1.61
Kansas,1994,1.12,0.48,0.647398843930636,0.2774566473988439,1.6
Kansas,1995,1.04,0.5,0.6265060240963856,0.30120481927710846,1.54
Kansas,1996,1.04,0.49,0.6303030303030304,0.296969696969697,1.53
Kansas,1997,1.08,0.48,0.6467065868263474,0.2874251497005988,1.56
Kansas,1998,1.08,0.54,0.6136363636363636,0.3068181818181818,1.62
Kansas,1999,1.12,0.54,0.6187845303867404,0.2983425414364641,1.6600000000000001
Kansas,2000,1.13,0.53,0.6208791208791208,0.29120879120879123,1.66
Kansas,2001,1.12,0.53,0.6222222222222222,0.29444444444444445,1.6500000000000001
Kansas,2002,1.19,0.54,0.6329787234042553,0.2872340425531915,1.73
Kansas,2003,1.16,0.56,0.6137566137566137,0.29629629629629634,1.72
Kansas,2004,1.14,0.56,0.6129032258064515,0.3010752688172043,1.7
Kansas,2005,1.14,0.57,0.6031746031746031,0.30158730158730157,1.71
Kansas,2006,1.14,0.61,0.5876288659793814,0.31443298969072164,1.75
Kansas,2007,1.17,0.64,0.596938775510204,0.326530612244898,1.81
Kansas,2008,1.22,0.65,0.6069651741293532,0.32338308457711445,1.87
Kansas,2009,1.18,0.67,0.592964824120603,0.33668341708542715,1.85
Kansas,2010,1.13,0.68,0.5794871794871794,0.34871794871794876,1.81
Kansas,2011,1.07,0.69,0.5631578947368422,0.36315789473684207,1.76
Kansas,2012,1.09,0.72,0.558974358974359,0.36923076923076925,1.81
Kansas,2013,0.99,0.76,0.5265957446808511,0.4042553191489362,1.75
Kansas,2014,1.04,0.75,0.538860103626943,0.38860103626943004,1.79
Kansas,2015,1.03,0.74,0.5392670157068064,0.387434554973822,1.77
Kansas,2016,1.02,0.75,0.53125,0.390625,1.77
Kansas,2017,1.03,0.8,0.5202020202020202,0.4040404040404041,1.83
Kansas,2018,0.99,0.79,0.515625,0.41145833333333337,1.78
Kansas,2019,1.02,0.82,0.5151515151515151,0.41414141414141414,1.8399999999999999
Kansas,2020,1.07,0.89,0.5071090047393365,0.4218009478672986,1.96
Kansas,2021,1.11,0.93,0.5068493150684932,0.4246575342465754,2.04
Kansas,2022,1.06,0.99,0.4796380090497738,0.4479638009049774,2.05
Kansas,2023,1.03,0.95,0.48356807511737093,0.4460093896713615,1.98
Kentucky,1977,1.16,0.73,0.5858585858585859,0.3686868686868687,1.89
Kentucky,1978,1.04,0.75,0.5531914893617021,0.398936170212766,1.79
Kentucky,1979,1.07,0.75,0.5602094240837697,0.39267015706806285,1.82
Kentucky,1980,1.08,0.73,0.5654450261780105,0.38219895287958117,1.81
Kentucky,1981,1.13,0.75,0.5678391959798994,0.3768844221105528,1.88
Kentucky,1982,1.14,0.72,0.5728643216080401,0.36180904522613067,1.8599999999999999
Kentucky,1983,1.13,0.7,0.5794871794871794,0.358974358974359,1.8299999999999998
Kentucky,1984,1.06,0.68,0.5668449197860963,0.36363636363636365,1.7400000000000002
Kentucky,1985,1.08,0.66,0.574468085106383,0.3510638297872341,1.7400000000000002
Kentucky,1986,1.1,0.63,0.5913978494623656,0.3387096774193548,1.73
Kentucky,1987,1.04,0.6,0.5842696629213483,0.33707865168539325,1.6400000000000001
Kentucky,1988,1.1,0.6,0.6043956043956045,0.32967032967032966,1.7000000000000002
Kentucky,1989,1.09,0.57,0.6089385474860336,0.3184357541899441,1.6600000000000001
Kentucky,1990,1.12,0.6,0.6120218579234973,0.32786885245901637,1.7200000000000002
Kentucky,1991,1.11,0.56,0.6235955056179776,0.31460674157303375,1.6700000000000002
Kentucky,1992,1.04,0.56,0.608187134502924,0.3274853801169591,1.6
Kentucky,1993,1.08,0.55,0.6242774566473989,0.3179190751445087,1.6300000000000001
Kentucky,1994,1.08,0.55,0.6242774566473989,0.3179190751445087,1.6300000000000001
Kentucky,1995,1.06,0.54,0.6198830409356726,0.31578947368421056,1.6
Kentucky,1996,1.09,0.54,0.6193181818181819,0.3068181818181818,1.6300000000000001
Kentucky,1997,1.07,0.53,0.622093023255814,0.308139534883721,1.6
Kentucky,1998,1.08,0.53,0.6206896551724138,0.3045977011494253,1.61
Kentucky,1999,1.07,0.54,0.6149425287356323,0.3103448275862069,1.61
Kentucky,2000,1.07,0.53,0.6149425287356323,0.3045977011494253,1.6
Kentucky,2001,1.04,0.46,0.638036809815951,0.28220858895705525,1.5
Kentucky,2002,1.08,0.54,0.6101694915254238,0.3050847457627119,1.62
Kentucky,2003,1.03,0.57,0.5885714285714286,0.3257142857142857,1.6
Kentucky,2004,1.07,0.57,0.5911602209944752,0.3149171270718232,1.6400000000000001
Kentucky,2005,1.04,0.61,0.5777777777777778,0.33888888888888885,1.65
Kentucky,2006,1.04,0.62,0.5714285714285714,0.34065934065934067,1.6600000000000001
Kentucky,2007,1.04,0.63,0.5621621621621622,0.3405405405405405,1.67
Kentucky,2008,1.03,0.65,0.5567567567567567,0.35135135135135137,1.6800000000000002
Kentucky,2009,1.02,0.65,0.5513513513513514,0.35135135135135137,1.67
Kentucky,2010,1.0,0.66,0.5464480874316939,0.36065573770491804,1.6600000000000001
Kentucky,2011,0.94,0.66,0.5251396648044693,0.3687150837988827,1.6
Kentucky,2012,0.97,0.7,0.5187165775401069,0.374331550802139,1.67
Kentucky,2013,0.95,0.7,0.5135135135135135,0.37837837837837834,1.65
Kentucky,2014,0.94,0.72,0.5,0.3829787234042553,1.66
Kentucky,2015,0.99,0.76,0.5025380710659898,0.38578680203045684,1.75
Kentucky,2016,0.96,0.79,0.48484848484848486,0.398989898989899,1.75
Kentucky,2017,0.94,0.82,0.47715736040609136,0.416243654822335,1.7599999999999998
Kentucky,2018,0.93,0.81,0.47692307692307695,0.4153846153846154,1.7400000000000002
Kentucky,2019,0.88,0.91,0.43564356435643564,0.4504950495049505,1.79
Kentucky,2020,0.9,0.97,0.42452830188679247,0.4575471698113207,1.87
Kentucky,2021,0.97,1.05,0.4311111111111111,0.4666666666666667,2.02
Kentucky,2022,0.93,1.06,0.42081447963800905,0.4796380090497738,1.9900000000000002
Kentucky,2023,0.87,1.06,0.40654205607476634,0.4953271028037383,1.9300000000000002
Louisiana,1977,1.27,1.0,0.5059760956175299,0.39840637450199207,2.27
Louisiana,1978,1.32,1.04,0.5076923076923077,0.4,2.3600000000000003
Louisiana,1979,1.32,1.04,0.5057471264367817,0.3984674329501916,2.3600000000000003
Louisiana,1980,1.4,1.03,0.5185185185185185,0.3814814814814815,2.4299999999999997
Louisiana,1981,1.49,1.02,0.5340501792114696,0.3655913978494624,2.51
Louisiana,1982,1.49,1.0,0.5359712230215827,0.3597122302158274,2.49
Louisiana,1983,1.44,1.03,0.51985559566787,0.37184115523465705,2.4699999999999998
Louisiana,1984,1.42,0.95,0.5338345864661653,0.3571428571428571,2.37
Louisiana,1985,1.37,0.87,0.5436507936507937,0.34523809523809523,2.24
Louisiana,1986,1.42,0.79,0.5748987854251011,0.3198380566801619,2.21
Louisiana,1987,1.4,0.77,0.5809128630705394,0.31950207468879666,2.17
Louisiana,1988,1.49,0.71,0.610655737704918,0.29098360655737704,2.2
Louisiana,1989,1.47,0.74,0.6,0.30204081632653057,2.21
Louisiana,1990,1.53,0.78,0.6023622047244095,0.30708661417322836,2.31
Louisiana,1991,1.52,0.73,0.6178861788617886,0.2967479674796748,2.25
Louisiana,1992,1.55,0.74,0.6175298804780878,0.2948207171314741,2.29
Louisiana,1993,1.53,0.72,0.6194331983805668,0.291497975708502,2.25
Louisiana,1994,1.45,0.73,0.606694560669456,0.305439330543933,2.1799999999999997
Louisiana,1995,1.51,0.73,0.6138211382113822,0.2967479674796748,2.24
Louisiana,1996,1.52,0.72,0.6178861788617886,0.2926829268292683,2.24
Louisiana,1997,1.51,0.71,0.6188524590163934,0.29098360655737704,2.2199999999999998
Louisiana,1998,1.48,0.7,0.6166666666666667,0.2916666666666667,2.1799999999999997
Louisiana,1999,1.52,0.69,0.6204081632653061,0.2816326530612244,2.21
Louisiana,2000,1.51,0.7,0.6188524590163934,0.28688524590163933,2.21
Louisiana,2001,1.49,0.69,0.6182572614107883,0.2863070539419087,2.1799999999999997
Louisiana,2002,1.32,0.7,0.5840707964601771,0.30973451327433627,2.02
Louisiana,2003,1.41,0.72,0.592436974789916,0.3025210084033613,2.13
Louisiana,2004,1.38,0.73,0.5847457627118644,0.3093220338983051,2.11
Louisiana,2005,1.47,0.71,0.6099585062240663,0.29460580912863066,2.1799999999999997
Louisiana,2006,1.59,0.78,0.6045627376425856,0.2965779467680609,2.37
Louisiana,2007,1.57,0.81,0.5902255639097744,0.30451127819548873,2.38
Louisiana,2008,1.55,0.83,0.5871212121212122,0.31439393939393934,2.38
Louisiana,2009,1.5,0.85,0.5703422053231939,0.3231939163498099,2.35
Louisiana,2010,1.42,0.84,0.5568627450980392,0.32941176470588235,2.26
Louisiana,2011,1.39,0.88,0.5408560311284046,0.3424124513618677,2.27
Louisiana,2012,1.38,0.9,0.5328185328185328,0.3474903474903475,2.28
Louisiana,2013,1.34,0.93,0.5173745173745175,0.35907335907335913,2.27
Louisiana,2014,1.3,0.96,0.5019305019305019,0.37065637065637064,2.26
Louisiana,2015,1.27,0.98,0.49034749034749037,0.3783783783783784,2.25
Louisiana,2016,1.25,1.0,0.48262548262548266,0.3861003861003861,2.25
Louisiana,2017,1.24,1.0,0.48249027237354086,0.38910505836575876,2.24
Louisiana,2018,1.23,0.99,0.4823529411764706,0.38823529411764707,2.2199999999999998
Louisiana,2019,1.22,1.01,0.4765625,0.39453125,2.23
Louisiana,2020,1.24,1.01,0.4787644787644788,0.38996138996138996,2.25
Louisiana,2021,1.26,1.16,0.4565217391304348,0.42028985507246375,2.42
Louisiana,2022,1.24,1.21,0.4460431654676259,0.4352517985611511,2.45
Louisiana,2023,1.21,1.17,0.44981412639405205,0.43494423791821557,2.38
Maine,1977,1.35,1.02,0.5192307692307693,0.3923076923076923,2.37
Maine,1978,1.28,1.03,0.49805447470817127,0.40077821011673154,2.31
Maine,1979,1.27,1.05,0.49034749034749037,0.40540540540540543,2.3200000000000003
Maine,1980,1.32,1.06,0.49624060150375937,0.39849624060150374,2.38
Maine,1981,1.24,1.05,0.48249027237354086,0.40856031128404674,2.29
Maine,1982,1.3,1.02,0.4961832061068702,0.3893129770992366,2.3200000000000003
Maine,1983,1.32,1.03,0.5,0.39015151515151514,2.35
Maine,1984,1.25,1.02,0.4863813229571985,0.39688715953307396,2.27
Maine,1985,1.29,0.94,0.50390625,0.36718749999999994,2.23
Maine,1986,1.29,0.92,0.5019455252918288,0.3579766536964981,2.21
Maine,1987,1.27,0.91,0.49609375,0.35546875,2.18
Maine,1988,1.29,0.91,0.5058823529411766,0.3568627450980393,2.2
Maine,1989,1.26,0.86,0.5121951219512195,0.34959349593495936,2.12
Maine,1990,1.21,0.82,0.5170940170940171,0.3504273504273504,2.03
Maine,1991,1.18,0.77,0.5244444444444444,0.3422222222222222,1.95
Maine,1992,1.16,0.78,0.5201793721973094,0.34977578475336324,1.94
Maine,1993,1.15,0.79,0.518018018018018,0.35585585585585583,1.94
Maine,1994,1.13,0.77,0.5183486238532109,0.3532110091743119,1.9
Maine,1995,1.14,0.7,0.5377358490566037,0.330188679245283,1.8399999999999999
Maine,1996,1.21,0.69,0.545045045045045,0.31081081081081074,1.9
Maine,1997,1.16,0.68,0.537037037037037,0.3148148148148148,1.8399999999999999
Maine,1998,1.14,0.69,0.5253456221198156,0.31797235023041476,1.8299999999999998
Maine,1999,1.16,0.69,0.5248868778280543,0.31221719457013575,1.8499999999999999
Maine,2000,1.17,0.68,0.5246636771300448,0.304932735426009,1.85
Maine,2001,1.21,0.7,0.5307017543859649,0.30701754385964913,1.91
Maine,2002,1.23,0.7,0.5278969957081545,0.3004291845493562,1.93
Maine,2003,1.25,0.74,0.5230125523012552,0.30962343096234307,1.99
Maine,2004,1.26,0.76,0.5163934426229508,0.3114754098360656,2.02
Maine,2005,1.34,0.77,0.5317460317460317,0.3055555555555556,2.1100000000000003
Maine,2006,1.34,0.78,0.5275590551181103,0.30708661417322836,2.12
Maine,2007,1.35,0.8,0.5252918287937743,0.31128404669260706,2.1500000000000004
Maine,2008,1.33,0.81,0.51953125,0.31640625,2.14
Maine,2009,1.31,0.82,0.5137254901960785,0.3215686274509804,2.13
Maine,2010,1.3,0.84,0.5078125,0.328125,2.14
Maine,2011,1.31,0.87,0.5038461538461538,0.3346153846153846,2.18
Maine,2012,1.34,0.89,0.5056603773584906,0.3358490566037736,2.23
Maine,2013,1.36,0.91,0.5055762081784387,0.33828996282527884,2.27
Maine,2014,1.36,0.93,0.5018450184501846,0.34317343173431736,2.29
Maine,2015,1.37,0.97,0.49280575539568355,0.3489208633093525,2.34
Maine,2016,1.36,1.01,0.4839857651245552,0.3594306049822064,2.37
Maine,2017,1.35,1.06,0.4736842105263158,0.3719298245614035,2.41
Maine,2018,1.34,1.07,0.47017543859649125,0.37543859649122807,2.41
Maine,2019,1.35,1.11,0.4655172413793104,0.3827586206896552,2.46
Maine,2020,1.34,1.18,0.45270270270270274,0.39864864864864863,2.52
Maine,2021,1.34,1.2,0.44966442953020136,0.40268456375838924,2.54
Maine,2022,1.28,1.18,0.4429065743944637,0.4083044982698962,2.46
Maine,2023,1.21,1.16,0.4336917562724014,0.4157706093189964,2.37
Maryland,1977,1.36,1.38,0.44590163934426236,0.4524590163934426,2.74
Maryland,1978,1.4,1.38,0.45307443365695793,0.4466019417475728,2.78
Maryland,1979,1.43,1.39,0.45686900958466453,0.4440894568690096,2.82
Maryland,1980,1.41,1.35,0.45779220779220775,0.4383116883116883,2.76
Maryland,1981,1.39,1.33,0.45424836601307184,0.434640522875817,2.7199999999999998
Maryland,1982,1.27,1.16,0.46014492753623193,0.42028985507246375,2.4299999999999997
Maryland,1983,1.34,1.2,0.46366782006920415,0.41522491349480967,2.54
Maryland,1984,1.31,1.17,0.46126760563380287,0.4119718309859155,2.48
Maryland,1985,1.3,1.14,0.46428571428571436,0.40714285714285714,2.44
Maryland,1986,1.28,1.07,0.46886446886446886,0.391941391941392,2.35
Maryland,1987,1.28,1.06,0.4723247232472325,0.3911439114391144,2.34
Maryland,1988,1.24,1.0,0.4769230769230769,0.3846153846153846,2.24
Maryland,1989,1.2,0.97,0.47619047619047616,0.3849206349206349,2.17
Maryland,1990,1.22,0.96,0.4860557768924303,0.38247011952191234,2.1799999999999997
Maryland,1991,1.15,0.89,0.4935622317596566,0.38197424892703863,2.04
Maryland,1992,1.11,0.86,0.4911504424778762,0.38053097345132747,1.9700000000000002
Maryland,1993,1.1,0.8,0.5022831050228311,0.36529680365296807,1.9000000000000001
Maryland,1994,1.09,0.78,0.5069767441860465,0.3627906976744186,1.87
Maryland,1995,1.07,0.74,0.5119617224880384,0.35406698564593303,1.81
Maryland,1996,1.05,0.74,0.5048076923076923,0.3557692307692307,1.79
Maryland,1997,1.08,0.73,0.5118483412322276,0.3459715639810427,1.81
Maryland,1998,1.05,0.73,0.5048076923076923,0.35096153846153844,1.78
Maryland,1999,1.04,0.74,0.5,0.3557692307692307,1.78
Maryland,2000,1.04,0.75,0.4976076555023924,0.35885167464114837,1.79
Maryland,2001,1.06,0.75,0.5023696682464456,0.35545023696682465,1.81
Maryland,2002,1.06,0.76,0.5,0.3584905660377358,1.82
Maryland,2003,1.03,0.77,0.4858490566037736,0.3632075471698113,1.8
Maryland,2004,1.03,0.79,0.4790697674418605,0.3674418604651163,1.82
Maryland,2005,1.02,0.81,0.4722222222222222,0.375,1.83
Maryland,2006,1.01,0.83,0.4633027522935779,0.3807339449541284,1.8399999999999999
Maryland,2007,1.01,0.84,0.45909090909090905,0.3818181818181818,1.85
Maryland,2008,0.99,0.84,0.452054794520548,0.3835616438356164,1.83
Maryland,2009,0.96,0.86,0.4383561643835616,0.3926940639269406,1.8199999999999998
Maryland,2010,0.94,0.89,0.4253393665158371,0.40271493212669685,1.83
Maryland,2011,0.92,0.89,0.4200913242009133,0.406392694063927,1.81
Maryland,2012,0.91,0.9,0.411764705882353,0.4072398190045249,1.81
Maryland,2013,0.89,0.9,0.40825688073394495,0.4128440366972477,1.79
Maryland,2014,0.86,0.9,0.4,0.4186046511627907,1.76
Maryland,2015,0.85,0.9,0.397196261682243,0.4205607476635514,1.75
Maryland,2016,0.83,0.92,0.3842592592592592,0.42592592592592593,1.75
Maryland,2017,0.82,0.92,0.3831775700934579,0.42990654205607476,1.74
Maryland,2018,0.78,0.91,0.375,0.4375,1.69
Maryland,2019,0.74,0.9,0.36453201970443355,0.44334975369458135,1.6400000000000001
Maryland,2020,0.76,0.96,0.3584905660377358,0.45283018867924524,1.72
Maryland,2021,0.76,1.05,0.3438914027149321,0.47511312217194573,1.81
Maryland,2022,0.63,1.13,0.3,0.5380952380952381,1.7599999999999998
Maryland,2023,0.67,1.17,0.3073394495412844,0.5366972477064219,1.8399999999999999
Massachusetts,1977,1.35,1.25,0.45454545454545453,0.42087542087542085,2.6
Massachusetts,1978,1.38,1.26,0.4524590163934426,0.4131147540983607,2.6399999999999997
Massachusetts,1979,1.4,1.24,0.4560260586319218,0.40390879478827363,2.6399999999999997
Massachusetts,1980,1.46,1.26,0.45911949685534587,0.3962264150943396,2.7199999999999998
Massachusetts,1981,1.44,1.24,0.45425867507886436,0.3911671924290221,2.6799999999999997
Massachusetts,1982,1.35,1.22,0.4397394136807818,0.3973941368078176,2.5700000000000003
Massachusetts,1983,1.36,1.2,0.44590163934426236,0.39344262295081966,2.56
Massachusetts,1984,1.29,1.23,0.4271523178807947,0.4072847682119205,2.52
Massachusetts,1985,1.28,1.19,0.43097643097643096,0.4006734006734006,2.4699999999999998
Massachusetts,1986,1.29,1.11,0.44178082191780826,0.3801369863013699,2.4000000000000004
Massachusetts,1987,1.27,1.11,0.44097222222222227,0.38541666666666674,2.38
Massachusetts,1988,1.27,1.05,0.45195729537366547,0.3736654804270463,2.3200000000000003
Massachusetts,1989,1.24,1.0,0.4592592592592592,0.37037037037037035,2.24
Massachusetts,1990,1.22,0.97,0.46387832699619774,0.3688212927756654,2.19
Massachusetts,1991,1.19,0.87,0.47791164658634533,0.34939759036144574,2.06
Massachusetts,1992,1.12,0.82,0.4705882352941177,0.3445378151260504,1.94
Massachusetts,1993,1.14,0.8,0.4789915966386554,0.33613445378151263,1.94
Massachusetts,1994,1.14,0.8,0.4789915966386554,0.33613445378151263,1.94
Massachusetts,1995,1.13,0.78,0.48085106382978715,0.33191489361702126,1.91
Massachusetts,1996,1.11,0.77,0.4723404255319149,0.3276595744680851,1.8800000000000001
Massachusetts,1997,1.13,0.76,0.4728033472803347,0.3179916317991632,1.89
Massachusetts,1998,1.14,0.75,0.4769874476987447,0.3138075313807531,1.89
Massachusetts,1999,1.09,0.79,0.4560669456066946,0.3305439330543933,1.8800000000000001
Massachusetts,2000,1.16,0.87,0.4549019607843137,0.3411764705882353,2.03
Massachusetts,2001,1.13,0.79,0.4631147540983606,0.3237704918032787,1.92
Massachusetts,2002,1.13,0.8,0.45748987854251005,0.32388663967611336,1.93
Massachusetts,2003,1.1,0.82,0.44176706827309237,0.32931726907630515,1.92
Massachusetts,2004,1.1,0.84,0.43650793650793657,0.3333333333333333,1.94
Massachusetts,2005,1.07,0.85,0.42629482071713154,0.33864541832669326,1.92
Massachusetts,2006,1.1,0.85,0.4296875,0.33203125,1.9500000000000002
Massachusetts,2007,1.11,0.87,0.42857142857142866,0.3359073359073359,1.98
Massachusetts,2008,1.08,0.84,0.4251968503937008,0.3307086614173228,1.92
Massachusetts,2009,1.03,0.85,0.41365461847389556,0.34136546184738953,1.88
Massachusetts,2010,1.04,0.84,0.41600000000000004,0.33599999999999997,1.88
Massachusetts,2011,1.02,0.88,0.4015748031496063,0.3464566929133858,1.9
Massachusetts,2012,1.03,0.88,0.40234375,0.34375,1.9100000000000001
Massachusetts,2013,1.0,0.89,0.3921568627450981,0.3490196078431373,1.8900000000000001
Massachusetts,2014,0.98,0.91,0.3858267716535433,0.3582677165354331,1.8900000000000001
Massachusetts,2015,0.96,0.91,0.38095238095238093,0.3611111111111111,1.87
Massachusetts,2016,0.95,0.97,0.37109375,0.37890625,1.92
Massachusetts,2017,0.95,0.97,0.3682170542635659,0.375968992248062,1.92
Massachusetts,2018,0.91,1.0,0.3568627450980393,0.3921568627450981,1.9100000000000001
Massachusetts,2019,0.91,1.04,0.35546875,0.40625,1.9500000000000002
Massachusetts,2020,0.84,1.14,0.32432432432432434,0.44015444015444016,1.98
Massachusetts,2021,0.85,1.34,0.3057553956834532,0.4820143884892087,2.19
Massachusetts,2022,0.8,1.46,0.28368794326241137,0.5177304964539007,2.26
Massachusetts,2023,0.75,1.57,0.2613240418118467,0.5470383275261324,2.3200000000000003
Michigan,1977,1.45,1.02,0.5350553505535055,0.3763837638376384,2.4699999999999998
Michigan,1978,1.43,1.05,0.5218978102189781,0.38321167883211676,2.48
Michigan,1979,1.36,1.03,0.5132075471698114,0.3886792452830189,2.39
Michigan,1980,1.34,1.02,0.5056603773584906,0.3849056603773585,2.3600000000000003
Michigan,1981,1.34,1.0,0.5095057034220533,0.3802281368821293,2.34
Michigan,1982,1.35,0.99,0.4945054945054945,0.3626373626373626,2.34
Michigan,1983,1.36,0.98,0.5190839694656488,0.3740458015267175,2.34
Michigan,1984,1.33,0.98,0.5095785440613028,0.37547892720306514,2.31
Michigan,1985,1.31,0.96,0.5057915057915059,0.37065637065637064,2.27
Michigan,1986,1.33,0.9,0.5175097276264592,0.3501945525291829,2.23
Michigan,1987,1.32,0.85,0.5258964143426296,0.33864541832669326,2.17
Michigan,1988,1.32,0.84,0.5322580645161291,0.3387096774193548,2.16
Michigan,1989,1.29,0.8,0.5397489539748954,0.33472803347280333,2.09
Michigan,1990,1.33,0.8,0.5495867768595042,0.3305785123966942,2.13
Michigan,1991,1.3,0.74,0.5752212389380532,0.3274336283185841,2.04
Michigan,1992,1.26,0.74,0.5701357466063348,0.334841628959276,2.0
Michigan,1993,1.26,0.72,0.5779816513761468,0.33027522935779813,1.98
Michigan,1994,1.23,0.67,0.5857142857142856,0.3190476190476191,1.9
Michigan,1995,1.2,0.67,0.5825242718446602,0.32524271844660196,1.87
Michigan,1996,1.22,0.66,0.583732057416268,0.31578947368421056,1.88
Michigan,1997,1.19,0.66,0.5748792270531401,0.31884057971014496,1.85
Michigan,1998,1.2,0.68,0.5714285714285714,0.3238095238095238,1.88
Michigan,1999,1.2,0.67,0.5687203791469194,0.31753554502369674,1.87
Michigan,2000,1.2,0.68,0.5633802816901409,0.31924882629107987,1.88
Michigan,2001,1.18,0.68,0.5645933014354068,0.3253588516746412,1.8599999999999999
Michigan,2002,1.19,0.69,0.5586854460093896,0.323943661971831,1.88
Michigan,2003,1.17,0.72,0.5391705069124424,0.3317972350230415,1.89
Michigan,2004,1.16,0.72,0.5395348837209302,0.33488372093023255,1.88
Michigan,2005,1.15,0.74,0.5324074074074073,0.34259259259259256,1.89
Michigan,2006,1.13,0.76,0.5183486238532109,0.34862385321100914,1.89
Michigan,2007,1.13,0.77,0.5159817351598173,0.35159817351598177,1.9
Michigan,2008,1.13,0.79,0.5090090090090089,0.35585585585585583,1.92
Michigan,2009,1.11,0.8,0.49775784753363234,0.3587443946188341,1.9100000000000001
Michigan,2010,1.09,0.81,0.48878923766816146,0.36322869955156956,1.9000000000000001
Michigan,2011,1.07,0.83,0.47555555555555556,0.3688888888888889,1.9
Michigan,2012,1.08,0.84,0.4757709251101322,0.3700440528634361,1.92
Michigan,2013,1.01,0.85,0.45291479820627806,0.3811659192825112,1.8599999999999999
Michigan,2014,1.05,0.88,0.45258620689655177,0.37931034482758624,1.9300000000000002
Michigan,2015,0.99,0.89,0.44196428571428564,0.39732142857142855,1.88
Michigan,2016,1.03,0.91,0.4401709401709402,0.38888888888888895,1.94
Michigan,2017,1.01,0.93,0.43162393162393164,0.39743589743589747,1.94
Michigan,2018,1.0,0.96,0.42372881355932207,0.4067796610169492,1.96
Michigan,2019,1.0,0.99,0.42016806722689076,0.41596638655462187,1.99
Michigan,2020,0.99,1.09,0.39442231075697215,0.4342629482071714,2.08
Michigan,2021,0.98,1.09,0.392,0.43600000000000005,2.0700000000000003
Michigan,2022,0.94,1.06,0.3933054393305439,0.4435146443514644,2.0
Michigan,2023,0.89,1.05,0.3869565217391305,0.4565217391304348,1.94
Midwest Region,1977,1.32,0.96,0.5301204819277108,0.38554216867469876,2.2800000000000002
Midwest Region,1978,1.35,0.95,0.5357142857142857,0.376984126984127,2.3
Midwest Region,1979,1.4,0.95,0.5426356589147286,0.3682170542635659,2.3499999999999996
Midwest Region,1980,1.42,0.96,0.5399239543726235,0.3650190114068441,2.38
Midwest Region,1981,1.42,0.93,0.5440613026819924,0.3563218390804598,2.35
Midwest Region,1982,1.42,0.88,0.5525291828793775,0.3424124513618677,2.3
Midwest Region,1983,1.42,0.87,0.5590551181102362,0.3425196850393701,2.29
Midwest Region,1984,1.4,0.84,0.5555555555555555,0.3333333333333333,2.2399999999999998
Midwest Region,1985,1.37,0.84,0.5502008032128514,0.3373493975903614,2.21
Midwest Region,1986,1.38,0.78,0.5609756097560975,0.3170731707317073,2.16
Midwest Region,1987,1.38,0.77,0.5632653061224488,0.3142857142857143,2.15
Midwest Region,1988,1.38,0.75,0.5726141078838174,0.3112033195020747,2.13
Midwest Region,1989,1.36,0.72,0.5787234042553192,0.30638297872340425,2.08
Midwest Region,1990,1.38,0.74,0.5822784810126581,0.3122362869198312,2.12
Midwest Region,1991,1.35,0.67,0.6000000000000001,0.2977777777777778,2.02
Midwest Region,1992,1.31,0.68,0.5927601809954751,0.3076923076923077,1.9900000000000002
Midwest Region,1993,1.3,0.67,0.5963302752293578,0.3073394495412844,1.9700000000000002
Midwest Region,1994,1.3,0.63,0.6074766355140186,0.29439252336448596,1.9300000000000002
Midwest Region,1995,1.29,0.62,0.6084905660377359,0.29245283018867924,1.9100000000000001
Midwest Region,1996,1.28,0.62,0.6037735849056604,0.29245283018867924,1.9
Midwest Region,1997,1.26,0.62,0.5971563981042655,0.29383886255924174,1.88
Midwest Region,1998,1.28,0.63,0.5981308411214953,0.29439252336448596,1.9100000000000001
Midwest Region,1999,1.29,0.63,0.6000000000000001,0.2930232558139535,1.92
Midwest Region,2000,1.29,0.63,0.5972222222222222,0.29166666666666663,1.92
Midwest Region,2001,1.29,0.65,0.5944700460829494,0.2995391705069125,1.94
Midwest Region,2002,1.3,0.64,0.5936073059360731,0.29223744292237447,1.94
Midwest Region,2003,1.28,0.68,0.5739910313901345,0.304932735426009,1.96
Midwest Region,2004,1.28,0.68,0.5765765765765766,0.3063063063063063,1.96
Midwest Region,2005,1.27,0.71,0.5644444444444444,0.31555555555555553,1.98
Midwest Region,2006,1.27,0.72,0.5594713656387665,0.3171806167400881,1.99
Midwest Region,2007,1.28,0.74,0.5517241379310346,0.31896551724137934,2.02
Midwest Region,2008,1.27,0.76,0.5450643776824035,0.3261802575107296,2.0300000000000002
Midwest Region,2009,1.25,0.76,0.5387931034482759,0.32758620689655177,2.01
Midwest Region,2010,1.23,0.77,0.5347826086956522,0.3347826086956522,2.0
Midwest Region,2011,1.2,0.79,0.5194805194805194,0.341991341991342,1.99
Midwest Region,2012,1.2,0.82,0.5106382978723404,0.3489361702127659,2.02
Midwest Region,2013,1.17,0.83,0.5,0.3547008547008547,2.0
Midwest Region,2014,1.16,0.84,0.4936170212765957,0.35744680851063826,2.0
Midwest Region,2015,1.15,0.86,0.4872881355932203,0.364406779661017,2.01
Midwest Region,2016,1.14,0.87,0.48101265822784806,0.36708860759493667,2.01
Midwest Region,2017,1.12,0.9,0.4705882352941177,0.3781512605042017,2.02
Midwest Region,2018,1.1,0.91,0.4641350210970464,0.38396624472573837,2.0100000000000002
Midwest Region,2019,1.09,0.94,0.4560669456066946,0.3933054393305439,2.0300000000000002
Midwest Region,2020,1.08,1.01,0.43724696356275305,0.4089068825910931,2.09
Midwest Region,2021,1.09,1.06,0.43253968253968256,0.42063492063492064,2.1500000000000004
Midwest Region,2022,1.05,1.06,0.42510121457489874,0.4291497975708502,2.1100000000000003
Midwest Region,2023,1.0,1.07,0.4132231404958678,0.44214876033057854,2.0700000000000003
Minnesota,1977,1.31,1.16,0.4906367041198502,0.4344569288389513,2.4699999999999998
Minnesota,1978,1.32,1.16,0.4870848708487085,0.4280442804428044,2.48
Minnesota,1979,1.36,1.17,0.4909747292418773,0.42238267148014436,2.5300000000000002
Minnesota,1980,1.39,1.2,0.487719298245614,0.42105263157894735,2.59
Minnesota,1981,1.39,1.18,0.4894366197183099,0.4154929577464789,2.57
Minnesota,1982,1.37,1.11,0.4981818181818182,0.4036363636363637,2.4800000000000004
Minnesota,1983,1.38,1.1,0.5036496350364963,0.40145985401459855,2.48
Minnesota,1984,1.34,1.07,0.4981412639405205,0.39776951672862454,2.41
Minnesota,1985,1.31,1.06,0.4888059701492537,0.39552238805970147,2.37
Minnesota,1986,1.31,0.93,0.509727626459144,0.3618677042801557,2.24
Minnesota,1987,1.32,0.94,0.5116279069767442,0.3643410852713178,2.26
Minnesota,1988,1.31,0.9,0.5219123505976097,0.35856573705179284,2.21
Minnesota,1989,1.29,0.89,0.524390243902439,0.3617886178861789,2.18
Minnesota,1990,1.32,0.96,0.5176470588235295,0.3764705882352941,2.2800000000000002
Minnesota,1991,1.3,0.81,0.5531914893617021,0.3446808510638298,2.1100000000000003
Minnesota,1992,1.25,0.85,0.5319148936170213,0.36170212765957444,2.1
Minnesota,1993,1.24,0.84,0.5321888412017167,0.3605150214592274,2.08
Minnesota,1994,1.27,0.83,0.5404255319148936,0.3531914893617021,2.1
Minnesota,1995,1.29,0.83,0.5420168067226891,0.3487394957983193,2.12
Minnesota,1996,1.23,0.83,0.5301724137931034,0.3577586206896552,2.06
Minnesota,1997,1.2,0.85,0.5194805194805194,0.36796536796536794,2.05
Minnesota,1998,1.16,0.84,0.5110132158590308,0.3700440528634361,2.0
Minnesota,1999,1.23,0.86,0.5211864406779662,0.364406779661017,2.09
Minnesota,2000,1.24,0.87,0.5232067510548523,0.36708860759493667,2.11
Minnesota,2001,1.25,0.88,0.5230125523012552,0.36820083682008364,2.13
Minnesota,2002,1.26,0.88,0.5228215767634854,0.3651452282157676,2.14
Minnesota,2003,1.22,0.91,0.5020576131687242,0.3744855967078189,2.13
Minnesota,2004,1.24,0.94,0.496,0.376,2.1799999999999997
Minnesota,2005,1.18,0.97,0.4758064516129032,0.3911290322580645,2.15
Minnesota,2006,1.15,0.93,0.47916666666666663,0.3875,2.08
Minnesota,2007,1.23,1.01,0.47307692307692306,0.38846153846153847,2.24
Minnesota,2008,1.21,1.03,0.46538461538461534,0.39615384615384613,2.24
Minnesota,2009,1.19,1.04,0.4594594594594595,0.4015444015444016,2.23
Minnesota,2010,1.14,0.97,0.4672131147540983,0.3975409836065574,2.11
Minnesota,2011,1.13,1.0,0.45748987854251005,0.4048582995951417,2.13
Minnesota,2012,1.18,1.11,0.4354243542435424,0.40959409594095947,2.29
Minnesota,2013,1.14,1.16,0.41758241758241754,0.4249084249084249,2.3
Minnesota,2014,1.14,1.23,0.4056939501779359,0.4377224199288256,2.37
Minnesota,2015,1.16,1.14,0.4249084249084249,0.41758241758241754,2.3
Minnesota,2016,1.15,1.17,0.41516245487364617,0.42238267148014436,2.32
Minnesota,2017,1.15,1.19,0.41516245487364617,0.4296028880866426,2.34
Minnesota,2018,1.14,1.21,0.4086021505376344,0.4336917562724014,2.3499999999999996
Minnesota,2019,1.12,1.23,0.4014336917562724,0.44086021505376344,2.35
Minnesota,2020,1.1,1.29,0.3886925795053004,0.4558303886925795,2.39
Minnesota,2021,1.13,1.36,0.3883161512027491,0.46735395189003437,2.49
Minnesota,2022,1.06,1.4,0.3706293706293707,0.4895104895104895,2.46
Minnesota,2023,1.03,1.47,0.3588850174216028,0.5121951219512195,2.5
Mississippi,1977,1.04,0.83,0.5252525252525253,0.41919191919191917,1.87
Mississippi,1978,1.11,0.88,0.5311004784688996,0.4210526315789474,1.9900000000000002
Mississippi,1979,1.1,0.81,0.55,0.405,1.9100000000000001
Mississippi,1980,1.13,0.86,0.5406698564593301,0.4114832535885168,1.9899999999999998
Mississippi,1981,1.19,0.84,0.5586854460093896,0.3943661971830986,2.03
Mississippi,1982,1.18,0.81,0.5619047619047619,0.38571428571428573,1.99
Mississippi,1983,1.2,0.8,0.5714285714285714,0.38095238095238093,2.0
Mississippi,1984,1.2,0.77,0.5769230769230769,0.3701923076923077,1.97
Mississippi,1985,1.22,0.74,0.5893719806763286,0.35748792270531404,1.96
Mississippi,1986,1.28,0.69,0.6183574879227054,0.3333333333333333,1.97
Mississippi,1987,1.28,0.66,0.6274509803921569,0.3235294117647059,1.94
Mississippi,1988,1.3,0.67,0.6310679611650486,0.32524271844660196,1.9700000000000002
Mississippi,1989,1.28,0.66,0.6274509803921569,0.3235294117647059,1.94
Mississippi,1990,1.34,0.65,0.6442307692307693,0.3125,1.9900000000000002
Mississippi,1991,1.32,0.64,0.6439024390243904,0.31219512195121957,1.96
Mississippi,1992,1.35,0.63,0.6490384615384616,0.30288461538461536,1.98
Mississippi,1993,1.37,0.63,0.6492890995260664,0.29857819905213273,2.0
Mississippi,1994,1.28,0.63,0.64,0.315,1.9100000000000001
Mississippi,1995,1.37,0.61,0.6555023923444977,0.291866028708134,1.98
Mississippi,1996,1.42,0.62,0.6635514018691588,0.2897196261682243,2.04
Mississippi,1997,1.39,0.61,0.6650717703349283,0.291866028708134,2.0
Mississippi,1998,1.4,0.59,0.673076923076923,0.28365384615384615,1.9899999999999998
Mississippi,1999,1.42,0.61,0.6635514018691588,0.2850467289719626,2.03
Mississippi,2000,1.43,0.61,0.6682242990654205,0.2850467289719626,2.04
Mississippi,2001,1.4,0.6,0.6635071090047393,0.2843601895734597,2.0
Mississippi,2002,1.41,0.61,0.6619718309859155,0.2863849765258216,2.02
Mississippi,2003,1.38,0.63,0.647887323943662,0.29577464788732394,2.01
Mississippi,2004,1.38,0.63,0.6448598130841121,0.29439252336448596,2.01
Mississippi,2005,1.4,0.65,0.6422018348623852,0.2981651376146789,2.05
Mississippi,2006,1.43,0.67,0.6412556053811659,0.3004484304932736,2.1
Mississippi,2007,1.45,0.68,0.6415929203539823,0.3008849557522124,2.13
Mississippi,2008,1.44,0.7,0.6315789473684211,0.30701754385964913,2.1399999999999997
Mississippi,2009,1.41,0.7,0.6238938053097345,0.30973451327433627,2.11
Mississippi,2010,1.37,0.7,0.6171171171171171,0.31531531531531526,2.0700000000000003
Mississippi,2011,1.36,0.71,0.6126126126126126,0.3198198198198198,2.0700000000000003
Mississippi,2012,1.37,0.71,0.6116071428571428,0.31696428571428564,2.08
Mississippi,2013,1.35,0.73,0.6000000000000001,0.3244444444444444,2.08
Mississippi,2014,1.33,0.75,0.59375,0.33482142857142855,2.08
Mississippi,2015,1.31,0.77,0.5848214285714285,0.34375,2.08
Mississippi,2016,1.28,0.77,0.5739910313901345,0.3452914798206278,2.05
Mississippi,2017,1.25,0.77,0.5681818181818181,0.35,2.02
Mississippi,2018,1.21,0.78,0.5576036866359447,0.35944700460829493,1.99
Mississippi,2019,1.2,0.83,0.5429864253393665,0.3755656108597285,2.03
Mississippi,2020,1.2,0.99,0.5,0.41250000000000003,2.19
Mississippi,2021,1.19,1.0,0.4937759336099585,0.41493775933609955,2.19
Mississippi,2022,1.15,0.91,0.5111111111111111,0.40444444444444444,2.06
Mississippi,2023,1.08,0.9,0.5,0.41666666666666663,1.98
Missouri,1977,1.23,0.83,0.5491071428571428,0.37053571428571425,2.06
Missouri,1978,1.31,0.89,0.5481171548117155,0.3723849372384937,2.2
Missouri,1979,1.36,0.86,0.5619834710743802,0.35537190082644626,2.22
Missouri,1980,1.39,0.84,0.569672131147541,0.3442622950819672,2.23
Missouri,1981,1.41,0.84,0.573170731707317,0.3414634146341463,2.25
Missouri,1982,1.39,0.79,0.5815899581589957,0.3305439330543933,2.1799999999999997
Missouri,1983,1.38,0.78,0.5798319327731092,0.3277310924369748,2.16
Missouri,1984,1.35,0.68,0.5895196506550219,0.29694323144104806,2.0300000000000002
Missouri,1985,1.34,0.77,0.5654008438818565,0.32489451476793246,2.1100000000000003
Missouri,1986,1.38,0.73,0.5774058577405857,0.305439330543933,2.11
Missouri,1987,1.38,0.73,0.5774058577405857,0.305439330543933,2.11
Missouri,1988,1.35,0.7,0.5844155844155844,0.303030303030303,2.05
Missouri,1989,1.36,0.7,0.5964912280701755,0.30701754385964913,2.06
Missouri,1990,1.37,0.7,0.5956521739130436,0.30434782608695654,2.0700000000000003
Missouri,1991,1.35,0.64,0.6136363636363636,0.2909090909090909,1.9900000000000002
Missouri,1992,1.34,0.69,0.5982142857142857,0.30803571428571425,2.0300000000000002
Missouri,1993,1.33,0.67,0.6045454545454545,0.30454545454545456,2.0
Missouri,1994,1.36,0.66,0.6153846153846154,0.2986425339366516,2.02
Missouri,1995,1.31,0.62,0.6121495327102804,0.2897196261682243,1.9300000000000002
Missouri,1996,1.31,0.57,0.6238095238095238,0.2714285714285714,1.88
Missouri,1997,1.3,0.63,0.6046511627906977,0.2930232558139535,1.9300000000000002
Missouri,1998,1.33,0.63,0.6100917431192661,0.2889908256880734,1.96
Missouri,1999,1.35,0.66,0.6053811659192826,0.29596412556053814,2.0100000000000002
Missouri,2000,1.35,0.67,0.6000000000000001,0.2977777777777778,2.02
Missouri,2001,1.34,0.67,0.5955555555555556,0.2977777777777778,2.0100000000000002
Missouri,2002,1.36,0.67,0.5991189427312775,0.29515418502202645,2.0300000000000002
Missouri,2003,1.34,0.7,0.5851528384279476,0.3056768558951965,2.04
Missouri,2004,1.33,0.72,0.5732758620689656,0.3103448275862069,2.05
Missouri,2005,1.31,0.73,0.5695652173913044,0.3173913043478261,2.04
Missouri,2006,1.33,0.76,0.5611814345991561,0.32067510548523204,2.09
Missouri,2007,1.33,0.78,0.5541666666666667,0.325,2.1100000000000003
Missouri,2008,1.32,0.8,0.5454545454545455,0.3305785123966942,2.12
Missouri,2009,1.3,0.83,0.5349794238683128,0.3415637860082304,2.13
Missouri,2010,1.27,0.81,0.5269709543568465,0.3360995850622407,2.08
Missouri,2011,1.24,0.86,0.5061224489795918,0.3510204081632653,2.1
Missouri,2012,1.22,0.86,0.5041322314049587,0.35537190082644626,2.08
Missouri,2013,1.19,0.89,0.48770491803278687,0.36475409836065575,2.08
Missouri,2014,1.16,0.88,0.48333333333333334,0.3666666666666667,2.04
Missouri,2015,1.17,0.97,0.4624505928853755,0.383399209486166,2.1399999999999997
Missouri,2016,1.16,0.96,0.46586345381526095,0.38554216867469876,2.12
Missouri,2017,1.13,1.01,0.44664031620553357,0.39920948616600793,2.1399999999999997
Missouri,2018,1.11,1.02,0.4422310756972112,0.4063745019920319,2.13
Missouri,2019,1.09,1.09,0.42578125,0.42578125,2.18
Missouri,2020,1.09,1.21,0.40671641791044777,0.4514925373134328,2.3
Missouri,2021,1.1,1.32,0.3914590747330961,0.4697508896797153,2.42
Missouri,2022,1.05,1.35,0.38181818181818183,0.49090909090909096,2.4000000000000004
Missouri,2023,1.01,1.41,0.36594202898550726,0.5108695652173914,2.42
Montana,1977,1.82,1.1,0.5852090032154341,0.3536977491961415,2.92
Montana,1978,1.82,1.07,0.5889967637540453,0.3462783171521036,2.89
Montana,1979,1.83,1.05,0.5562310030395137,0.3191489361702128,2.88
Montana,1980,1.82,1.03,0.56875,0.32187499999999997,2.85
Montana,1981,1.9,1.05,0.581039755351682,0.3211009174311927,2.95
Montana,1982,1.82,1.02,0.5759493670886076,0.3227848101265823,2.84
Montana,1983,1.8,0.99,0.5787781350482315,0.3183279742765273,2.79
Montana,1984,1.71,0.93,0.5757575757575757,0.31313131313131315,2.64
Montana,1985,1.62,0.89,0.5704225352112676,0.31338028169014087,2.5100000000000002
Montana,1986,1.6,0.82,0.5797101449275364,0.2971014492753623,2.42
Montana,1987,1.59,0.78,0.5888888888888889,0.28888888888888886,2.37
Montana,1988,1.61,0.77,0.5962962962962963,0.28518518518518515,2.38
Montana,1989,1.59,0.73,0.6091954022988506,0.27969348659003834,2.3200000000000003
Montana,1990,1.61,0.77,0.602996254681648,0.28838951310861427,2.38
Montana,1991,1.61,0.76,0.6098484848484849,0.28787878787878785,2.37
Montana,1992,1.59,0.75,0.6091954022988506,0.2873563218390805,2.34
Montana,1993,1.49,0.73,0.603238866396761,0.2955465587044534,2.2199999999999998
Montana,1994,1.57,0.7,0.6254980079681276,0.27888446215139445,2.27
Montana,1995,1.52,0.78,0.5960784313725491,0.3058823529411765,2.3
Montana,1996,1.55,0.64,0.6326530612244897,0.26122448979591834,2.19
Montana,1997,1.41,0.64,0.6077586206896551,0.2758620689655173,2.05
Montana,1998,1.53,0.65,0.6244897959183673,0.2653061224489796,2.18
Montana,1999,1.56,0.67,0.6215139442231077,0.2669322709163347,2.23
Montana,2000,1.57,0.68,0.6181102362204725,0.2677165354330709,2.25
Montana,2001,1.58,0.68,0.6171875,0.265625,2.2600000000000002
Montana,2002,1.62,0.7,0.6113207547169812,0.2641509433962264,2.3200000000000003
Montana,2003,1.56,0.72,0.5954198473282443,0.27480916030534347,2.2800000000000002
Montana,2004,1.57,0.75,0.5902255639097744,0.2819548872180451,2.3200000000000003
Montana,2005,1.59,0.77,0.5719424460431656,0.27697841726618705,2.3600000000000003
Montana,2006,1.63,0.82,0.5679442508710801,0.2857142857142857,2.4499999999999997
Montana,2007,1.66,0.85,0.564625850340136,0.2891156462585034,2.51
Montana,2008,1.66,0.87,0.5589225589225588,0.29292929292929293,2.53
Montana,2009,1.64,0.87,0.5540540540540541,0.2939189189189189,2.51
Montana,2010,1.65,0.88,0.5536912751677852,0.2953020134228188,2.53
Montana,2011,1.61,0.9,0.540268456375839,0.30201342281879195,2.5100000000000002
Montana,2012,1.65,0.94,0.5357142857142857,0.3051948051948052,2.59
Montana,2013,1.64,0.95,0.5342019543973942,0.30944625407166126,2.59
Montana,2014,1.63,0.96,0.5275080906148867,0.31067961165048547,2.59
Montana,2015,1.63,0.96,0.5275080906148867,0.31067961165048547,2.59
Montana,2016,1.62,0.98,0.5192307692307693,0.3141025641025641,2.6
Montana,2017,1.61,0.98,0.5193548387096775,0.3161290322580645,2.59
Montana,2018,1.6,0.99,0.5161290322580645,0.3193548387096774,2.59
Montana,2019,1.61,1.02,0.5111111111111112,0.3238095238095238,2.63
Montana,2020,1.65,1.12,0.49848942598187307,0.338368580060423,2.77
Montana,2021,1.66,1.14,0.4984984984984985,0.3423423423423423,2.8
Montana,2022,1.58,1.14,0.4906832298136646,0.3540372670807453,2.7199999999999998
Montana,2023,1.53,1.11,0.49038461538461536,0.3557692307692308,2.64
Nebraska,1977,1.46,0.91,0.5748031496062992,0.3582677165354331,2.37
Nebraska,1978,1.48,0.9,0.578125,0.3515625,2.38
Nebraska,1979,1.52,0.89,0.5868725868725869,0.34362934362934366,2.41
Nebraska,1980,1.56,0.88,0.5931558935361217,0.3346007604562738,2.44
Nebraska,1981,1.57,0.88,0.5924528301886793,0.33207547169811324,2.45
Nebraska,1982,1.51,0.58,0.6371308016877637,0.24472573839662445,2.09
Nebraska,1983,1.5,0.8,0.5976095617529881,0.3187250996015937,2.3
Nebraska,1984,1.46,0.77,0.6008230452674896,0.3168724279835391,2.23
Nebraska,1985,1.41,0.76,0.5899581589958158,0.3179916317991632,2.17
Nebraska,1986,1.41,0.69,0.6051502145922746,0.296137339055794,2.0999999999999996
Nebraska,1987,1.43,0.67,0.6137339055793991,0.2875536480686695,2.1
Nebraska,1988,1.41,0.66,0.6130434782608696,0.28695652173913044,2.07
Nebraska,1989,1.41,0.64,0.6238938053097345,0.28318584070796465,2.05
Nebraska,1990,1.41,0.64,0.6266666666666666,0.28444444444444444,2.05
Nebraska,1991,1.4,0.61,0.639269406392694,0.2785388127853881,2.01
Nebraska,1992,1.37,0.61,0.6342592592592593,0.2824074074074074,1.98
Nebraska,1993,1.37,0.59,0.6401869158878505,0.2757009345794392,1.96
Nebraska,1994,1.39,0.57,0.6495327102803737,0.26635514018691586,1.96
Nebraska,1995,1.35,0.57,0.6428571428571429,0.2714285714285714,1.92
Nebraska,1996,1.35,0.57,0.6398104265402844,0.27014218009478674,1.92
Nebraska,1997,1.35,0.56,0.645933014354067,0.2679425837320575,1.9100000000000001
Nebraska,1998,1.39,0.58,0.6435185185185184,0.2685185185185185,1.9699999999999998
Nebraska,1999,1.42,0.6,0.6484018264840182,0.273972602739726,2.02
Nebraska,2000,1.44,0.62,0.6457399103139013,0.27802690582959644,2.06
Nebraska,2001,1.43,0.6,0.6499999999999999,0.2727272727272727,2.03
Nebraska,2002,1.45,0.61,0.6502242152466368,0.273542600896861,2.06
Nebraska,2003,1.43,0.63,0.6383928571428571,0.28125,2.06
Nebraska,2004,1.44,0.65,0.6315789473684211,0.28508771929824567,2.09
Nebraska,2005,1.41,0.68,0.6157205240174672,0.29694323144104806,2.09
Nebraska,2006,1.42,0.71,0.6042553191489362,0.3021276595744681,2.13
Nebraska,2007,1.43,0.67,0.619047619047619,0.29004329004329005,2.1
Nebraska,2008,1.45,0.68,0.6223175965665235,0.2918454935622318,2.13
Nebraska,2009,1.42,0.67,0.6200873362445415,0.2925764192139738,2.09
Nebraska,2010,1.4,0.67,0.6140350877192983,0.29385964912280704,2.07
Nebraska,2011,1.39,0.69,0.6069868995633187,0.30131004366812225,2.08
Nebraska,2012,1.41,0.69,0.6077586206896551,0.2974137931034483,2.0999999999999996
Nebraska,2013,1.39,0.71,0.5991379310344828,0.3060344827586207,2.0999999999999996
Nebraska,2014,1.37,0.72,0.5956521739130436,0.3130434782608696,2.09
Nebraska,2015,1.34,0.71,0.5903083700440529,0.31277533039647576,2.05
Nebraska,2016,1.3,0.72,0.5803571428571428,0.3214285714285714,2.02
Nebraska,2017,1.26,0.72,0.5727272727272726,0.3272727272727272,1.98
Nebraska,2018,1.22,0.73,0.5648148148148148,0.3379629629629629,1.95
Nebraska,2019,1.21,0.74,0.5576036866359447,0.34101382488479265,1.95
Nebraska,2020,1.18,0.75,0.5514018691588785,0.35046728971962615,1.93
Nebraska,2021,1.16,0.82,0.5296803652968036,0.3744292237442922,1.98
Nebraska,2022,1.09,0.86,0.5046296296296297,0.39814814814814814,1.9500000000000002
Nebraska,2023,1.01,0.86,0.4879227053140097,0.41545893719806765,1.87
Nevada,1977,1.99,3.56,0.31487341772151894,0.5632911392405063,5.55
Nevada,1978,2.01,3.34,0.3278955954323001,0.5448613376835236,5.35
Nevada,1979,2.07,2.97,0.3550600343053173,0.5094339622641509,5.04
Nevada,1980,2.06,2.9,0.3582608695652174,0.5043478260869565,4.96
Nevada,1981,2.08,2.71,0.37209302325581395,0.4847942754919499,4.79
Nevada,1982,2.0,2.5,0.3795066413662239,0.4743833017077799,4.5
Nevada,1983,1.96,2.43,0.3783783783783784,0.4691119691119692,4.390000000000001
Nevada,1984,1.97,2.32,0.3862745098039216,0.4549019607843137,4.29
Nevada,1985,1.96,2.18,0.3927855711422845,0.43687374749499,4.140000000000001
Nevada,1986,2.04,2.07,0.4104627766599598,0.4164989939637827,4.109999999999999
Nevada,1987,2.01,2.05,0.41104294478527603,0.41922290388548056,4.06
Nevada,1988,2.08,1.95,0.43333333333333335,0.40625,4.03
Nevada,1989,2.12,1.87,0.451063829787234,0.39787234042553193,3.99
Nevada,1990,2.17,1.92,0.4539748953974895,0.40167364016736395,4.09
Nevada,1991,2.05,1.63,0.4756380510440835,0.37819025522041766,3.6799999999999997
Nevada,1992,2.02,1.61,0.4752941176470588,0.3788235294117647,3.63
Nevada,1993,1.95,1.54,0.4791154791154791,0.37837837837837834,3.49
Nevada,1994,1.93,1.51,0.4825,0.3775,3.44
Nevada,1995,1.87,1.39,0.4869791666666667,0.36197916666666663,3.26
Nevada,1996,1.91,1.39,0.49100257069408737,0.35732647814910024,3.3
Nevada,1997,1.84,1.3,0.4946236559139785,0.3494623655913978,3.14
Nevada,1998,1.8,1.23,0.4972375690607735,0.33977900552486184,3.0300000000000002
Nevada,1999,1.82,1.29,0.48663101604278075,0.3449197860962567,3.1100000000000003
Nevada,2000,1.79,1.26,0.48773841961852865,0.34332425068119893,3.05
Nevada,2001,1.79,1.21,0.4986072423398329,0.3370473537604457,3.0
Nevada,2002,1.74,1.22,0.4887640449438202,0.34269662921348315,2.96
Nevada,2003,1.74,1.23,0.48467966573816157,0.3426183844011142,2.9699999999999998
Nevada,2004,1.73,1.25,0.47922437673130197,0.3462603878116344,2.98
Nevada,2005,1.69,1.21,0.48011363636363635,0.34375,2.9
Nevada,2006,1.71,1.28,0.47107438016528924,0.3526170798898072,2.99
Nevada,2007,1.66,1.23,0.47159090909090906,0.3494318181818182,2.8899999999999997
Nevada,2008,1.63,1.29,0.46175637393767704,0.3654390934844193,2.92
Nevada,2009,1.53,1.11,0.4766355140186916,0.3457943925233645,2.64
Nevada,2010,1.49,1.21,0.45151515151515154,0.3666666666666667,2.7
Nevada,2011,1.45,1.27,0.43283582089552236,0.37910447761194027,2.7199999999999998
Nevada,2012,1.41,1.25,0.4298780487804878,0.38109756097560976,2.66
Nevada,2013,1.41,1.28,0.4246987951807229,0.3855421686746988,2.69
Nevada,2014,1.41,1.31,0.41715976331360943,0.38757396449704146,2.7199999999999998
Nevada,2015,1.39,1.3,0.4149253731343283,0.3880597014925373,2.69
Nevada,2016,1.42,1.46,0.4057142857142857,0.41714285714285715,2.88
Nevada,2017,1.4,1.46,0.4034582132564841,0.42074927953890484,2.86
Nevada,2018,1.35,1.46,0.3947368421052632,0.4269005847953216,2.81
Nevada,2019,1.33,1.48,0.39002932551319647,0.4340175953079179,2.81
Nevada,2020,1.33,1.52,0.3866279069767442,0.4418604651162791,2.85
Nevada,2021,1.35,1.64,0.3770949720670391,0.45810055865921784,2.99
Nevada,2022,1.31,1.71,0.3638888888888889,0.475,3.02
Nevada,2023,1.26,1.73,0.35492957746478876,0.48732394366197185,2.99
New Hampshire,1977,1.86,2.88,0.35564053537284895,0.5506692160611854,4.74
New Hampshire,1978,1.95,2.88,0.3638059701492537,0.5373134328358209,4.83
New Hampshire,1979,1.94,2.56,0.38039215686274513,0.5019607843137255,4.5
New Hampshire,1980,1.93,2.49,0.38446215139442236,0.49601593625498014,4.42
New Hampshire,1981,1.89,2.43,0.38492871690427694,0.494908350305499,4.32
New Hampshire,1982,1.9,2.35,0.39256198347107435,0.4855371900826447,4.25
New Hampshire,1983,2.17,2.36,0.4263261296660118,0.4636542239685658,4.529999999999999
New Hampshire,1984,1.99,2.33,0.40447154471544716,0.4735772357723577,4.32
New Hampshire,1985,1.99,2.22,0.41983122362869196,0.46835443037974683,4.21
New Hampshire,1986,1.93,2.06,0.42699115044247793,0.4557522123893806,3.99
New Hampshire,1987,1.93,1.99,0.43665158371040724,0.4502262443438914,3.92
New Hampshire,1988,1.91,1.94,0.4400921658986175,0.4470046082949309,3.8499999999999996
New Hampshire,1989,1.87,2.0,0.42694063926940645,0.4566210045662101,3.87
New Hampshire,1990,1.85,1.97,0.4302325581395349,0.45813953488372094,3.8200000000000003
New Hampshire,1991,1.85,1.96,0.4302325581395349,0.4558139534883721,3.81
New Hampshire,1992,1.81,1.96,0.42093023255813955,0.4558139534883721,3.77
New Hampshire,1993,1.83,2.01,0.4178082191780822,0.45890410958904104,3.84
New Hampshire,1994,1.75,1.9,0.42372881355932207,0.46004842615012104,3.65
New Hampshire,1995,1.73,1.79,0.4303482587064677,0.4452736318407961,3.52
New Hampshire,1996,1.78,1.79,0.4330900243309002,0.4355231143552311,3.5700000000000003
New Hampshire,1997,1.78,1.72,0.4405940594059406,0.42574257425742573,3.5
New Hampshire,1998,1.77,1.67,0.44360902255639095,0.41854636591478694,3.44
New Hampshire,1999,1.78,1.64,0.4373464373464373,0.4029484029484029,3.42
New Hampshire,2000,1.78,1.63,0.4384236453201971,0.4014778325123153,3.41
New Hampshire,2001,1.75,1.62,0.43424317617866004,0.40198511166253104,3.37
New Hampshire,2002,1.75,1.64,0.42787286063569685,0.40097799511002447,3.3899999999999997
New Hampshire,2003,1.75,1.63,0.42787286063569685,0.39853300733496333,3.38
New Hampshire,2004,1.74,1.67,0.4202898550724638,0.4033816425120773,3.41
New Hampshire,2005,1.75,1.71,0.41666666666666663,0.40714285714285714,3.46
New Hampshire,2006,1.73,1.77,0.4042056074766355,0.41355140186915884,3.5
New Hampshire,2007,1.82,1.75,0.41743119266055045,0.4013761467889908,3.5700000000000003
New Hampshire,2008,1.78,1.79,0.4054669703872438,0.407744874715262,3.5700000000000003
New Hampshire,2009,1.79,1.84,0.40044742729306493,0.41163310961968685,3.63
New Hampshire,2010,1.81,1.85,0.40222222222222226,0.41111111111111115,3.66
New Hampshire,2011,1.86,1.98,0.39075630252100846,0.41596638655462187,3.84
New Hampshire,2012,1.9,1.88,0.40948275862068967,0.4051724137931035,3.78
New Hampshire,2013,1.86,1.92,0.39828693790149894,0.41113490364025695,3.7800000000000002
New Hampshire,2014,1.69,1.95,0.37306843267108164,0.4304635761589404,3.6399999999999997
New Hampshire,2015,1.87,1.95,0.39787234042553193,0.4148936170212766,3.8200000000000003
New Hampshire,2016,1.86,1.99,0.3924050632911392,0.41983122362869196,3.85
New Hampshire,2017,1.83,2.01,0.3877118644067797,0.4258474576271186,3.84
New Hampshire,2018,1.79,2.04,0.38329764453961457,0.43683083511777304,3.83
New Hampshire,2019,1.58,2.12,0.34955752212389385,0.46902654867256643,3.7
New Hampshire,2020,1.58,2.09,0.35033259423503327,0.46341463414634143,3.67
New Hampshire,2021,1.66,1.8,0.3933649289099526,0.4265402843601896,3.46
New Hampshire,2022,1.66,2.01,0.37053571428571425,0.4486607142857142,3.67
New Hampshire,2023,1.6,1.86,0.38095238095238093,0.44285714285714284,3.46
New Jersey,1977,1.16,1.13,0.4312267657992565,0.42007434944237915,2.29
New Jersey,1978,1.17,1.1,0.43494423791821557,0.4089219330855019,2.27
New Jersey,1979,1.18,1.1,0.4354243542435424,0.40590405904059046,2.2800000000000002
New Jersey,1980,1.22,1.13,0.4326241134751773,0.400709219858156,2.3499999999999996
New Jersey,1981,1.21,1.15,0.42160278745644597,0.4006968641114982,2.36
New Jersey,1982,1.21,1.13,0.42160278745644597,0.3937282229965156,2.34
New Jersey,1983,1.2,1.13,0.42105263157894735,0.3964912280701754,2.33
New Jersey,1984,1.18,1.1,0.41843971631205673,0.39007092198581567,2.2800000000000002
New Jersey,1985,1.17,1.07,0.4193548387096774,0.3835125448028674,2.24
New Jersey,1986,1.17,1.03,0.42238267148014436,0.37184115523465705,2.2
New Jersey,1987,1.18,1.0,0.43382352941176466,0.3676470588235294,2.1799999999999997
New Jersey,1988,1.15,0.93,0.4457364341085271,0.3604651162790698,2.08
New Jersey,1989,1.13,0.95,0.43798449612403095,0.3682170542635659,2.08
New Jersey,1990,1.15,0.95,0.4457364341085271,0.3682170542635659,2.0999999999999996
New Jersey,1991,1.09,0.82,0.4658119658119659,0.3504273504273504,1.9100000000000001
New Jersey,1992,1.07,0.83,0.4572649572649573,0.3547008547008547,1.9
New Jersey,1993,1.07,0.79,0.46724890829694327,0.34497816593886466,1.86
New Jersey,1994,1.04,0.79,0.4581497797356828,0.3480176211453745,1.83
New Jersey,1995,1.06,0.79,0.46491228070175444,0.34649122807017546,1.85
New Jersey,1996,1.0,0.76,0.45454545454545453,0.3454545454545454,1.76
New Jersey,1997,0.99,0.74,0.452054794520548,0.3378995433789954,1.73
New Jersey,1998,0.98,0.71,0.4558139534883721,0.3302325581395349,1.69
New Jersey,1999,0.97,0.74,0.4449541284403669,0.33944954128440363,1.71
New Jersey,2000,0.97,0.76,0.44090909090909086,0.3454545454545454,1.73
New Jersey,2001,0.99,0.75,0.44999999999999996,0.3409090909090909,1.74
New Jersey,2002,0.98,0.77,0.43749999999999994,0.34375,1.75
New Jersey,2003,0.95,0.8,0.4241071428571428,0.35714285714285715,1.75
New Jersey,2004,0.96,0.82,0.4173913043478261,0.3565217391304348,1.7799999999999998
New Jersey,2005,0.95,0.83,0.41304347826086957,0.36086956521739133,1.7799999999999998
New Jersey,2006,0.95,0.85,0.407725321888412,0.3648068669527897,1.7999999999999998
New Jersey,2007,0.93,0.86,0.39914163090128757,0.3690987124463519,1.79
New Jersey,2008,0.93,0.86,0.39574468085106385,0.3659574468085106,1.79
New Jersey,2009,0.91,0.86,0.38888888888888895,0.36752136752136755,1.77
New Jersey,2010,0.92,0.86,0.39148936170212767,0.3659574468085106,1.78
New Jersey,2011,0.89,0.89,0.3755274261603375,0.3755274261603375,1.78
New Jersey,2012,0.89,0.91,0.37083333333333335,0.3791666666666667,1.8
New Jersey,2013,0.84,0.92,0.3544303797468354,0.3881856540084388,1.76
New Jersey,2014,0.84,0.93,0.3514644351464435,0.3891213389121339,1.77
New Jersey,2015,0.84,0.93,0.3544303797468354,0.3924050632911392,1.77
New Jersey,2016,0.83,0.93,0.3516949152542373,0.39406779661016955,1.76
New Jersey,2017,0.8,0.96,0.33898305084745767,0.4067796610169492,1.76
New Jersey,2018,0.8,0.98,0.33898305084745767,0.4152542372881356,1.78
New Jersey,2019,0.8,1.01,0.33472803347280333,0.4225941422594142,1.81
New Jersey,2020,0.78,1.16,0.30830039525691705,0.45849802371541504,1.94
New Jersey,2021,0.82,1.25,0.311787072243346,0.4752851711026616,2.07
New Jersey,2022,0.74,1.29,0.29133858267716534,0.5078740157480315,2.0300000000000002
New Jersey,2023,0.73,1.34,0.2862745098039216,0.5254901960784314,2.0700000000000003
New Mexico,1977,1.62,0.95,0.5625000000000001,0.3298611111111111,2.5700000000000003
New Mexico,1978,1.65,0.96,0.5631399317406143,0.32764505119453924,2.61
New Mexico,1979,1.64,0.97,0.5635738831615119,0.3333333333333333,2.61
New Mexico,1980,1.65,0.99,0.5555555555555555,0.3333333333333333,2.6399999999999997
New Mexico,1981,1.73,0.95,0.5766666666666667,0.31666666666666665,2.6799999999999997
New Mexico,1982,1.72,0.93,0.5752508361204013,0.3110367892976589,2.65
New Mexico,1983,1.72,0.98,0.5714285714285715,0.32558139534883723,2.7
New Mexico,1984,1.72,0.76,0.6231884057971014,0.2753623188405797,2.48
New Mexico,1985,1.71,0.77,0.602112676056338,0.2711267605633803,2.48
New Mexico,1986,1.66,0.71,0.608058608058608,0.26007326007326004,2.37
New Mexico,1987,1.65,0.68,0.6133828996282528,0.25278810408921937,2.33
New Mexico,1988,1.66,0.68,0.6217228464419475,0.2546816479400749,2.34
New Mexico,1989,1.67,0.66,0.6374045801526717,0.25190839694656486,2.33
New Mexico,1990,1.68,0.68,0.6363636363636364,0.25757575757575757,2.36
New Mexico,1991,1.64,0.64,0.6456692913385826,0.25196850393700787,2.28
New Mexico,1992,1.56,0.66,0.631578947368421,0.2672064777327935,2.22
New Mexico,1993,1.53,0.63,0.6401673640167364,0.2635983263598326,2.16
New Mexico,1994,1.46,0.6,0.6488888888888888,0.26666666666666666,2.06
New Mexico,1995,1.56,0.6,0.65,0.25,2.16
New Mexico,1996,1.55,0.59,0.6512605042016807,0.24789915966386555,2.14
New Mexico,1997,1.51,0.58,0.648068669527897,0.24892703862660942,2.09
New Mexico,1998,1.49,0.58,0.645021645021645,0.2510822510822511,2.07
New Mexico,1999,1.53,0.59,0.6483050847457628,0.25,2.12
New Mexico,2000,1.53,0.61,0.6428571428571429,0.2563025210084034,2.14
New Mexico,2001,1.54,0.61,0.6443514644351465,0.25523012552301255,2.15
New Mexico,2002,1.52,0.61,0.6333333333333334,0.25416666666666665,2.13
New Mexico,2003,1.52,0.61,0.6333333333333334,0.25416666666666665,2.13
New Mexico,2004,1.46,0.66,0.6186440677966102,0.2796610169491526,2.12
New Mexico,2005,1.47,0.66,0.6074380165289256,0.27272727272727276,2.13
New Mexico,2006,1.37,0.69,0.5805084745762713,0.2923728813559322,2.06
New Mexico,2007,1.39,0.7,0.5815899581589957,0.2928870292887029,2.09
New Mexico,2008,1.41,0.71,0.5802469135802468,0.2921810699588477,2.12
New Mexico,2009,1.34,0.72,0.5630252100840337,0.3025210084033613,2.06
New Mexico,2010,1.23,0.74,0.5394736842105263,0.32456140350877194,1.97
New Mexico,2011,1.32,0.72,0.5617021276595745,0.30638297872340425,2.04
New Mexico,2012,1.24,0.79,0.5254237288135594,0.33474576271186446,2.0300000000000002
New Mexico,2013,1.17,0.84,0.5,0.358974358974359,2.01
New Mexico,2014,1.29,0.82,0.5352697095435685,0.3402489626556016,2.11
New Mexico,2015,1.02,0.78,0.4857142857142857,0.37142857142857144,1.8
New Mexico,2016,1.1,0.84,0.48672566371681425,0.37168141592920356,1.94
New Mexico,2017,1.05,0.81,0.4861111111111111,0.375,1.86
New Mexico,2018,1.07,0.89,0.4734513274336284,0.39380530973451333,1.96
New Mexico,2019,1.17,0.78,0.5176991150442478,0.3451327433628319,1.95
New Mexico,2020,1.2,0.79,0.5240174672489083,0.34497816593886466,1.99
New Mexico,2021,1.21,0.85,0.510548523206751,0.3586497890295358,2.06
New Mexico,2022,1.18,0.89,0.49789029535864976,0.3755274261603375,2.07
New Mexico,2023,1.13,0.88,0.4891774891774891,0.38095238095238093,2.01
New York,1977,1.18,1.18,0.4290909090909091,0.4290909090909091,2.36
New York,1978,1.18,1.18,0.4244604316546763,0.4244604316546763,2.36
New York,1979,1.21,1.17,0.4275618374558304,0.41342756183745577,2.38
New York,1980,1.27,1.17,0.436426116838488,0.40206185567010305,2.44
New York,1981,1.25,1.12,0.4416961130742049,0.39575971731448767,2.37
New York,1982,1.26,1.11,0.4421052631578947,0.38947368421052636,2.37
New York,1983,1.23,1.05,0.44404332129963897,0.37906137184115524,2.2800000000000002
New York,1984,1.14,1.03,0.42696629213483145,0.3857677902621723,2.17
New York,1985,1.14,0.98,0.43678160919540227,0.37547892720306514,2.12
New York,1986,1.12,0.91,0.4426877470355732,0.3596837944664032,2.0300000000000002
New York,1987,1.14,0.9,0.4541832669322709,0.35856573705179284,2.04
New York,1988,1.14,0.86,0.4653061224489795,0.3510204081632653,2.0
New York,1989,1.11,0.81,0.47435897435897445,0.3461538461538462,1.9200000000000002
New York,1990,1.13,0.76,0.49130434782608695,0.3304347826086957,1.89
New York,1991,1.09,0.69,0.5093457943925234,0.32242990654205606,1.78
New York,1992,1.04,0.68,0.4976076555023924,0.3253588516746412,1.7200000000000002
New York,1993,1.0,0.62,0.5076142131979695,0.3147208121827411,1.62
New York,1994,0.98,0.6,0.5077720207253886,0.31088082901554404,1.58
New York,1995,1.0,0.57,0.5128205128205129,0.29230769230769227,1.5699999999999998
New York,1996,0.91,0.57,0.4945652173913043,0.3097826086956521,1.48
New York,1997,0.86,0.56,0.48044692737430167,0.3128491620111732,1.42
New York,1998,0.95,0.51,0.5163043478260869,0.27717391304347827,1.46
New York,1999,0.93,0.56,0.5027027027027027,0.3027027027027027,1.4900000000000002
New York,2000,0.92,0.58,0.4893617021276596,0.30851063829787234,1.5
New York,2001,0.96,0.56,0.5079365079365079,0.29629629629629634,1.52
New York,2002,0.95,0.59,0.4947916666666667,0.3072916666666667,1.54
New York,2003,0.93,0.61,0.4793814432989691,0.31443298969072164,1.54
New York,2004,0.92,0.62,0.46938775510204084,0.3163265306122449,1.54
New York,2005,0.91,0.65,0.45728643216080406,0.32663316582914576,1.56
New York,2006,0.89,0.66,0.44278606965174133,0.32835820895522394,1.55
New York,2007,0.93,0.69,0.44285714285714284,0.3285714285714285,1.62
New York,2008,0.93,0.68,0.44711538461538464,0.3269230769230769,1.61
New York,2009,0.92,0.7,0.4423076923076923,0.3365384615384615,1.62
New York,2010,0.89,0.71,0.42583732057416274,0.3397129186602871,1.6
New York,2011,0.89,0.73,0.4218009478672986,0.3459715639810427,1.62
New York,2012,0.91,0.75,0.41935483870967744,0.3456221198156682,1.6600000000000001
New York,2013,0.93,0.77,0.42081447963800905,0.3484162895927602,1.7000000000000002
New York,2014,0.9,0.77,0.40909090909090906,0.35,1.67
New York,2015,0.91,0.77,0.4155251141552512,0.35159817351598177,1.6800000000000002
New York,2016,0.91,0.79,0.4080717488789238,0.3542600896860987,1.7000000000000002
New York,2017,0.9,0.79,0.40358744394618834,0.3542600896860987,1.69
New York,2018,0.88,0.81,0.3981900452488688,0.36651583710407243,1.69
New York,2019,0.88,0.81,0.39639639639639634,0.36486486486486486,1.69
New York,2020,0.81,0.85,0.37850467289719625,0.397196261682243,1.6600000000000001
New York,2021,0.88,0.89,0.3893805309734514,0.39380530973451333,1.77
New York,2022,0.83,0.96,0.3688888888888889,0.42666666666666664,1.79
New York,2023,0.81,0.98,0.36160714285714285,0.43749999999999994,1.79
North Carolina,1977,0.98,0.81,0.494949494949495,0.4090909090909091,1.79
North Carolina,1978,1.02,0.83,0.5,0.4068627450980392,1.85
North Carolina,1979,1.04,0.84,0.4976076555023924,0.4019138755980861,1.88
North Carolina,1980,1.1,0.85,0.5092592592592593,0.3935185185185185,1.9500000000000002
North Carolina,1981,1.1,0.86,0.5092592592592593,0.39814814814814814,1.96
North Carolina,1982,1.07,0.85,0.5023474178403756,0.39906103286384975,1.92
North Carolina,1983,1.11,0.8,0.5235849056603774,0.37735849056603776,1.9100000000000001
North Carolina,1984,1.11,0.78,0.5211267605633804,0.36619718309859156,1.8900000000000001
North Carolina,1985,1.1,0.76,0.5164319248826291,0.35680751173708924,1.86
North Carolina,1986,1.11,0.74,0.516279069767442,0.34418604651162793,1.85
North Carolina,1987,1.11,0.71,0.5311004784688996,0.3397129186602871,1.82
North Carolina,1988,1.11,0.68,0.5336538461538461,0.3269230769230769,1.79
North Carolina,1989,1.13,0.66,0.551219512195122,0.3219512195121952,1.79
North Carolina,1990,1.16,0.65,0.5576923076923076,0.3125,1.81
North Carolina,1991,1.11,0.6,0.5663265306122449,0.30612244897959184,1.71
North Carolina,1992,1.14,0.59,0.5816326530612245,0.3010204081632653,1.73
North Carolina,1993,1.14,0.56,0.59375,0.2916666666666667,1.7
North Carolina,1994,1.14,0.54,0.6031746031746031,0.28571428571428575,1.68
North Carolina,1995,1.12,0.53,0.5989304812834225,0.28342245989304815,1.6500000000000001
North Carolina,1996,1.21,0.53,0.611111111111111,0.2676767676767677,1.74
North Carolina,1997,1.22,0.52,0.6192893401015228,0.2639593908629442,1.74
North Carolina,1998,1.21,0.5,0.6237113402061856,0.2577319587628866,1.71
North Carolina,1999,1.21,0.51,0.6173469387755102,0.2602040816326531,1.72
North Carolina,2000,1.22,0.52,0.6161616161616161,0.26262626262626265,1.74
North Carolina,2001,1.24,0.51,0.62,0.255,1.75
North Carolina,2002,1.25,0.5,0.6188118811881188,0.24752475247524752,1.75
North Carolina,2003,1.21,0.52,0.605,0.26,1.73
North Carolina,2004,1.16,0.53,0.5829145728643216,0.2663316582914573,1.69
North Carolina,2005,1.13,0.54,0.5765306122448979,0.2755102040816327,1.67
North Carolina,2006,1.14,0.54,0.5671641791044776,0.2686567164179105,1.68
North Carolina,2007,1.15,0.56,0.5637254901960784,0.27450980392156865,1.71
North Carolina,2008,1.13,0.57,0.5566502463054187,0.28078817733990147,1.6999999999999997
North Carolina,2009,1.1,0.57,0.5472636815920399,0.2835820895522388,1.67
North Carolina,2010,1.07,0.57,0.535,0.285,1.6400000000000001
North Carolina,2011,1.05,0.58,0.5223880597014926,0.2885572139303483,1.63
North Carolina,2012,1.06,0.6,0.5196078431372549,0.29411764705882354,1.6600000000000001
North Carolina,2013,1.04,0.6,0.5098039215686274,0.29411764705882354,1.6400000000000001
North Carolina,2014,1.05,0.61,0.5072463768115942,0.2946859903381643,1.6600000000000001
North Carolina,2015,1.05,0.63,0.5,0.3,1.6800000000000002
North Carolina,2016,1.05,0.64,0.49528301886792453,0.3018867924528302,1.69
North Carolina,2017,1.05,0.65,0.4929577464788733,0.3051643192488263,1.7000000000000002
North Carolina,2018,1.04,0.68,0.47926267281105994,0.3133640552995392,1.7200000000000002
North Carolina,2019,1.04,0.7,0.4727272727272727,0.3181818181818181,1.74
North Carolina,2020,1.08,0.79,0.4595744680851064,0.33617021276595743,1.87
North Carolina,2021,1.07,0.82,0.4476987447698745,0.3430962343096234,1.8900000000000001
North Carolina,2022,1.03,0.83,0.43829787234042555,0.3531914893617021,1.8599999999999999
North Carolina,2023,1.0,0.82,0.4385964912280702,0.35964912280701755,1.8199999999999998
North Dakota,1977,1.35,1.12,0.5152671755725191,0.4274809160305344,2.47
North Dakota,1978,1.45,1.15,0.5253623188405797,0.4166666666666667,2.5999999999999996
North Dakota,1979,1.46,1.1,0.5367647058823529,0.40441176470588236,2.56
North Dakota,1980,1.52,1.13,0.5390070921985816,0.400709219858156,2.65
North Dakota,1981,1.53,1.14,0.5368421052631579,0.39999999999999997,2.67
North Dakota,1982,1.52,1.09,0.5448028673835126,0.3906810035842294,2.6100000000000003
North Dakota,1983,1.49,1.05,0.5498154981549815,0.3874538745387454,2.54
North Dakota,1984,1.41,0.99,0.55078125,0.38671875,2.4
North Dakota,1985,1.34,0.96,0.536,0.384,2.3
North Dakota,1986,1.34,0.87,0.5491803278688525,0.35655737704918034,2.21
North Dakota,1987,1.37,0.89,0.5546558704453441,0.36032388663967607,2.2600000000000002
North Dakota,1988,1.41,0.88,0.5685483870967741,0.3548387096774194,2.29
North Dakota,1989,1.41,0.86,0.5778688524590164,0.3524590163934426,2.27
North Dakota,1990,1.47,0.93,0.57421875,0.36328125,2.4
North Dakota,1991,1.43,0.86,0.5860655737704918,0.3524590163934426,2.29
North Dakota,1992,1.38,0.85,0.5774058577405857,0.35564853556485354,2.23
North Dakota,1993,1.37,0.84,0.5805084745762713,0.3559322033898305,2.21
North Dakota,1994,1.39,0.78,0.5991379310344828,0.3362068965517242,2.17
North Dakota,1995,1.36,0.77,0.5964912280701755,0.3377192982456141,2.13
North Dakota,1996,1.4,0.77,0.6086956521739131,0.3347826086956522,2.17
North Dakota,1997,1.4,0.77,0.6086956521739131,0.3347826086956522,2.17
North Dakota,1998,1.45,0.76,0.6170212765957447,0.3234042553191489,2.21
North Dakota,1999,1.48,0.78,0.6141078838174273,0.3236514522821577,2.26
North Dakota,2000,1.47,0.79,0.6125,0.3291666666666667,2.26
North Dakota,2001,1.46,0.81,0.6033057851239669,0.33471074380165294,2.27
North Dakota,2002,1.51,0.83,0.604,0.33199999999999996,2.34
North Dakota,2003,1.53,0.86,0.59765625,0.3359375,2.39
North Dakota,2004,1.49,0.82,0.5983935742971886,0.32931726907630515,2.31
North Dakota,2005,1.48,0.94,0.5692307692307692,0.36153846153846153,2.42
North Dakota,2006,1.5,1.0,0.5555555555555555,0.37037037037037035,2.5
North Dakota,2007,1.53,1.06,0.5425531914893618,0.3758865248226951,2.59
North Dakota,2008,1.6,1.11,0.54421768707483,0.3775510204081633,2.71
North Dakota,2009,1.59,1.13,0.5371621621621622,0.38175675675675674,2.7199999999999998
North Dakota,2010,1.49,1.19,0.5085324232081911,0.40614334470989755,2.6799999999999997
North Dakota,2011,1.66,1.26,0.5220125786163522,0.3962264150943396,2.92
North Dakota,2012,1.75,1.38,0.5102040816326531,0.4023323615160349,3.13
North Dakota,2013,1.69,1.38,0.49852507374631266,0.4070796460176991,3.07
North Dakota,2014,1.68,1.4,0.48979591836734687,0.4081632653061224,3.08
North Dakota,2015,1.58,1.33,0.4846625766871166,0.4079754601226994,2.91
North Dakota,2016,1.51,1.29,0.48089171974522293,0.410828025477707,2.8
North Dakota,2017,1.51,1.3,0.4793650793650794,0.41269841269841273,2.81
North Dakota,2018,1.5,1.33,0.47468354430379744,0.4208860759493671,2.83
North Dakota,2019,1.48,1.37,0.4654088050314465,0.4308176100628931,2.85
North Dakota,2020,1.45,1.42,0.45312499999999994,0.44375,2.87
North Dakota,2021,1.49,1.48,0.45288753799392095,0.44984802431610943,2.9699999999999998
North Dakota,2022,1.39,1.62,0.4186746987951807,0.48795180722891573,3.01
North Dakota,2023,1.33,1.78,0.39117647058823535,0.5235294117647059,3.1100000000000003
Northeast Region,1977,1.25,1.1,0.4646840148698885,0.4089219330855019,2.35
Northeast Region,1978,1.26,1.1,0.46153846153846156,0.40293040293040294,2.3600000000000003
Northeast Region,1979,1.29,1.09,0.4673913043478261,0.3949275362318841,2.38
Northeast Region,1980,1.33,1.09,0.46996466431095407,0.38515901060070673,2.42
Northeast Region,1981,1.31,1.07,0.4678571428571429,0.3821428571428572,2.38
Northeast Region,1982,1.31,1.06,0.4678571428571429,0.3785714285714286,2.37
Northeast Region,1983,1.31,1.03,0.47463768115942034,0.3731884057971015,2.34
Northeast Region,1984,1.25,1.01,0.4629629629629629,0.37407407407407406,2.26
Northeast Region,1985,1.25,0.98,0.4699248120300752,0.3684210526315789,2.23
Northeast Region,1986,1.24,0.93,0.47328244274809156,0.3549618320610687,2.17
Northeast Region,1987,1.25,0.91,0.48262548262548266,0.35135135135135137,2.16
Northeast Region,1988,1.25,0.86,0.4980079681274901,0.3426294820717132,2.11
Northeast Region,1989,1.22,0.84,0.5,0.3442622950819672,2.06
Northeast Region,1990,1.23,0.8,0.5103734439834025,0.33195020746887965,2.0300000000000002
Northeast Region,1991,1.19,0.73,0.5265486725663717,0.3230088495575221,1.92
Northeast Region,1992,1.14,0.72,0.5158371040723981,0.3257918552036199,1.8599999999999999
Northeast Region,1993,1.13,0.68,0.5255813953488372,0.3162790697674419,1.81
Northeast Region,1994,1.11,0.67,0.5235849056603774,0.3160377358490566,1.7800000000000002
Northeast Region,1995,1.11,0.64,0.5260663507109006,0.3033175355450237,1.75
Northeast Region,1996,1.07,0.64,0.5194174757281553,0.3106796116504854,1.71
Northeast Region,1997,1.07,0.63,0.5194174757281553,0.3058252427184466,1.7000000000000002
Northeast Region,1998,1.07,0.61,0.5219512195121953,0.29756097560975614,1.6800000000000002
Northeast Region,1999,1.07,0.63,0.514423076923077,0.30288461538461536,1.7000000000000002
Northeast Region,2000,1.08,0.66,0.5094339622641509,0.3113207547169811,1.7400000000000002
Northeast Region,2001,1.1,0.64,0.5164319248826291,0.3004694835680751,1.7400000000000002
Northeast Region,2002,1.1,0.66,0.5092592592592593,0.3055555555555555,1.7600000000000002
Northeast Region,2003,1.08,0.68,0.4976958525345623,0.3133640552995392,1.7600000000000002
Northeast Region,2004,1.07,0.7,0.48636363636363633,0.3181818181818181,1.77
Northeast Region,2005,1.07,0.72,0.48198198198198194,0.3243243243243243,1.79
Northeast Region,2006,1.07,0.73,0.47555555555555556,0.3244444444444444,1.8
Northeast Region,2007,1.09,0.75,0.47186147186147187,0.3246753246753247,1.84
Northeast Region,2008,1.09,0.76,0.47186147186147187,0.329004329004329,1.85
Northeast Region,2009,1.07,0.77,0.46320346320346323,0.3333333333333333,1.84
Northeast Region,2010,1.06,0.78,0.4549356223175966,0.33476394849785407,1.84
Northeast Region,2011,1.05,0.8,0.44491525423728817,0.33898305084745767,1.85
Northeast Region,2012,1.06,0.82,0.4435146443514644,0.3430962343096234,1.88
Northeast Region,2013,1.06,0.83,0.4416666666666667,0.3458333333333333,1.8900000000000001
Northeast Region,2014,1.03,0.84,0.4291666666666667,0.35,1.87
Northeast Region,2015,1.04,0.85,0.43333333333333335,0.3541666666666667,1.8900000000000001
Northeast Region,2016,1.03,0.87,0.4256198347107438,0.359504132231405,1.9
Northeast Region,2017,1.02,0.88,0.42148760330578516,0.36363636363636365,1.9
Northeast Region,2018,1.0,0.9,0.41493775933609955,0.37344398340248963,1.9
Northeast Region,2019,1.0,0.92,0.4098360655737705,0.3770491803278689,1.92
Northeast Region,2020,0.96,0.95,0.3983402489626556,0.39419087136929454,1.91
Northeast Region,2021,1.01,1.04,0.39763779527559057,0.4094488188976378,2.05
Northeast Region,2022,0.96,1.1,0.38095238095238093,0.43650793650793657,2.06
Northeast Region,2023,0.93,1.13,0.372,0.45199999999999996,2.06
Ohio,1977,1.16,0.7,0.5714285714285714,0.3448275862068966,1.8599999999999999
Ohio,1978,1.19,0.7,0.5721153846153846,0.3365384615384615,1.89
Ohio,1979,1.35,0.7,0.6000000000000001,0.3111111111111111,2.05
Ohio,1980,1.39,0.72,0.5965665236051502,0.30901287553648066,2.11
Ohio,1981,1.35,0.68,0.6000000000000001,0.3022222222222222,2.0300000000000002
Ohio,1982,1.4,0.66,0.6140350877192983,0.2894736842105263,2.06
Ohio,1983,1.36,0.65,0.609865470852018,0.2914798206278027,2.0100000000000002
Ohio,1984,1.41,0.61,0.6211453744493391,0.2687224669603524,2.02
Ohio,1985,1.37,0.59,0.6199095022624435,0.2669683257918552,1.96
Ohio,1986,1.32,0.6,0.6055045871559633,0.2752293577981651,1.92
Ohio,1987,1.35,0.59,0.6192660550458715,0.2706422018348624,1.94
Ohio,1988,1.35,0.55,0.6338028169014085,0.25821596244131456,1.9000000000000001
Ohio,1989,1.36,0.51,0.6507177033492824,0.24401913875598089,1.87
Ohio,1990,1.34,0.53,0.6411483253588518,0.25358851674641153,1.87
Ohio,1991,1.33,0.51,0.6551724137931035,0.2512315270935961,1.84
Ohio,1992,1.32,0.5,0.6666666666666667,0.25252525252525254,1.82
Ohio,1993,1.29,0.5,0.6615384615384615,0.25641025641025644,1.79
Ohio,1994,1.31,0.37,0.7081081081081081,0.19999999999999998,1.6800000000000002
Ohio,1995,1.29,0.43,0.6825396825396826,0.22751322751322753,1.72
Ohio,1996,1.36,0.43,0.6903553299492386,0.2182741116751269,1.79
Ohio,1997,1.28,0.43,0.6736842105263159,0.22631578947368422,1.71
Ohio,1998,1.3,0.44,0.6701030927835052,0.2268041237113402,1.74
Ohio,1999,1.32,0.37,0.6947368421052632,0.19473684210526315,1.69
Ohio,2000,1.32,0.38,0.6910994764397906,0.19895287958115185,1.7000000000000002
Ohio,2001,1.34,0.39,0.694300518134715,0.20207253886010365,1.73
Ohio,2002,1.35,0.39,0.6923076923076924,0.2,1.7400000000000002
Ohio,2003,1.34,0.4,0.6871794871794872,0.20512820512820515,1.7400000000000002
Ohio,2004,1.34,0.42,0.6802030456852792,0.2131979695431472,1.76
Ohio,2005,1.34,0.43,0.67,0.215,1.77
Ohio,2006,1.33,0.44,0.6616915422885573,0.21890547263681595,1.77
Ohio,2007,1.34,0.45,0.6568627450980392,0.22058823529411764,1.79
Ohio,2008,1.33,0.46,0.6487804878048782,0.22439024390243906,1.79
Ohio,2009,1.3,0.47,0.6403940886699508,0.23152709359605914,1.77
Ohio,2010,1.29,0.48,0.6386138613861386,0.2376237623762376,1.77
Ohio,2011,1.24,0.5,0.6138613861386139,0.24752475247524752,1.74
Ohio,2012,1.23,0.51,0.6059113300492611,0.2512315270935961,1.74
Ohio,2013,1.22,0.53,0.5980392156862745,0.25980392156862747,1.75
Ohio,2014,1.19,0.54,0.5862068965517242,0.26600985221674883,1.73
Ohio,2015,1.17,0.56,0.5763546798029557,0.2758620689655173,1.73
Ohio,2016,1.15,0.58,0.5665024630541872,0.2857142857142857,1.73
Ohio,2017,1.12,0.6,0.5544554455445545,0.297029702970297,1.7200000000000002
Ohio,2018,1.1,0.62,0.5418719211822661,0.3054187192118227,1.7200000000000002
Ohio,2019,1.1,0.64,0.5365853658536587,0.31219512195121957,1.7400000000000002
Ohio,2020,1.1,0.7,0.5213270142180095,0.33175355450236965,1.8
Ohio,2021,1.11,0.73,0.516279069767442,0.3395348837209302,1.84
Ohio,2022,1.08,0.71,0.5142857142857143,0.33809523809523806,1.79
Ohio,2023,1.03,0.7,0.5073891625615764,0.3448275862068966,1.73
Oklahoma,1977,1.04,0.77,0.5333333333333333,0.3948717948717949,1.81
Oklahoma,1978,1.05,0.8,0.525,0.4,1.85
Oklahoma,1979,1.03,0.78,0.5309278350515464,0.4020618556701031,1.81
Oklahoma,1980,1.07,0.71,0.5515463917525774,0.36597938144329895,1.78
Oklahoma,1981,1.14,0.83,0.5352112676056338,0.38967136150234744,1.9699999999999998
Oklahoma,1982,1.15,0.82,0.5373831775700934,0.3831775700934579,1.9699999999999998
Oklahoma,1983,1.04,0.77,0.5279187817258884,0.39086294416243655,1.81
Oklahoma,1984,1.0,0.74,0.5235602094240838,0.387434554973822,1.74
Oklahoma,1985,1.05,0.68,0.5585106382978724,0.3617021276595745,1.73
Oklahoma,1986,1.06,0.62,0.5760869565217391,0.33695652173913043,1.6800000000000002
Oklahoma,1987,1.06,0.58,0.5921787709497207,0.3240223463687151,1.6400000000000001
Oklahoma,1988,1.07,0.52,0.6184971098265897,0.30057803468208094,1.59
Oklahoma,1989,1.08,0.54,0.6171428571428572,0.3085714285714286,1.62
Oklahoma,1990,1.12,0.55,0.6187845303867404,0.30386740331491713,1.6700000000000002
Oklahoma,1991,1.09,0.54,0.6193181818181819,0.3068181818181818,1.6300000000000001
Oklahoma,1992,1.13,0.55,0.6243093922651933,0.30386740331491713,1.68
Oklahoma,1993,1.11,0.48,0.6529411764705884,0.2823529411764706,1.59
Oklahoma,1994,1.15,0.5,0.646067415730337,0.2808988764044944,1.65
Oklahoma,1995,1.1,0.44,0.6626506024096387,0.26506024096385544,1.54
Oklahoma,1996,1.09,0.45,0.6566265060240964,0.27108433734939763,1.54
Oklahoma,1997,1.1,0.43,0.6666666666666667,0.2606060606060606,1.53
Oklahoma,1998,1.12,0.43,0.6666666666666667,0.25595238095238093,1.55
Oklahoma,1999,1.11,0.44,0.6607142857142858,0.2619047619047619,1.55
Oklahoma,2000,1.12,0.44,0.6627218934911243,0.2603550295857988,1.56
Oklahoma,2001,1.11,0.43,0.6727272727272728,0.2606060606060606,1.54
Oklahoma,2002,1.12,0.58,0.6153846153846154,0.31868131868131866,1.7000000000000002
Oklahoma,2003,1.06,0.74,0.5492227979274612,0.383419689119171,1.8
Oklahoma,2004,1.11,0.46,0.6529411764705884,0.2705882352941177,1.57
Oklahoma,2005,1.09,0.55,0.6055555555555556,0.3055555555555556,1.6400000000000001
Oklahoma,2006,1.13,0.56,0.60427807486631,0.29946524064171126,1.69
Oklahoma,2007,1.17,0.57,0.612565445026178,0.29842931937172773,1.7399999999999998
Oklahoma,2008,1.22,0.58,0.6192893401015228,0.29441624365482233,1.7999999999999998
Oklahoma,2009,1.17,0.58,0.6062176165803108,0.3005181347150259,1.75
Oklahoma,2010,1.16,0.58,0.6041666666666666,0.3020833333333333,1.7399999999999998
Oklahoma,2011,1.14,0.59,0.59375,0.3072916666666667,1.73
Oklahoma,2012,1.14,0.61,0.5876288659793814,0.31443298969072164,1.75
Oklahoma,2013,1.11,0.62,0.5751295336787565,0.3212435233160622,1.73
Oklahoma,2014,1.09,0.63,0.5706806282722514,0.3298429319371728,1.7200000000000002
Oklahoma,2015,1.07,0.62,0.5661375661375662,0.3280423280423281,1.69
Oklahoma,2016,1.05,0.64,0.5555555555555556,0.33862433862433866,1.69
Oklahoma,2017,1.03,0.65,0.5508021390374331,0.34759358288770054,1.6800000000000002
Oklahoma,2018,1.0,0.65,0.5405405405405405,0.35135135135135137,1.65
Oklahoma,2019,0.99,0.66,0.5351351351351351,0.3567567567567568,1.65
Oklahoma,2020,0.99,0.68,0.532258064516129,0.3655913978494624,1.67
Oklahoma,2021,0.99,0.73,0.5210526315789474,0.3842105263157895,1.72
Oklahoma,2022,0.94,0.74,0.5026737967914437,0.3957219251336898,1.68
Oklahoma,2023,0.89,0.73,0.49444444444444446,0.40555555555555556,1.62
Oregon,1977,1.3,0.94,0.48148148148148145,0.3481481481481481,2.24
Oregon,1978,1.32,0.96,0.4817518248175182,0.3503649635036496,2.2800000000000002
Oregon,1979,1.36,0.94,0.4909747292418773,0.33935018050541516,2.3
Oregon,1980,1.36,0.94,0.4839857651245552,0.33451957295373663,2.3
Oregon,1981,1.37,0.92,0.4910394265232975,0.32974910394265233,2.29
Oregon,1982,1.32,0.88,0.4852941176470588,0.32352941176470584,2.2
Oregon,1983,1.32,0.85,0.4888888888888889,0.31481481481481477,2.17
Oregon,1984,1.28,0.82,0.48669201520912553,0.311787072243346,2.1
Oregon,1985,1.25,0.77,0.4844961240310077,0.29844961240310075,2.02
Oregon,1986,1.28,0.74,0.49805447470817127,0.2879377431906615,2.02
Oregon,1987,1.28,0.73,0.5039370078740157,0.2874015748031496,2.01
Oregon,1988,1.29,0.72,0.5119047619047619,0.2857142857142857,2.01
Oregon,1989,1.28,0.7,0.5203252032520326,0.2845528455284553,1.98
Oregon,1990,1.32,0.73,0.5258964143426296,0.2908366533864542,2.05
Oregon,1991,1.28,0.67,0.5378151260504203,0.28151260504201686,1.9500000000000002
Oregon,1992,1.29,0.67,0.5352697095435685,0.27800829875518673,1.96
Oregon,1993,1.24,0.64,0.5367965367965368,0.27705627705627706,1.88
Oregon,1994,1.23,0.62,0.5565610859728507,0.28054298642533937,1.85
Oregon,1995,1.21,0.59,0.5426008968609866,0.2645739910313901,1.7999999999999998
Oregon,1996,1.23,0.61,0.5418502202643172,0.2687224669603524,1.8399999999999999
Oregon,1997,1.19,0.6,0.5312499999999999,0.26785714285714285,1.79
Oregon,1998,1.2,0.61,0.5333333333333333,0.2711111111111111,1.81
Oregon,1999,1.21,0.63,0.5330396475770925,0.2775330396475771,1.8399999999999999
Oregon,2000,1.2,0.64,0.5263157894736842,0.28070175438596495,1.8399999999999999
Oregon,2001,1.22,0.65,0.5304347826086957,0.28260869565217395,1.87
Oregon,2002,1.22,0.66,0.5213675213675214,0.2820512820512821,1.88
Oregon,2003,1.2,0.69,0.5084745762711864,0.2923728813559322,1.89
Oregon,2004,1.23,0.72,0.5040983606557377,0.29508196721311475,1.95
Oregon,2005,1.16,0.75,0.48333333333333334,0.3125,1.91
Oregon,2006,1.32,0.78,0.5096525096525097,0.30115830115830117,2.1
Oregon,2007,1.35,0.81,0.5094339622641509,0.3056603773584906,2.16
Oregon,2008,1.22,0.83,0.48031496062992124,0.32677165354330706,2.05
Oregon,2009,1.28,0.82,0.4942084942084942,0.3166023166023166,2.1
Oregon,2010,1.19,0.83,0.47410358565737054,0.3306772908366534,2.02
Oregon,2011,1.18,0.85,0.4555984555984556,0.3281853281853282,2.03
Oregon,2012,1.21,0.89,0.45488721804511273,0.33458646616541354,2.1
Oregon,2013,1.2,0.89,0.45112781954887216,0.33458646616541354,2.09
Oregon,2014,1.23,0.9,0.4555555555555555,0.3333333333333333,2.13
Oregon,2015,1.23,0.9,0.45387453874538747,0.33210332103321033,2.13
Oregon,2016,1.24,0.92,0.44927536231884063,0.33333333333333337,2.16
Oregon,2017,1.24,0.93,0.44927536231884063,0.3369565217391305,2.17
Oregon,2018,1.21,0.95,0.44160583941605835,0.34671532846715325,2.16
Oregon,2019,1.16,0.98,0.4280442804428044,0.36162361623616235,2.1399999999999997
Oregon,2020,1.13,1.04,0.4169741697416974,0.3837638376383764,2.17
Oregon,2021,1.1,1.04,0.3914590747330961,0.37010676156583633,2.14
Oregon,2022,1.21,1.02,0.43214285714285716,0.3642857142857143,2.23
Oregon,2023,1.32,1.0,0.45833333333333337,0.3472222222222222,2.3200000000000003
Pennsylvania,1977,1.34,0.74,0.5903083700440529,0.32599118942731276,2.08
Pennsylvania,1978,1.35,0.73,0.5869565217391305,0.3173913043478261,2.08
Pennsylvania,1979,1.4,0.72,0.5982905982905983,0.3076923076923077,2.12
Pennsylvania,1980,1.45,0.71,0.606694560669456,0.2970711297071129,2.16
Pennsylvania,1981,1.42,0.72,0.5966386554621849,0.3025210084033613,2.1399999999999997
Pennsylvania,1982,1.44,0.7,0.6075949367088607,0.2953586497890295,2.1399999999999997
Pennsylvania,1983,1.41,0.67,0.6103896103896104,0.29004329004329005,2.08
Pennsylvania,1984,1.38,0.67,0.6106194690265487,0.2964601769911505,2.05
Pennsylvania,1985,1.38,0.65,0.6188340807174888,0.2914798206278027,2.03
Pennsylvania,1986,1.4,0.64,0.6222222222222222,0.28444444444444444,2.04
Pennsylvania,1987,1.4,0.62,0.6306306306306305,0.27927927927927926,2.02
Pennsylvania,1988,1.41,0.54,0.6588785046728971,0.25233644859813087,1.95
Pennsylvania,1989,1.38,0.57,0.647887323943662,0.2676056338028169,1.9499999999999997
Pennsylvania,1990,1.42,0.55,0.6604651162790698,0.2558139534883721,1.97
Pennsylvania,1991,1.36,0.52,0.6634146341463416,0.25365853658536586,1.8800000000000001
Pennsylvania,1992,1.3,0.51,0.6532663316582915,0.2562814070351759,1.81
Pennsylvania,1993,1.31,0.48,0.6683673469387755,0.24489795918367346,1.79
Pennsylvania,1994,1.28,0.47,0.6632124352331606,0.24352331606217617,1.75
Pennsylvania,1995,1.26,0.45,0.6702127659574468,0.2393617021276596,1.71
Pennsylvania,1996,1.26,0.45,0.6702127659574468,0.2393617021276596,1.71
Pennsylvania,1997,1.33,0.45,0.6820512820512821,0.23076923076923078,1.78
Pennsylvania,1998,1.21,0.45,0.654054054054054,0.24324324324324323,1.66
Pennsylvania,1999,1.27,0.46,0.6614583333333334,0.23958333333333334,1.73
Pennsylvania,2000,1.29,0.47,0.6581632653061225,0.23979591836734693,1.76
Pennsylvania,2001,1.33,0.48,0.6584158415841584,0.2376237623762376,1.81
Pennsylvania,2002,1.35,0.49,0.6553398058252428,0.2378640776699029,1.84
Pennsylvania,2003,1.31,0.51,0.6421568627450981,0.25,1.82
Pennsylvania,2004,1.3,0.53,0.6310679611650486,0.25728155339805825,1.83
Pennsylvania,2005,1.32,0.55,0.6255924170616114,0.26066350710900477,1.87
Pennsylvania,2006,1.32,0.55,0.6285714285714286,0.2619047619047619,1.87
Pennsylvania,2007,1.35,0.58,0.6192660550458715,0.2660550458715596,1.9300000000000002
Pennsylvania,2008,1.36,0.61,0.609865470852018,0.273542600896861,1.9700000000000002
Pennsylvania,2009,1.37,0.63,0.6035242290748899,0.2775330396475771,2.0
Pennsylvania,2010,1.37,0.64,0.5956521739130436,0.2782608695652174,2.0100000000000002
Pennsylvania,2011,1.37,0.66,0.5879828326180258,0.2832618025751073,2.0300000000000002
Pennsylvania,2012,1.36,0.67,0.5811965811965812,0.28632478632478636,2.0300000000000002
Pennsylvania,2013,1.34,0.68,0.575107296137339,0.2918454935622318,2.02
Pennsylvania,2014,1.32,0.7,0.5641025641025642,0.29914529914529914,2.02
Pennsylvania,2015,1.31,0.7,0.5622317596566524,0.3004291845493562,2.01
Pennsylvania,2016,1.31,0.72,0.5550847457627119,0.3050847457627119,2.0300000000000002
Pennsylvania,2017,1.3,0.72,0.5531914893617021,0.30638297872340425,2.02
Pennsylvania,2018,1.29,0.72,0.5512820512820513,0.3076923076923077,2.01
Pennsylvania,2019,1.32,0.74,0.5523012552301255,0.30962343096234307,2.06
Pennsylvania,2020,1.31,0.66,0.5720524017467249,0.28820960698689957,1.9700000000000002
Pennsylvania,2021,1.35,0.8,0.5487804878048781,0.3252032520325204,2.1500000000000004
Pennsylvania,2022,1.34,0.83,0.5425101214574899,0.33603238866396756,2.17
Pennsylvania,2023,1.31,0.85,0.5368852459016393,0.3483606557377049,2.16
Rhode Island,1977,1.35,1.09,0.4720279720279721,0.38111888111888115,2.4400000000000004
Rhode Island,1978,1.37,1.13,0.45973154362416113,0.3791946308724832,2.5
Rhode Island,1979,1.42,1.08,0.47651006711409394,0.36241610738255037,2.5
Rhode Island,1980,1.46,1.13,0.46645367412140576,0.36102236421725237,2.59
Rhode Island,1981,1.36,1.04,0.4657534246575343,0.35616438356164387,2.4000000000000004
Rhode Island,1982,1.34,1.04,0.45578231292517013,0.35374149659863946,2.38
Rhode Island,1983,1.48,1.06,0.4868421052631579,0.3486842105263158,2.54
Rhode Island,1984,1.37,1.03,0.46917808219178087,0.3527397260273973,2.4000000000000004
Rhode Island,1985,1.4,1.03,0.477815699658703,0.3515358361774744,2.4299999999999997
Rhode Island,1986,1.4,0.92,0.49122807017543857,0.32280701754385965,2.32
Rhode Island,1987,1.39,0.93,0.49116607773851584,0.3286219081272085,2.32
Rhode Island,1988,1.38,0.96,0.48936170212765956,0.3404255319148936,2.34
Rhode Island,1989,1.35,0.86,0.5056179775280899,0.32209737827715357,2.21
Rhode Island,1990,1.31,0.79,0.515748031496063,0.3110236220472441,2.1
Rhode Island,1991,1.33,0.71,0.5518672199170125,0.29460580912863066,2.04
Rhode Island,1992,1.24,0.7,0.5321888412017167,0.3004291845493562,1.94
Rhode Island,1993,1.22,0.69,0.5374449339207048,0.3039647577092511,1.91
Rhode Island,1994,1.23,0.66,0.5418502202643172,0.29074889867841414,1.8900000000000001
Rhode Island,1995,1.18,0.63,0.5388127853881278,0.2876712328767123,1.81
Rhode Island,1996,1.16,0.66,0.5178571428571428,0.29464285714285715,1.8199999999999998
Rhode Island,1997,1.22,0.64,0.5304347826086957,0.2782608695652174,1.8599999999999999
Rhode Island,1998,1.14,0.63,0.5089285714285713,0.28125,1.77
Rhode Island,1999,1.14,0.69,0.4978165938864628,0.30131004366812225,1.8299999999999998
Rhode Island,2000,1.16,0.7,0.5021645021645021,0.303030303030303,1.8599999999999999
Rhode Island,2001,1.19,0.7,0.5042372881355932,0.2966101694915254,1.89
Rhode Island,2002,1.17,0.74,0.4875,0.30833333333333335,1.91
Rhode Island,2003,1.13,0.8,0.4612244897959183,0.32653061224489793,1.93
Rhode Island,2004,1.13,0.8,0.4669421487603305,0.3305785123966942,1.93
Rhode Island,2005,0.98,0.82,0.4279475982532751,0.3580786026200873,1.7999999999999998
Rhode Island,2006,1.07,0.83,0.44398340248962653,0.3443983402489626,1.9
Rhode Island,2007,1.1,0.82,0.4489795918367347,0.33469387755102037,1.92
Rhode Island,2008,1.09,0.84,0.44308943089430897,0.3414634146341463,1.9300000000000002
Rhode Island,2009,1.07,0.85,0.4331983805668016,0.3441295546558704,1.92
Rhode Island,2010,1.06,0.92,0.4173228346456693,0.36220472440944884,1.98
Rhode Island,2011,1.04,0.94,0.407843137254902,0.3686274509803922,1.98
Rhode Island,2012,1.03,0.97,0.3992248062015504,0.375968992248062,2.0
Rhode Island,2013,1.0,0.98,0.390625,0.3828125,1.98
Rhode Island,2014,1.01,0.86,0.4225941422594142,0.3598326359832636,1.87
Rhode Island,2015,0.96,0.99,0.38095238095238093,0.39285714285714285,1.95
Rhode Island,2016,0.94,1.05,0.3657587548638132,0.40856031128404674,1.99
Rhode Island,2017,0.93,1.09,0.3576923076923077,0.41923076923076924,2.02
Rhode Island,2018,0.9,1.15,0.3422053231939164,0.43726235741444863,2.05
Rhode Island,2019,0.87,1.16,0.3372093023255814,0.44961240310077516,2.03
Rhode Island,2020,0.79,1.28,0.30268199233716475,0.49042145593869735,2.0700000000000003
Rhode Island,2021,0.82,1.5,0.2867132867132867,0.5244755244755245,2.32
Rhode Island,2022,0.74,1.53,0.26523297491039427,0.5483870967741935,2.27
Rhode Island,2023,0.68,1.6,0.24727272727272728,0.5818181818181819,2.2800000000000002
South Carolina,1977,1.12,1.09,0.47257383966244726,0.459915611814346,2.21
South Carolina,1978,1.14,1.15,0.4653061224489795,0.4693877551020407,2.29
South Carolina,1979,1.18,1.12,0.48163265306122444,0.45714285714285713,2.3
South Carolina,1980,1.22,1.06,0.49795918367346936,0.43265306122448977,2.2800000000000002
South Carolina,1981,1.24,1.04,0.5,0.41935483870967744,2.2800000000000002
South Carolina,1982,1.23,0.99,0.5061728395061728,0.4074074074074074,2.2199999999999998
South Carolina,1983,1.27,1.02,0.5100401606425703,0.40963855421686746,2.29
South Carolina,1984,1.27,1.01,0.503968253968254,0.4007936507936508,2.2800000000000002
South Carolina,1985,1.28,1.0,0.5059288537549408,0.3952569169960475,2.2800000000000002
South Carolina,1986,1.31,0.93,0.5198412698412699,0.36904761904761907,2.24
South Carolina,1987,1.35,0.89,0.5357142857142857,0.3531746031746032,2.24
South Carolina,1988,1.38,0.9,0.5433070866141732,0.3543307086614173,2.28
South Carolina,1989,1.39,0.86,0.5582329317269076,0.34538152610441764,2.25
South Carolina,1990,1.44,0.92,0.5517241379310345,0.35249042145593873,2.36
South Carolina,1991,1.34,0.84,0.5560165975103735,0.34854771784232363,2.18
South Carolina,1992,1.34,0.79,0.575107296137339,0.33905579399141633,2.13
South Carolina,1993,1.36,0.75,0.5913043478260871,0.32608695652173914,2.1100000000000003
South Carolina,1994,1.38,0.74,0.6026200873362445,0.3231441048034934,2.12
South Carolina,1995,1.33,0.68,0.6045454545454545,0.3090909090909091,2.0100000000000002
South Carolina,1996,1.38,0.71,0.6,0.30869565217391304,2.09
South Carolina,1997,1.48,0.71,0.6166666666666667,0.29583333333333334,2.19
South Carolina,1998,1.44,0.72,0.6075949367088607,0.30379746835443033,2.16
South Carolina,1999,1.48,0.72,0.6141078838174273,0.2987551867219917,2.2
South Carolina,2000,1.49,0.72,0.6131687242798354,0.2962962962962963,2.21
South Carolina,2001,1.4,0.65,0.6167400881057268,0.28634361233480177,2.05
South Carolina,2002,1.4,0.67,0.6086956521739131,0.291304347826087,2.07
South Carolina,2003,1.38,0.74,0.5872340425531914,0.3148936170212766,2.12
South Carolina,2004,1.39,0.76,0.5840336134453782,0.319327731092437,2.15
South Carolina,2005,1.43,0.75,0.5909090909090909,0.30991735537190085,2.1799999999999997
South Carolina,2006,1.45,0.76,0.5918367346938775,0.31020408163265306,2.21
South Carolina,2007,1.42,0.76,0.5867768595041322,0.3140495867768595,2.1799999999999997
South Carolina,2008,1.39,0.76,0.5791666666666666,0.3166666666666667,2.15
South Carolina,2009,1.35,0.76,0.576923076923077,0.3247863247863248,2.1100000000000003
South Carolina,2010,1.31,0.76,0.5670995670995671,0.329004329004329,2.0700000000000003
South Carolina,2011,1.29,0.78,0.5584415584415584,0.33766233766233766,2.0700000000000003
South Carolina,2012,1.28,0.79,0.5517241379310346,0.3405172413793104,2.0700000000000003
South Carolina,2013,1.26,0.8,0.5454545454545454,0.3463203463203463,2.06
South Carolina,2014,1.23,0.8,0.5394736842105263,0.3508771929824562,2.0300000000000002
South Carolina,2015,1.21,0.79,0.5377777777777778,0.35111111111111115,2.0
South Carolina,2016,1.18,0.8,0.5291479820627802,0.3587443946188341,1.98
South Carolina,2017,1.14,0.8,0.5205479452054794,0.36529680365296807,1.94
South Carolina,2018,1.11,0.8,0.513888888888889,0.37037037037037035,1.9100000000000001
South Carolina,2019,1.08,0.81,0.5046728971962617,0.37850467289719625,1.8900000000000001
South Carolina,2020,1.08,0.84,0.5,0.38888888888888884,1.92
South Carolina,2021,1.06,0.88,0.4840182648401827,0.4018264840182649,1.94
South Carolina,2022,1.01,0.88,0.47417840375586856,0.4131455399061033,1.8900000000000001
South Carolina,2023,0.94,0.86,0.46305418719211827,0.4236453201970444,1.7999999999999998
South Dakota,1977,1.16,1.07,0.4853556485355648,0.4476987447698745,2.23
South Dakota,1978,1.2,1.05,0.49586776859504134,0.4338842975206612,2.25
South Dakota,1979,1.23,1.04,0.5040983606557377,0.42622950819672134,2.27
South Dakota,1980,1.3,1.07,0.5078125,0.41796875,2.37
South Dakota,1981,1.31,1.04,0.515748031496063,0.4094488188976378,2.35
South Dakota,1982,1.29,0.97,0.5286885245901639,0.3975409836065574,2.26
South Dakota,1983,1.31,0.96,0.5368852459016393,0.39344262295081966,2.27
South Dakota,1984,1.28,0.9,0.5446808510638298,0.3829787234042553,2.18
South Dakota,1985,1.23,0.95,0.5234042553191489,0.40425531914893614,2.1799999999999997
South Dakota,1986,1.26,0.83,0.5502183406113537,0.36244541484716153,2.09
South Dakota,1987,1.27,0.81,0.5570175438596492,0.3552631578947369,2.08
South Dakota,1988,1.25,0.79,0.5656108597285068,0.3574660633484163,2.04
South Dakota,1989,1.3,0.72,0.599078341013825,0.3317972350230415,2.02
South Dakota,1990,1.36,0.8,0.5811965811965812,0.34188034188034194,2.16
South Dakota,1991,1.37,0.76,0.6035242290748899,0.33480176211453744,2.13
South Dakota,1992,1.37,0.74,0.6061946902654868,0.3274336283185841,2.1100000000000003
South Dakota,1993,1.35,0.73,0.6136363636363636,0.3318181818181818,2.08
South Dakota,1994,1.38,0.73,0.6160714285714285,0.3258928571428571,2.11
South Dakota,1995,1.35,0.73,0.6108597285067874,0.33031674208144796,2.08
South Dakota,1996,1.33,0.68,0.6186046511627907,0.3162790697674419,2.0100000000000002
South Dakota,1997,1.33,0.69,0.6186046511627907,0.3209302325581395,2.02
South Dakota,1998,1.41,0.68,0.632286995515695,0.304932735426009,2.09
South Dakota,1999,1.43,0.7,0.6299559471365639,0.3083700440528634,2.13
South Dakota,2000,1.46,0.69,0.6347826086956522,0.3,2.15
South Dakota,2001,1.49,0.71,0.6340425531914894,0.3021276595744681,2.2
South Dakota,2002,1.51,0.67,0.6452991452991453,0.28632478632478636,2.18
South Dakota,2003,1.52,0.74,0.6307053941908713,0.30705394190871366,2.26
South Dakota,2004,1.51,0.76,0.6163265306122448,0.31020408163265306,2.27
South Dakota,2005,1.5,0.83,0.5952380952380952,0.32936507936507936,2.33
South Dakota,2006,1.51,0.79,0.604,0.316,2.3
South Dakota,2007,1.52,0.87,0.5823754789272031,0.33333333333333337,2.39
South Dakota,2008,1.57,0.87,0.5902255639097744,0.3270676691729323,2.44
South Dakota,2009,1.54,0.89,0.5811320754716981,0.3358490566037736,2.43
South Dakota,2010,1.53,0.92,0.5687732342007435,0.34200743494423796,2.45
South Dakota,2011,1.52,0.97,0.5487364620938628,0.35018050541516244,2.49
South Dakota,2012,1.54,0.96,0.5579710144927537,0.34782608695652173,2.5
South Dakota,2013,1.53,1.02,0.5425531914893618,0.3617021276595745,2.55
South Dakota,2014,1.5,0.99,0.5454545454545454,0.36,2.49
South Dakota,2015,1.49,1.03,0.5302491103202847,0.3665480427046263,2.52
South Dakota,2016,1.46,1.1,0.5069444444444444,0.3819444444444445,2.56
South Dakota,2017,1.53,1.02,0.5368421052631579,0.35789473684210527,2.55
South Dakota,2018,1.37,0.77,0.5780590717299579,0.32489451476793246,2.14
South Dakota,2019,1.35,0.77,0.574468085106383,0.3276595744680851,2.12
South Dakota,2020,1.34,0.78,0.5702127659574469,0.33191489361702126,2.12
South Dakota,2021,1.33,0.8,0.5659574468085107,0.3404255319148936,2.13
South Dakota,2022,1.26,0.8,0.5575221238938054,0.3539823008849558,2.06
South Dakota,2023,1.19,0.77,0.5509259259259258,0.35648148148148145,1.96
South Region,1977,1.21,0.98,0.510548523206751,0.41350210970464135,2.19
South Region,1978,1.25,1.0,0.5122950819672131,0.4098360655737705,2.25
South Region,1979,1.27,0.99,0.516260162601626,0.4024390243902439,2.26
South Region,1980,1.3,0.97,0.52,0.388,2.27
South Region,1981,1.36,0.98,0.5271317829457365,0.3798449612403101,2.34
South Region,1982,1.37,0.94,0.5393700787401575,0.37007874015748027,2.31
South Region,1983,1.36,0.91,0.5396825396825398,0.3611111111111111,2.27
South Region,1984,1.34,0.9,0.5338645418326694,0.35856573705179284,2.24
South Region,1985,1.34,0.86,0.5425101214574899,0.3481781376518218,2.2
South Region,1986,1.36,0.79,0.5596707818930041,0.32510288065843623,2.1500000000000004
South Region,1987,1.34,0.77,0.5606694560669456,0.32217573221757323,2.1100000000000003
South Region,1988,1.34,0.74,0.5702127659574469,0.3148936170212766,2.08
South Region,1989,1.33,0.74,0.5708154506437768,0.31759656652360513,2.0700000000000003
South Region,1990,1.36,0.74,0.576271186440678,0.3135593220338983,2.1
South Region,1991,1.31,0.69,0.5874439461883408,0.3094170403587444,2.0
South Region,1992,1.33,0.69,0.5884955752212391,0.30530973451327437,2.02
South Region,1993,1.33,0.66,0.6045454545454545,0.3,1.9900000000000002
South Region,1994,1.31,0.64,0.6064814814814815,0.2962962962962963,1.9500000000000002
South Region,1995,1.29,0.61,0.6084905660377359,0.28773584905660377,1.9
South Region,1996,1.3,0.61,0.6046511627906977,0.2837209302325581,1.9100000000000001
South Region,1997,1.3,0.6,0.6103286384976526,0.28169014084507044,1.9
South Region,1998,1.3,0.6,0.6103286384976526,0.28169014084507044,1.9
South Region,1999,1.3,0.6,0.6046511627906977,0.27906976744186046,1.9
South Region,2000,1.3,0.61,0.599078341013825,0.28110599078341014,1.9100000000000001
South Region,2001,1.29,0.6,0.602803738317757,0.2803738317757009,1.8900000000000001
South Region,2002,1.28,0.62,0.5925925925925926,0.28703703703703703,1.9
South Region,2003,1.27,0.64,0.5825688073394495,0.2935779816513761,1.9100000000000001
South Region,2004,1.27,0.64,0.5799086757990868,0.29223744292237447,1.9100000000000001
South Region,2005,1.26,0.65,0.5727272727272726,0.2954545454545454,1.9100000000000001
South Region,2006,1.27,0.67,0.5695067264573991,0.3004484304932736,1.94
South Region,2007,1.26,0.68,0.5625,0.30357142857142855,1.94
South Region,2008,1.25,0.68,0.5605381165919282,0.304932735426009,1.9300000000000002
South Region,2009,1.21,0.69,0.5475113122171945,0.31221719457013575,1.9
South Region,2010,1.17,0.7,0.5342465753424658,0.319634703196347,1.8699999999999999
South Region,2011,1.16,0.71,0.5248868778280543,0.3212669683257918,1.8699999999999999
South Region,2012,1.18,0.73,0.5244444444444444,0.3244444444444444,1.91
South Region,2013,1.16,0.74,0.5178571428571428,0.33035714285714285,1.9
South Region,2014,1.11,0.75,0.5,0.33783783783783783,1.86
South Region,2015,1.12,0.77,0.5,0.34375,1.8900000000000001
South Region,2016,1.11,0.79,0.4889867841409692,0.3480176211453745,1.9000000000000001
South Region,2017,1.09,0.8,0.4823008849557523,0.3539823008849558,1.8900000000000001
South Region,2018,1.06,0.81,0.4753363228699552,0.36322869955156956,1.87
South Region,2019,1.05,0.84,0.4646017699115045,0.37168141592920356,1.8900000000000001
South Region,2020,1.06,0.9,0.451063829787234,0.3829787234042553,1.96
South Region,2021,1.07,0.98,0.43852459016393447,0.4016393442622951,2.05
South Region,2022,1.02,1.0,0.42677824267782427,0.41841004184100417,2.02
South Region,2023,0.98,1.0,0.41702127659574467,0.425531914893617,1.98
Tennessee,1977,1.07,0.69,0.5752688172043011,0.3709677419354838,1.76
Tennessee,1978,1.12,0.7,0.5803108808290156,0.3626943005181347,1.82
Tennessee,1979,1.1,0.7,0.5759162303664922,0.36649214659685864,1.8
Tennessee,1980,1.1,0.69,0.5759162303664922,0.3612565445026178,1.79
Tennessee,1981,1.14,0.71,0.5757575757575757,0.35858585858585856,1.8499999999999999
Tennessee,1982,1.13,0.7,0.5736040609137055,0.35532994923857864,1.8299999999999998
Tennessee,1983,1.11,0.7,0.5692307692307693,0.358974358974359,1.81
Tennessee,1984,1.11,0.7,0.5634517766497462,0.35532994923857864,1.81
Tennessee,1985,1.12,0.68,0.5685279187817259,0.3451776649746193,1.8000000000000003
Tennessee,1986,1.18,0.63,0.5959595959595959,0.3181818181818182,1.81
Tennessee,1987,1.19,0.63,0.6040609137055838,0.3197969543147208,1.8199999999999998
Tennessee,1988,1.22,0.61,0.6192893401015228,0.3096446700507614,1.83
Tennessee,1989,1.2,0.6,0.6217616580310881,0.31088082901554404,1.7999999999999998
Tennessee,1990,1.22,0.6,0.6224489795918368,0.30612244897959184,1.8199999999999998
Tennessee,1991,1.19,0.54,0.6363636363636364,0.2887700534759358,1.73
Tennessee,1992,1.21,0.56,0.6368421052631579,0.2947368421052632,1.77
Tennessee,1993,1.2,0.54,0.641711229946524,0.2887700534759358,1.74
Tennessee,1994,1.18,0.53,0.6344086021505375,0.2849462365591398,1.71
Tennessee,1995,1.17,0.51,0.6393442622950819,0.2786885245901639,1.68
Tennessee,1996,1.14,0.51,0.6333333333333333,0.2833333333333333,1.65
Tennessee,1997,1.15,0.5,0.6388888888888888,0.2777777777777778,1.65
Tennessee,1998,1.19,0.5,0.6467391304347826,0.2717391304347826,1.69
Tennessee,1999,1.19,0.49,0.6502732240437158,0.26775956284153,1.68
Tennessee,2000,1.19,0.51,0.6432432432432432,0.2756756756756757,1.7
Tennessee,2001,1.15,0.5,0.6353591160220994,0.27624309392265195,1.65
Tennessee,2002,1.17,0.51,0.629032258064516,0.27419354838709675,1.68
Tennessee,2003,1.27,0.52,0.6479591836734694,0.2653061224489796,1.79
Tennessee,2004,1.22,0.53,0.6321243523316062,0.2746113989637306,1.75
Tennessee,2005,1.19,0.55,0.6197916666666666,0.28645833333333337,1.74
Tennessee,2006,1.14,0.56,0.6031746031746031,0.29629629629629634,1.7
Tennessee,2007,1.13,0.56,0.5947368421052631,0.2947368421052632,1.69
Tennessee,2008,1.1,0.57,0.5882352941176471,0.30481283422459887,1.67
Tennessee,2009,1.05,0.57,0.5737704918032787,0.31147540983606553,1.62
Tennessee,2010,1.04,0.61,0.5531914893617021,0.324468085106383,1.65
Tennessee,2011,1.13,0.66,0.5539215686274509,0.3235294117647059,1.79
Tennessee,2012,1.07,0.68,0.535,0.34,1.75
Tennessee,2013,1.05,0.7,0.525,0.35,1.75
Tennessee,2014,1.04,0.73,0.5148514851485149,0.3613861386138614,1.77
Tennessee,2015,1.04,0.76,0.5048543689320388,0.36893203883495146,1.8
Tennessee,2016,1.02,0.79,0.4766355140186916,0.3691588785046729,1.81
Tennessee,2017,0.99,0.81,0.46919431279620855,0.38388625592417064,1.8
Tennessee,2018,0.98,0.84,0.4579439252336448,0.3925233644859813,1.8199999999999998
Tennessee,2019,0.98,0.88,0.4474885844748858,0.4018264840182649,1.8599999999999999
Tennessee,2020,0.97,0.98,0.4217391304347826,0.42608695652173917,1.95
Tennessee,2021,1.02,1.06,0.41975308641975306,0.43621399176954734,2.08
Tennessee,2022,1.02,1.07,0.42148760330578516,0.44214876033057854,2.09
Tennessee,2023,0.96,1.07,0.4067796610169492,0.45338983050847464,2.0300000000000002
Texas,1977,1.59,0.78,0.6334661354581674,0.31075697211155384,2.37
Texas,1978,1.64,0.82,0.6307692307692307,0.3153846153846154,2.46
Texas,1979,1.7,0.84,0.6343283582089552,0.3134328358208955,2.54
Texas,1980,1.75,0.8,0.631768953068592,0.2888086642599278,2.55
Texas,1981,1.84,0.85,0.6258503401360545,0.2891156462585034,2.69
Texas,1982,1.83,0.84,0.6443661971830986,0.29577464788732394,2.67
Texas,1983,1.72,0.79,0.6187050359712231,0.2841726618705036,2.51
Texas,1984,1.73,0.79,0.6178571428571429,0.2821428571428572,2.52
Texas,1985,1.68,0.73,0.6199261992619925,0.2693726937269373,2.41
Texas,1986,1.67,0.65,0.6349809885931559,0.24714828897338406,2.32
Texas,1987,1.62,0.61,0.6428571428571429,0.24206349206349206,2.23
Texas,1988,1.61,0.59,0.6518218623481781,0.23886639676113358,2.2
Texas,1989,1.62,0.58,0.6585365853658537,0.23577235772357721,2.2
Texas,1990,1.64,0.58,0.6639676113360323,0.23481781376518215,2.2199999999999998
Texas,1991,1.6,0.55,0.6666666666666667,0.22916666666666669,2.1500000000000004
Texas,1992,1.65,0.55,0.6734693877551019,0.22448979591836735,2.2
Texas,1993,1.6,0.53,0.6866952789699571,0.2274678111587983,2.13
Texas,1994,1.6,0.51,0.6926406926406926,0.22077922077922077,2.1100000000000003
Texas,1995,1.58,0.5,0.696035242290749,0.22026431718061673,2.08
Texas,1996,1.57,0.49,0.6946902654867257,0.2168141592920354,2.06
Texas,1997,1.56,0.47,0.7027027027027026,0.2117117117117117,2.0300000000000002
Texas,1998,1.52,0.5,0.6877828054298643,0.22624434389140272,2.02
Texas,1999,1.54,0.49,0.6905829596412556,0.21973094170403587,2.0300000000000002
Texas,2000,1.53,0.5,0.68,0.2222222222222222,2.0300000000000002
Texas,2001,1.51,0.49,0.6832579185520362,0.22171945701357465,2.0
Texas,2002,1.49,0.5,0.6742081447963801,0.22624434389140272,1.99
Texas,2003,1.46,0.51,0.6666666666666666,0.23287671232876714,1.97
Texas,2004,1.45,0.52,0.6561085972850679,0.23529411764705885,1.97
Texas,2005,1.43,0.53,0.6499999999999999,0.2409090909090909,1.96
Texas,2006,1.43,0.55,0.6383928571428571,0.24553571428571427,1.98
Texas,2007,1.41,0.56,0.6294642857142856,0.25,1.97
Texas,2008,1.43,0.58,0.6271929824561404,0.2543859649122807,2.01
Texas,2009,1.41,0.58,0.6238938053097345,0.25663716814159293,1.9899999999999998
Texas,2010,1.35,0.59,0.6053811659192826,0.2645739910313901,1.94
Texas,2011,1.35,0.61,0.5947136563876653,0.2687224669603524,1.96
Texas,2012,1.33,0.63,0.5833333333333334,0.27631578947368424,1.96
Texas,2013,1.3,0.63,0.5777777777777778,0.28,1.9300000000000002
Texas,2014,1.25,0.65,0.5605381165919282,0.2914798206278027,1.9
Texas,2015,1.28,0.67,0.5614035087719299,0.29385964912280704,1.9500000000000002
Texas,2016,1.3,0.69,0.5579399141630901,0.296137339055794,1.99
Texas,2017,1.27,0.72,0.5427350427350428,0.3076923076923077,1.99
Texas,2018,1.21,0.71,0.5353982300884956,0.3141592920353982,1.92
Texas,2019,1.21,0.74,0.5307017543859649,0.32456140350877194,1.95
Texas,2020,1.25,0.82,0.5165289256198348,0.33884297520661155,2.07
Texas,2021,1.24,0.88,0.5020242914979757,0.3562753036437247,2.12
Texas,2022,1.15,0.89,0.4872881355932203,0.37711864406779666,2.04
Texas,2023,1.15,0.88,0.49145299145299143,0.3760683760683761,2.03
Us Total,1977,1.27,1.04,0.48846153846153845,0.4,2.31
Us Total,1978,1.3,1.05,0.48872180451127817,0.39473684210526316,2.35
Us Total,1979,1.34,1.04,0.4962962962962963,0.3851851851851852,2.38
Us Total,1980,1.37,1.04,0.4981818181818182,0.3781818181818182,2.41
Us Total,1981,1.39,1.02,0.5036231884057971,0.3695652173913044,2.41
Us Total,1982,1.38,0.98,0.5073529411764706,0.36029411764705876,2.36
Us Total,1983,1.37,0.96,0.5092936802973979,0.35687732342007433,2.33
Us Total,1984,1.35,0.94,0.5094339622641509,0.35471698113207545,2.29
Us Total,1985,1.33,0.91,0.5076335877862596,0.3473282442748092,2.24
Us Total,1986,1.35,0.84,0.5232558139534884,0.3255813953488372,2.19
Us Total,1987,1.34,0.83,0.5254901960784314,0.3254901960784314,2.17
Us Total,1988,1.33,0.79,0.5341365461847389,0.3172690763052209,2.12
Us Total,1989,1.32,0.78,0.5432098765432098,0.32098765432098764,2.1
Us Total,1990,1.34,0.77,0.5469387755102041,0.3142857142857143,2.1100000000000003
Us Total,1991,1.29,0.71,0.5608695652173914,0.30869565217391304,2.0
Us Total,1992,1.29,0.71,0.5608695652173914,0.30869565217391304,2.0
Us Total,1993,1.26,0.68,0.5650224215246636,0.304932735426009,1.94
Us Total,1994,1.25,0.65,0.573394495412844,0.2981651376146789,1.9
Us Total,1995,1.24,0.63,0.5767441860465117,0.2930232558139535,1.87
Us Total,1996,1.23,0.63,0.5694444444444444,0.29166666666666663,1.8599999999999999
Us Total,1997,1.22,0.62,0.5674418604651162,0.28837209302325584,1.8399999999999999
Us Total,1998,1.22,0.62,0.5674418604651162,0.28837209302325584,1.8399999999999999
Us Total,1999,1.23,0.63,0.5668202764976958,0.2903225806451613,1.8599999999999999
Us Total,2000,1.23,0.64,0.5616438356164384,0.29223744292237447,1.87
Us Total,2001,1.23,0.64,0.5642201834862385,0.2935779816513761,1.87
Us Total,2002,1.23,0.64,0.5590909090909091,0.2909090909090909,1.87
Us Total,2003,1.21,0.67,0.545045045045045,0.3018018018018018,1.88
Us Total,2004,1.21,0.68,0.5401785714285714,0.30357142857142855,1.8900000000000001
Us Total,2005,1.2,0.7,0.5333333333333333,0.3111111111111111,1.9
Us Total,2006,1.2,0.71,0.5263157894736842,0.31140350877192985,1.91
Us Total,2007,1.21,0.72,0.5238095238095238,0.3116883116883117,1.93
Us Total,2008,1.2,0.73,0.5194805194805194,0.31601731601731603,1.93
Us Total,2009,1.17,0.73,0.5109170305676856,0.3187772925764192,1.9
Us Total,2010,1.14,0.74,0.504424778761062,0.3274336283185841,1.88
Us Total,2011,1.12,0.76,0.48908296943231444,0.3318777292576419,1.8800000000000001
Us Total,2012,1.13,0.78,0.4829059829059829,0.33333333333333337,1.91
Us Total,2013,1.12,0.79,0.48068669527897,0.33905579399141633,1.9100000000000001
Us Total,2014,1.1,0.8,0.4741379310344828,0.3448275862068966,1.9000000000000001
Us Total,2015,1.09,0.81,0.4678111587982833,0.3476394849785408,1.9000000000000001
Us Total,2016,1.08,0.83,0.4595744680851064,0.3531914893617021,1.9100000000000001
Us Total,2017,1.06,0.85,0.451063829787234,0.36170212765957444,1.9100000000000001
Us Total,2018,1.05,0.87,0.44680851063829785,0.3702127659574468,1.92
Us Total,2019,1.05,0.89,0.44117647058823534,0.3739495798319328,1.94
Us Total,2020,1.05,0.95,0.43032786885245905,0.38934426229508196,2.0
Us Total,2021,1.07,1.03,0.42125984251968507,0.40551181102362205,2.1
Us Total,2022,1.03,1.06,0.4103585657370518,0.4223107569721116,2.09
Us Total,2023,0.99,1.08,0.39919354838709675,0.435483870967742,2.0700000000000003
Utah,1977,0.94,0.57,0.573170731707317,0.3475609756097561,1.5099999999999998
Utah,1978,0.93,0.59,0.5602409638554218,0.35542168674698793,1.52
Utah,1979,0.94,0.59,0.5595238095238095,0.35119047619047616,1.5299999999999998
Utah,1980,0.96,0.6,0.5647058823529412,0.35294117647058826,1.56
Utah,1981,1.02,0.59,0.5828571428571429,0.33714285714285713,1.6099999999999999
Utah,1982,1.01,0.55,0.5941176470588235,0.3235294117647059,1.56
Utah,1983,0.89,0.51,0.577922077922078,0.33116883116883117,1.4
Utah,1984,0.89,0.52,0.5741935483870968,0.33548387096774196,1.4100000000000001
Utah,1985,0.89,0.53,0.5668789808917197,0.3375796178343949,1.42
Utah,1986,0.88,0.52,0.5605095541401274,0.33121019108280253,1.4
Utah,1987,0.84,0.49,0.5637583892617449,0.32885906040268453,1.33
Utah,1988,0.82,0.48,0.5655172413793104,0.3310344827586207,1.2999999999999998
Utah,1989,0.81,0.47,0.574468085106383,0.3333333333333333,1.28
Utah,1990,0.8,0.46,0.5755395683453238,0.3309352517985612,1.26
Utah,1991,0.8,0.43,0.5970149253731343,0.3208955223880597,1.23
Utah,1992,0.79,0.42,0.5939849624060151,0.3157894736842105,1.21
Utah,1993,0.78,0.39,0.609375,0.3046875,1.17
Utah,1994,0.76,0.38,0.6129032258064516,0.3064516129032258,1.1400000000000001
Utah,1995,0.71,0.37,0.5966386554621849,0.31092436974789917,1.08
Utah,1996,0.73,0.37,0.5934959349593496,0.3008130081300813,1.1
Utah,1997,0.75,0.39,0.5905511811023622,0.30708661417322836,1.1400000000000001
Utah,1998,0.77,0.37,0.6062992125984252,0.29133858267716534,1.1400000000000001
Utah,1999,0.74,0.38,0.592,0.304,1.12
Utah,2000,0.75,0.4,0.5813953488372093,0.31007751937984496,1.15
Utah,2001,0.77,0.39,0.5923076923076923,0.3,1.1600000000000001
Utah,2002,0.77,0.39,0.5923076923076923,0.3,1.1600000000000001
Utah,2003,0.76,0.39,0.5846153846153846,0.3,1.15
Utah,2004,0.76,0.39,0.5846153846153846,0.3,1.15
Utah,2005,0.7,0.41,0.5511811023622046,0.3228346456692913,1.1099999999999999
Utah,2006,0.73,0.44,0.5488721804511277,0.3308270676691729,1.17
Utah,2007,0.77,0.44,0.5579710144927537,0.31884057971014496,1.21
Utah,2008,0.76,0.47,0.5390070921985816,0.3333333333333333,1.23
Utah,2009,0.72,0.47,0.5294117647058822,0.3455882352941176,1.19
Utah,2010,0.7,0.47,0.5185185185185185,0.3481481481481481,1.17
Utah,2011,0.68,0.49,0.5,0.36029411764705876,1.17
Utah,2012,0.69,0.5,0.5036496350364963,0.36496350364963503,1.19
Utah,2013,0.67,0.51,0.48905109489051096,0.3722627737226277,1.1800000000000002
Utah,2014,0.66,0.52,0.4817518248175182,0.3795620437956204,1.1800000000000002
Utah,2015,0.65,0.54,0.46428571428571436,0.3857142857142858,1.19
Utah,2016,0.63,0.52,0.47014925373134325,0.3880597014925373,1.15
Utah,2017,0.61,0.56,0.44852941176470584,0.411764705882353,1.17
Utah,2018,0.58,0.57,0.4296296296296296,0.42222222222222217,1.15
Utah,2019,0.56,0.57,0.4210526315789474,0.4285714285714285,1.13
Utah,2020,0.54,0.61,0.4,0.45185185185185184,1.15
Utah,2021,0.53,0.6,0.40458015267175573,0.4580152671755725,1.13
Utah,2022,0.5,0.57,0.4065040650406504,0.46341463414634143,1.0699999999999998
Utah,2023,0.46,0.59,0.38016528925619836,0.48760330578512395,1.05
Vermont,1977,1.4,1.55,0.41420118343195267,0.45857988165680474,2.95
Vermont,1978,1.5,1.56,0.42613636363636365,0.4431818181818182,3.06
Vermont,1979,1.53,1.47,0.44219653179190754,0.42485549132947975,3.0
Vermont,1980,1.43,1.38,0.43465045592705165,0.41945288753799387,2.8099999999999996
Vermont,1981,1.49,1.34,0.4487951807228916,0.4036144578313253,2.83
Vermont,1982,1.48,1.24,0.45962732919254656,0.3850931677018633,2.7199999999999998
Vermont,1983,1.53,1.2,0.4736842105263158,0.3715170278637771,2.73
Vermont,1984,1.49,1.16,0.473015873015873,0.3682539682539682,2.65
Vermont,1985,1.51,1.1,0.4763406940063092,0.34700315457413256,2.6100000000000003
Vermont,1986,1.57,1.06,0.48757763975155277,0.32919254658385094,2.63
Vermont,1987,1.58,1.0,0.4968553459119497,0.31446540880503143,2.58
Vermont,1988,1.54,0.95,0.5049180327868853,0.3114754098360656,2.49
Vermont,1989,1.49,0.89,0.5120274914089347,0.3058419243986254,2.38
Vermont,1990,1.47,0.85,0.525,0.3035714285714286,2.32
Vermont,1991,1.41,0.82,0.5241635687732342,0.3048327137546468,2.23
Vermont,1992,1.35,0.78,0.5252918287937743,0.30350194552529186,2.13
Vermont,1993,1.34,0.74,0.5317460317460317,0.29365079365079366,2.08
Vermont,1994,1.34,0.74,0.536,0.296,2.08
Vermont,1995,1.28,0.66,0.5446808510638298,0.28085106382978725,1.94
Vermont,1996,1.35,0.64,0.5578512396694215,0.2644628099173554,1.9900000000000002
Vermont,1997,1.3,0.63,0.546218487394958,0.2647058823529412,1.9300000000000002
Vermont,1998,1.31,0.62,0.5481171548117155,0.2594142259414226,1.9300000000000002
Vermont,1999,1.32,0.62,0.5454545454545455,0.256198347107438,1.94
Vermont,2000,1.32,0.63,0.5432098765432098,0.25925925925925924,1.9500000000000002
Vermont,2001,1.34,0.63,0.5469387755102041,0.2571428571428571,1.9700000000000002
Vermont,2002,1.34,0.63,0.5403225806451614,0.2540322580645161,1.9700000000000002
Vermont,2003,1.34,0.65,0.5338645418326694,0.25896414342629487,1.9900000000000002
Vermont,2004,1.34,0.66,0.5234375,0.2578125,2.0
Vermont,2005,1.44,0.68,0.5353159851301115,0.25278810408921937,2.12
Vermont,2006,1.45,0.69,0.5311355311355311,0.25274725274725274,2.1399999999999997
Vermont,2007,1.46,0.7,0.525179856115108,0.2517985611510791,2.16
Vermont,2008,1.45,0.71,0.5197132616487455,0.2544802867383512,2.16
Vermont,2009,1.43,0.7,0.516245487364621,0.2527075812274368,2.13
Vermont,2010,1.44,0.71,0.5142857142857143,0.25357142857142856,2.15
Vermont,2011,1.46,0.71,0.5122807017543859,0.24912280701754383,2.17
Vermont,2012,1.51,0.71,0.515358361774744,0.24232081911262796,2.2199999999999998
Vermont,2013,1.55,0.72,0.5149501661129569,0.23920265780730898,2.27
Vermont,2014,1.56,0.72,0.5098039215686274,0.23529411764705882,2.2800000000000002
Vermont,2015,1.57,0.73,0.5097402597402597,0.237012987012987,2.3
Vermont,2016,1.57,0.73,0.5080906148867315,0.23624595469255663,2.3
Vermont,2017,1.55,0.74,0.5016181229773463,0.2394822006472492,2.29
Vermont,2018,1.53,0.76,0.5,0.24836601307189543,2.29
Vermont,2019,1.58,0.77,0.5080385852090032,0.24758842443729906,2.35
Vermont,2020,1.58,0.81,0.5064102564102564,0.25961538461538464,2.39
Vermont,2021,1.59,0.81,0.5063694267515924,0.25796178343949044,2.4000000000000004
Vermont,2022,1.55,0.8,0.5032467532467533,0.25974025974025977,2.35
Vermont,2023,1.5,0.77,0.5067567567567568,0.26013513513513514,2.27
Virginia,1977,1.17,0.89,0.5154185022026432,0.3920704845814978,2.06
Virginia,1978,1.2,0.89,0.5217391304347826,0.3869565217391305,2.09
Virginia,1979,1.21,0.9,0.5127118644067796,0.38135593220338987,2.11
Virginia,1980,1.23,0.9,0.5168067226890757,0.3781512605042017,2.13
Virginia,1981,1.23,0.89,0.5146443514644351,0.3723849372384937,2.12
Virginia,1982,1.46,0.86,0.5637065637065637,0.33204633204633205,2.32
Virginia,1983,1.47,0.82,0.57421875,0.3203125,2.29
Virginia,1984,1.46,0.8,0.5725490196078432,0.3137254901960785,2.26
Virginia,1985,1.45,0.79,0.5708661417322834,0.3110236220472441,2.24
Virginia,1986,1.52,0.73,0.6031746031746031,0.28968253968253965,2.25
Virginia,1987,1.39,0.7,0.5914893617021276,0.2978723404255319,2.09
Virginia,1988,1.31,0.67,0.5848214285714285,0.29910714285714285,1.98
Virginia,1989,1.23,0.65,0.5642201834862385,0.2981651376146789,1.88
Virginia,1990,1.25,0.62,0.573394495412844,0.2844036697247706,1.87
Virginia,1991,1.2,0.58,0.5825242718446602,0.2815533980582524,1.7799999999999998
Virginia,1992,1.25,0.57,0.5952380952380952,0.2714285714285714,1.8199999999999998
Virginia,1993,1.24,0.54,0.6048780487804879,0.26341463414634153,1.78
Virginia,1994,1.2,0.51,0.6030150753768844,0.2562814070351759,1.71
Virginia,1995,1.15,0.5,0.5927835051546392,0.2577319587628866,1.65
Virginia,1996,1.12,0.49,0.5863874345549739,0.25654450261780104,1.61
Virginia,1997,1.11,0.48,0.5904255319148937,0.2553191489361702,1.59
Virginia,1998,1.17,0.47,0.6,0.24102564102564103,1.64
Virginia,1999,1.18,0.48,0.5989847715736041,0.24365482233502536,1.66
Virginia,2000,1.16,0.49,0.5888324873096447,0.24873096446700507,1.65
Virginia,2001,1.15,0.5,0.583756345177665,0.25380710659898476,1.65
Virginia,2002,1.15,0.51,0.575,0.255,1.66
Virginia,2003,1.14,0.52,0.5643564356435643,0.25742574257425743,1.66
Virginia,2004,1.14,0.53,0.5588235294117646,0.25980392156862747,1.67
Virginia,2005,1.13,0.54,0.551219512195122,0.26341463414634153,1.67
Virginia,2006,1.13,0.56,0.5432692307692307,0.2692307692307693,1.69
Virginia,2007,1.13,0.57,0.5380952380952381,0.2714285714285714,1.6999999999999997
Virginia,2008,1.12,0.58,0.5283018867924528,0.27358490566037735,1.7000000000000002
Virginia,2009,1.1,0.58,0.5213270142180095,0.27488151658767773,1.6800000000000002
Virginia,2010,1.08,0.6,0.5094339622641509,0.2830188679245283,1.6800000000000002
Virginia,2011,1.05,0.61,0.49528301886792453,0.28773584905660377,1.6600000000000001
Virginia,2012,1.04,0.62,0.4882629107981221,0.2910798122065728,1.6600000000000001
Virginia,2013,1.02,0.62,0.4857142857142857,0.29523809523809524,1.6400000000000001
Virginia,2014,1.01,0.63,0.4786729857819906,0.29857819905213273,1.6400000000000001
Virginia,2015,1.0,0.65,0.4694835680751174,0.3051643192488263,1.65
Virginia,2016,1.0,0.66,0.4672897196261682,0.308411214953271,1.6600000000000001
Virginia,2017,0.96,0.67,0.4507042253521127,0.3145539906103287,1.63
Virginia,2018,0.94,0.7,0.4413145539906103,0.32863849765258213,1.64
Virginia,2019,0.95,0.72,0.43981481481481477,0.3333333333333333,1.67
Virginia,2020,0.96,0.78,0.42477876106194695,0.3451327433628319,1.74
Virginia,2021,0.94,0.79,0.41592920353982304,0.34955752212389385,1.73
Virginia,2022,0.9,0.78,0.4109589041095891,0.35616438356164387,1.6800000000000002
Virginia,2023,0.84,0.78,0.3962264150943396,0.36792452830188677,1.62
Washington,1977,1.34,1.06,0.47017543859649125,0.3719298245614035,2.4000000000000004
Washington,1978,1.36,1.07,0.46735395189003437,0.36769759450171824,2.43
Washington,1979,1.39,1.08,0.4727891156462585,0.3673469387755102,2.4699999999999998
Washington,1980,1.51,1.08,0.48709677419354835,0.34838709677419355,2.59
Washington,1981,1.38,1.04,0.4662162162162162,0.35135135135135137,2.42
Washington,1982,1.32,0.98,0.4664310954063604,0.34628975265017664,2.3
Washington,1983,1.29,0.94,0.4673913043478261,0.34057971014492755,2.23
Washington,1984,1.23,0.91,0.4555555555555555,0.337037037037037,2.14
Washington,1985,1.21,0.87,0.45318352059925093,0.3258426966292135,2.08
Washington,1986,1.23,0.82,0.46240601503759393,0.3082706766917293,2.05
Washington,1987,1.24,0.79,0.4787644787644788,0.3050193050193051,2.0300000000000002
Washington,1988,1.23,0.77,0.4900398406374502,0.3067729083665339,2.0
Washington,1989,1.25,0.76,0.5060728744939271,0.30769230769230765,2.01
Washington,1990,1.27,0.76,0.5100401606425703,0.3052208835341365,2.0300000000000002
Washington,1991,1.23,0.73,0.5146443514644351,0.305439330543933,1.96
Washington,1992,1.26,0.72,0.5163934426229508,0.29508196721311475,1.98
Washington,1993,1.19,0.69,0.5242290748898678,0.3039647577092511,1.88
Washington,1994,1.18,0.65,0.5291479820627802,0.2914798206278027,1.83
Washington,1995,1.17,0.63,0.5318181818181817,0.2863636363636363,1.7999999999999998
Washington,1996,1.09,0.63,0.5141509433962265,0.2971698113207547,1.7200000000000002
Washington,1997,1.09,0.63,0.5069767441860465,0.2930232558139535,1.7200000000000002
Washington,1998,1.12,0.63,0.5233644859813085,0.29439252336448596,1.75
Washington,1999,1.11,0.63,0.5186915887850467,0.29439252336448596,1.7400000000000002
Washington,2000,1.11,0.66,0.5091743119266056,0.30275229357798167,1.77
Washington,2001,1.09,0.65,0.5069767441860465,0.3023255813953489,1.7400000000000002
Washington,2002,1.09,0.66,0.5023041474654378,0.30414746543778803,1.75
Washington,2003,1.07,0.68,0.48416289592760187,0.3076923076923077,1.75
Washington,2004,1.11,0.66,0.482608695652174,0.28695652173913044,1.77
Washington,2005,1.11,0.68,0.47435897435897445,0.2905982905982906,1.79
Washington,2006,1.08,0.72,0.4736842105263159,0.31578947368421056,1.8
Washington,2007,1.14,0.74,0.4789915966386554,0.31092436974789917,1.88
Washington,2008,1.11,0.75,0.46835443037974683,0.3164556962025316,1.86
Washington,2009,1.1,0.74,0.47008547008547014,0.3162393162393163,1.84
Washington,2010,1.01,0.73,0.4488888888888889,0.3244444444444444,1.74
Washington,2011,0.97,0.75,0.4311111111111111,0.3333333333333333,1.72
Washington,2012,0.96,0.76,0.42477876106194695,0.336283185840708,1.72
Washington,2013,0.95,0.76,0.4241071428571428,0.33928571428571425,1.71
Washington,2014,0.97,0.76,0.42920353982300885,0.336283185840708,1.73
Washington,2015,0.97,0.77,0.42920353982300885,0.34070796460176994,1.74
Washington,2016,0.96,0.78,0.42477876106194695,0.3451327433628319,1.74
Washington,2017,0.93,0.79,0.41704035874439466,0.3542600896860987,1.7200000000000002
Washington,2018,0.91,0.81,0.4099099099099099,0.36486486486486486,1.7200000000000002
Washington,2019,0.89,0.82,0.40090090090090086,0.3693693693693693,1.71
Washington,2020,0.88,0.87,0.39111111111111113,0.38666666666666666,1.75
Washington,2021,0.88,0.9,0.38427947598253276,0.39301310043668125,1.78
Washington,2022,0.85,0.9,0.37946428571428564,0.40178571428571425,1.75
Washington,2023,0.81,0.88,0.3732718894009217,0.4055299539170507,1.69
West Region,1977,1.35,1.2,0.4383116883116883,0.3896103896103896,2.55
West Region,1978,1.39,1.23,0.43710691823899367,0.38679245283018865,2.62
West Region,1979,1.45,1.2,0.45031055900621114,0.37267080745341613,2.65
West Region,1980,1.47,1.19,0.45370370370370366,0.3672839506172839,2.66
West Region,1981,1.49,1.16,0.45987654320987653,0.3580246913580246,2.65
West Region,1982,1.44,1.1,0.46006389776357826,0.3514376996805112,2.54
West Region,1983,1.42,1.07,0.4580645161290322,0.34516129032258064,2.49
West Region,1984,1.4,1.03,0.4605263157894737,0.33881578947368424,2.4299999999999997
West Region,1985,1.37,0.99,0.45514950166112966,0.3289036544850499,2.3600000000000003
West Region,1986,1.39,0.92,0.46959459459459457,0.3108108108108108,2.31
West Region,1987,1.38,0.89,0.4775086505190311,0.3079584775086505,2.27
West Region,1988,1.36,0.86,0.48745519713261654,0.3082437275985663,2.22
West Region,1989,1.35,0.84,0.5018587360594796,0.31226765799256506,2.19
West Region,1990,1.37,0.84,0.5055350553505535,0.3099630996309963,2.21
West Region,1991,1.3,0.76,0.52,0.304,2.06
West Region,1992,1.33,0.76,0.5236220472440946,0.2992125984251969,2.09
West Region,1993,1.26,0.72,0.5271966527196652,0.30125523012552297,1.98
West Region,1994,1.2,0.7,0.5194805194805194,0.303030303030303,1.9
West Region,1995,1.23,0.66,0.537117903930131,0.28820960698689957,1.8900000000000001
West Region,1996,1.22,0.67,0.5258620689655172,0.2887931034482759,1.8900000000000001
West Region,1997,1.2,0.65,0.5217391304347826,0.28260869565217395,1.85
West Region,1998,1.19,0.64,0.5265486725663717,0.28318584070796465,1.83
West Region,1999,1.2,0.65,0.5240174672489083,0.2838427947598253,1.85
West Region,2000,1.21,0.68,0.521551724137931,0.2931034482758621,1.8900000000000001
West Region,2001,1.19,0.68,0.5173913043478261,0.29565217391304355,1.87
West Region,2002,1.18,0.68,0.5130434782608696,0.29565217391304355,1.8599999999999999
West Region,2003,1.17,0.69,0.5043103448275862,0.2974137931034483,1.8599999999999999
West Region,2004,1.17,0.71,0.49787234042553186,0.3021276595744681,1.88
West Region,2005,1.14,0.73,0.4830508474576271,0.3093220338983051,1.8699999999999999
West Region,2006,1.13,0.76,0.4708333333333333,0.3166666666666667,1.89
West Region,2007,1.17,0.76,0.4834710743801653,0.3140495867768595,1.93
West Region,2008,1.15,0.76,0.4752066115702479,0.3140495867768595,1.91
West Region,2009,1.11,0.76,0.4663865546218488,0.319327731092437,1.87
West Region,2010,1.06,0.76,0.4588744588744589,0.329004329004329,1.82
West Region,2011,1.04,0.78,0.44067796610169496,0.3305084745762712,1.82
West Region,2012,1.05,0.81,0.43209876543209874,0.3333333333333333,1.86
West Region,2013,1.05,0.81,0.43568464730290457,0.3360995850622407,1.86
West Region,2014,1.06,0.8,0.4380165289256199,0.3305785123966942,1.86
West Region,2015,1.05,0.82,0.44117647058823534,0.3445378151260504,1.87
West Region,2016,1.03,0.84,0.4238683127572016,0.345679012345679,1.87
West Region,2017,1.01,0.85,0.41908713692946054,0.3526970954356846,1.8599999999999999
West Region,2018,1.03,0.91,0.41200000000000003,0.364,1.94
West Region,2019,1.06,0.92,0.4223107569721116,0.36653386454183273,1.98
West Region,2020,1.06,0.98,0.4124513618677043,0.3813229571984436,2.04
West Region,2021,1.08,1.07,0.4,0.3962962962962963,2.1500000000000004
West Region,2022,1.07,1.13,0.391941391941392,0.4139194139194139,2.2
West Region,2023,1.04,1.17,0.380952380952381,0.42857142857142855,2.21
West Virginia,1977,0.95,0.76,0.5277777777777778,0.4222222222222222,1.71
West Virginia,1978,0.93,0.76,0.5224719101123596,0.42696629213483145,1.69
West Virginia,1979,0.94,0.75,0.5310734463276836,0.423728813559322,1.69
West Virginia,1980,1.0,0.72,0.5524861878453039,0.39779005524861877,1.72
West Virginia,1981,1.05,0.65,0.5675675675675675,0.35135135135135137,1.7000000000000002
West Virginia,1982,1.11,0.55,0.6166666666666667,0.3055555555555556,1.6600000000000001
West Virginia,1983,1.14,0.49,0.6477272727272727,0.2784090909090909,1.63
West Virginia,1984,1.13,0.45,0.6647058823529411,0.2647058823529412,1.5799999999999998
West Virginia,1985,1.13,0.42,0.6686390532544378,0.2485207100591716,1.5499999999999998
West Virginia,1986,1.12,0.42,0.6706586826347306,0.25149700598802394,1.54
West Virginia,1987,1.13,0.41,0.6726190476190476,0.24404761904761904,1.5399999999999998
West Virginia,1988,1.15,0.41,0.6845238095238095,0.24404761904761904,1.5599999999999998
West Virginia,1989,1.15,0.39,0.6969696969696969,0.2363636363636364,1.54
West Virginia,1990,1.2,0.42,0.6976744186046512,0.2441860465116279,1.6199999999999999
West Virginia,1991,1.18,0.43,0.6941176470588235,0.2529411764705882,1.6099999999999999
West Virginia,1992,1.16,0.41,0.6987951807228916,0.2469879518072289,1.5699999999999998
West Virginia,1993,1.18,0.4,0.7065868263473054,0.23952095808383236,1.58
West Virginia,1994,1.17,0.39,0.7134146341463414,0.2378048780487805,1.56
West Virginia,1995,1.12,0.38,0.7088607594936709,0.24050632911392406,1.5
West Virginia,1996,1.12,0.37,0.7088607594936709,0.23417721518987342,1.4900000000000002
West Virginia,1997,1.12,0.37,0.7088607594936709,0.23417721518987342,1.4900000000000002
West Virginia,1998,1.18,0.36,0.7195121951219512,0.21951219512195122,1.54
West Virginia,1999,1.22,0.37,0.7218934911242604,0.21893491124260356,1.5899999999999999
West Virginia,2000,1.24,0.36,0.7294117647058823,0.21176470588235294,1.6
West Virginia,2001,1.25,0.37,0.7267441860465116,0.21511627906976744,1.62
West Virginia,2002,1.26,0.38,0.7241379310344828,0.21839080459770116,1.6400000000000001
West Virginia,2003,1.23,0.38,0.7151162790697675,0.22093023255813954,1.6099999999999999
West Virginia,2004,1.25,0.39,0.7142857142857143,0.22285714285714286,1.6400000000000001
West Virginia,2005,1.23,0.4,0.7109826589595376,0.23121387283236997,1.63
West Virginia,2006,1.21,0.41,0.7034883720930233,0.2383720930232558,1.6199999999999999
West Virginia,2007,1.23,0.42,0.7028571428571428,0.24,1.65
West Virginia,2008,1.25,0.43,0.6983240223463687,0.24022346368715083,1.68
West Virginia,2009,1.23,0.44,0.6949152542372882,0.2485875706214689,1.67
West Virginia,2010,1.23,0.44,0.6910112359550562,0.24719101123595505,1.67
West Virginia,2011,1.22,0.46,0.6853932584269663,0.25842696629213485,1.68
West Virginia,2012,1.24,0.47,0.6888888888888889,0.26111111111111107,1.71
West Virginia,2013,1.24,0.46,0.6888888888888889,0.25555555555555554,1.7
West Virginia,2014,1.21,0.47,0.6797752808988764,0.2640449438202247,1.68
West Virginia,2015,1.21,0.47,0.6797752808988764,0.2640449438202247,1.68
West Virginia,2016,1.19,0.46,0.6761363636363636,0.26136363636363635,1.65
West Virginia,2017,1.17,0.46,0.6724137931034483,0.26436781609195403,1.63
West Virginia,2018,1.15,0.47,0.660919540229885,0.27011494252873564,1.6199999999999999
West Virginia,2019,1.15,0.5,0.6571428571428571,0.2857142857142857,1.65
West Virginia,2020,1.14,0.56,0.6263736263736263,0.3076923076923077,1.7
West Virginia,2021,1.15,0.58,0.628415300546448,0.3169398907103825,1.73
West Virginia,2022,1.1,0.57,0.6179775280898877,0.32022471910112354,1.67
West Virginia,2023,1.04,0.57,0.608187134502924,0.3333333333333333,1.6099999999999999
Wisconsin,1977,1.81,1.28,0.5370919881305638,0.3798219584569733,3.09
Wisconsin,1978,1.83,1.2,0.5528700906344411,0.36253776435045315,3.0300000000000002
Wisconsin,1979,1.92,1.19,0.5663716814159292,0.3510324483775811,3.11
Wisconsin,1980,1.95,1.19,0.5652173913043478,0.34492753623188405,3.1399999999999997
Wisconsin,1981,1.96,1.21,0.5632183908045977,0.34770114942528735,3.17
Wisconsin,1982,1.95,1.05,0.5909090909090909,0.31818181818181823,3.0
Wisconsin,1983,1.94,1.07,0.5791044776119403,0.3194029850746269,3.01
Wisconsin,1984,1.87,1.03,0.5825545171339565,0.3208722741433022,2.9000000000000004
Wisconsin,1985,1.83,1.06,0.571875,0.33125,2.89
Wisconsin,1986,1.88,0.96,0.5911949685534591,0.3018867924528302,2.84
Wisconsin,1987,1.8,0.98,0.5732484076433121,0.31210191082802546,2.7800000000000002
Wisconsin,1988,1.76,0.95,0.5770491803278689,0.3114754098360656,2.71
Wisconsin,1989,1.72,0.96,0.5752508361204013,0.3210702341137123,2.6799999999999997
Wisconsin,1990,1.74,1.03,0.5667752442996743,0.3355048859934854,2.77
Wisconsin,1991,1.65,0.84,0.5978260869565217,0.30434782608695654,2.4899999999999998
Wisconsin,1992,1.59,0.9,0.5802919708029197,0.3284671532846715,2.49
Wisconsin,1993,1.59,0.89,0.5867158671586716,0.3284132841328413,2.48
Wisconsin,1994,1.58,0.91,0.5808823529411764,0.33455882352941174,2.49
Wisconsin,1995,1.64,0.87,0.6007326007326007,0.31868131868131866,2.51
Wisconsin,1996,1.53,0.88,0.5773584905660377,0.33207547169811324,2.41
Wisconsin,1997,1.57,0.89,0.5793357933579336,0.3284132841328413,2.46
Wisconsin,1998,1.58,0.9,0.5766423357664233,0.3284671532846715,2.48
Wisconsin,1999,1.53,0.92,0.5625,0.338235294117647,2.45
Wisconsin,2000,1.53,0.95,0.5543478260869565,0.34420289855072467,2.48
Wisconsin,2001,1.54,0.95,0.56,0.34545454545454546,2.49
Wisconsin,2002,1.56,0.98,0.5531914893617021,0.3475177304964539,2.54
Wisconsin,2003,1.53,1.0,0.5425531914893618,0.3546099290780142,2.5300000000000002
Wisconsin,2004,1.53,1.02,0.5368421052631579,0.35789473684210527,2.55
Wisconsin,2005,1.58,1.07,0.535593220338983,0.36271186440677966,2.6500000000000004
Wisconsin,2006,1.58,1.09,0.5284280936454849,0.36454849498327757,2.67
Wisconsin,2007,1.56,1.11,0.52,0.37000000000000005,2.67
Wisconsin,2008,1.55,1.13,0.5149501661129569,0.3754152823920266,2.6799999999999997
Wisconsin,2009,1.49,1.16,0.5033783783783784,0.3918918918918919,2.65
Wisconsin,2010,1.49,1.13,0.5068027210884354,0.3843537414965986,2.62
Wisconsin,2011,1.46,1.16,0.48829431438127086,0.38795986622073575,2.62
Wisconsin,2012,1.46,1.19,0.4834437086092715,0.3940397350993377,2.65
Wisconsin,2013,1.45,1.17,0.48333333333333334,0.38999999999999996,2.62
Wisconsin,2014,1.42,1.18,0.47651006711409394,0.3959731543624161,2.5999999999999996
Wisconsin,2015,1.39,1.2,0.4664429530201342,0.40268456375838924,2.59
Wisconsin,2016,1.36,1.22,0.45484949832775917,0.40802675585284276,2.58
Wisconsin,2017,1.33,1.26,0.44481605351170567,0.4214046822742475,2.59
Wisconsin,2018,1.29,1.25,0.4402730375426621,0.4266211604095563,2.54
Wisconsin,2019,1.27,1.29,0.43050847457627117,0.43728813559322033,2.56
Wisconsin,2020,1.25,1.41,0.40584415584415584,0.45779220779220775,2.66
Wisconsin,2021,1.25,1.51,0.3930817610062893,0.4748427672955975,2.76
Wisconsin,2022,1.19,1.59,0.3742138364779874,0.5,2.7800000000000002
Wisconsin,2023,1.13,1.65,0.35873015873015873,0.5238095238095238,2.78
Wyoming,1977,1.78,1.31,0.541033434650456,0.3981762917933131,3.09
Wyoming,1978,1.81,1.35,0.5355029585798817,0.3994082840236687,3.16
Wyoming,1979,1.86,1.3,0.5486725663716814,0.3834808259587021,3.16
Wyoming,1980,1.85,1.32,0.5425219941348973,0.3870967741935484,3.17
Wyoming,1981,1.91,1.27,0.5568513119533527,0.37026239067055394,3.1799999999999997
Wyoming,1982,1.78,1.2,0.5527950310559006,0.37267080745341613,2.98
Wyoming,1983,1.68,1.11,0.5581395348837209,0.3687707641196014,2.79
Wyoming,1984,1.61,1.06,0.5570934256055363,0.36678200692041524,2.67
Wyoming,1985,1.59,1.05,0.5501730103806228,0.3633217993079585,2.64
Wyoming,1986,1.51,0.96,0.5531135531135531,0.3516483516483516,2.4699999999999998
Wyoming,1987,1.51,0.9,0.5676691729323308,0.3383458646616541,2.41
Wyoming,1988,1.45,0.87,0.56640625,0.33984375,2.32
Wyoming,1989,1.41,0.86,0.564,0.344,2.27
Wyoming,1990,1.48,0.93,0.5627376425855514,0.35361216730038025,2.41
Wyoming,1991,1.45,0.9,0.56640625,0.3515625,2.35
Wyoming,1992,1.44,0.91,0.5625,0.35546875,2.35
Wyoming,1993,1.4,0.86,0.5714285714285714,0.3510204081632653,2.26
Wyoming,1994,1.42,0.83,0.5843621399176954,0.3415637860082304,2.25
Wyoming,1995,1.34,0.8,0.5851528384279476,0.3493449781659389,2.14
Wyoming,1996,1.35,0.81,0.5793991416309013,0.3476394849785408,2.16
Wyoming,1997,1.42,0.81,0.5916666666666667,0.3375,2.23
Wyoming,1998,1.37,0.81,0.5805084745762713,0.3432203389830509,2.18
Wyoming,1999,1.41,0.84,0.5708502024291497,0.34008097165991896,2.25
Wyoming,2000,1.42,0.86,0.568,0.344,2.28
Wyoming,2001,1.44,0.88,0.5691699604743083,0.3478260869565218,2.32
Wyoming,2002,1.46,0.88,0.5680933852140078,0.3424124513618677,2.34
Wyoming,2003,1.7,0.9,0.5985915492957746,0.31690140845070425,2.6
Wyoming,2004,1.42,0.92,0.5503875968992248,0.35658914728682173,2.34
Wyoming,2005,1.2,0.96,0.49792531120331945,0.3983402489626556,2.16
Wyoming,2006,1.44,1.03,0.5294117647058822,0.3786764705882353,2.4699999999999998
Wyoming,2007,1.46,1.07,0.5214285714285715,0.3821428571428572,2.5300000000000002
Wyoming,2008,1.5,1.09,0.5226480836236934,0.3797909407665505,2.59
Wyoming,2009,1.4,1.06,0.5128205128205128,0.3882783882783883,2.46
Wyoming,2010,1.33,1.06,0.5,0.39849624060150374,2.39
Wyoming,2011,1.29,1.1,0.4849624060150376,0.4135338345864662,2.39
Wyoming,2012,1.32,1.13,0.4835164835164835,0.4139194139194139,2.45
Wyoming,2013,1.25,1.13,0.46816479400749067,0.4232209737827715,2.38
Wyoming,2014,1.26,1.16,0.46153846153846156,0.4249084249084249,2.42
Wyoming,2015,1.25,1.18,0.45620437956204374,0.43065693430656926,2.4299999999999997
Wyoming,2016,1.18,1.17,0.4402985074626865,0.4365671641791044,2.3499999999999996
Wyoming,2017,1.17,1.19,0.4365671641791044,0.4440298507462686,2.36
Wyoming,2018,1.22,1.24,0.4388489208633094,0.4460431654676259,2.46
Wyoming,2019,1.23,1.29,0.43617021276595747,0.45744680851063835,2.52
Wyoming,2020,1.21,1.42,0.4074074074074074,0.47811447811447805,2.63
Wyoming,2021,1.23,1.46,0.41,0.48666666666666664,2.69
Wyoming,2022,1.2,1.44,0.40955631399317405,0.4914675767918088,2.6399999999999997
Wyoming,2023,1.08,1.43,0.38848920863309355,0.5143884892086331,2.51
