state_name,year,ethanol_beer_gallons_per_capita,ethanol_spirit_gallons_per_capita,ethanol_all_drinks_gallons_per_capita,number_of_beers,number_of_shots_liquor,number_of_drinks_total,beer_share_signal,spirit_share_signal,total_selected_signal,total_drinks_signal
Alabama,1977,0.97,0.82,1.92,229.9259,170.2514,409.6,0.5052083333333334,0.4270833333333333,1.79,409.6
Alabama,1978,0.95,0.85,1.92,225.1852,176.4801,409.6,0.4947916666666667,0.4427083333333333,1.7999999999999998,409.6
Alabama,1979,0.96,0.82,1.9,227.5556,170.2514,405.3333,0.5052631578947369,0.43157894736842106,1.7799999999999998,405.3333
Alabama,1980,0.95,0.74,1.86,225.1852,153.6415,396.8,0.510752688172043,0.3978494623655914,1.69,396.8
Alabama,1981,1.0,0.73,1.91,237.037,151.5653,407.4667,0.5235602094240838,0.38219895287958117,1.73,407.4667
Alabama,1982,1.0,0.72,1.9,237.037,149.4891,405.3333,0.5263157894736842,0.37894736842105264,1.72,405.3333
Alabama,1983,1.01,0.72,1.9,239.4074,149.4891,405.3333,0.531578947368421,0.37894736842105264,1.73,405.3333
Alabama,1984,1.03,0.69,1.91,244.1481,143.2603,407.4667,0.5392670157068064,0.3612565445026178,1.72,407.4667
Alabama,1985,1.07,0.67,1.92,253.6296,139.1079,409.6,0.5572916666666667,0.34895833333333337,1.7400000000000002,409.6
Alabama,1986,1.1,0.65,1.92,260.7407,134.9554,409.6,0.5729166666666667,0.3385416666666667,1.75,409.6
Alabama,1987,1.11,0.62,1.91,263.1111,128.7267,407.4667,0.5811518324607331,0.32460732984293195,1.73,407.4667
Alabama,1988,1.12,0.62,1.92,265.4815,128.7267,409.6,0.5833333333333334,0.3229166666666667,1.7400000000000002,409.6
Alabama,1989,1.12,0.61,1.9,265.4815,126.6504,405.3333,0.5894736842105264,0.32105263157894737,1.73,405.3333
Alabama,1990,1.12,0.61,1.92,265.4815,126.6504,409.6,0.5833333333333334,0.3177083333333333,1.73,409.6
Alabama,1991,1.0,0.59,1.76,237.037,122.498,375.4667,0.5681818181818182,0.3352272727272727,1.5899999999999999,375.4667
Alabama,1992,1.02,0.59,1.79,241.7778,122.498,381.8667,0.5698324022346368,0.329608938547486,1.6099999999999999,381.8667
Alabama,1993,1.14,0.56,1.86,270.2222,116.2693,396.8,0.6129032258064515,0.3010752688172043,1.7,396.8
Alabama,1994,1.16,0.54,1.87,274.963,112.1168,398.9333,0.6203208556149732,0.2887700534759358,1.7,398.9333
Alabama,1995,1.14,0.53,1.82,270.2222,110.0406,388.2667,0.6263736263736263,0.29120879120879123,1.67,388.2667
Alabama,1996,1.17,0.53,1.88,277.3333,110.0406,401.0667,0.6223404255319149,0.2819148936170213,1.7,401.0667
Alabama,1997,1.14,0.52,1.82,270.2222,107.9643,388.2667,0.6263736263736263,0.2857142857142857,1.66,388.2667
Alabama,1998,1.16,0.51,1.85,274.963,105.8881,394.6667,0.627027027027027,0.2756756756756757,1.67,394.6667
Alabama,1999,1.18,0.51,1.87,279.7037,105.8881,398.9333,0.6310160427807486,0.2727272727272727,1.69,398.9333
Alabama,2000,1.19,0.51,1.88,282.0741,105.8881,401.0667,0.6329787234042553,0.2712765957446809,1.7,401.0667
Alabama,2001,1.16,0.53,1.86,274.963,110.0406,396.8,0.6236559139784945,0.2849462365591398,1.69,396.8
Alabama,2002,1.18,0.54,1.92,279.7037,112.1168,409.6,0.6145833333333334,0.28125000000000006,1.72,409.6
Alabama,2003,1.19,0.52,1.9,282.0741,107.9643,405.3333,0.6263157894736842,0.2736842105263158,1.71,405.3333
Alabama,2004,1.19,0.52,1.91,282.0741,107.9643,407.4667,0.6230366492146597,0.27225130890052357,1.71,407.4667
Alabama,2005,1.18,0.53,1.91,279.7037,110.0406,407.4667,0.6178010471204188,0.2774869109947644,1.71,407.4667
Alabama,2006,1.21,0.54,1.95,286.8148,112.1168,416.0,0.6205128205128205,0.27692307692307694,1.75,416.0
Alabama,2007,1.23,0.55,2.0,291.5556,114.193,426.6667,0.615,0.275,1.78,426.6667
Alabama,2008,1.22,0.57,2.01,289.1852,118.3455,428.8,0.6069651741293532,0.2835820895522388,1.79,428.8
Alabama,2009,1.19,0.57,1.98,282.0741,118.3455,422.4,0.601010101010101,0.28787878787878785,1.7599999999999998,422.4
Alabama,2010,1.17,0.58,1.98,277.3333,120.4217,422.4,0.5909090909090908,0.29292929292929293,1.75,422.4
Alabama,2011,1.16,0.59,1.98,274.963,122.498,422.4,0.5858585858585859,0.29797979797979796,1.75,422.4
Alabama,2012,1.16,0.6,2.0,274.963,124.5742,426.6667,0.58,0.3,1.7599999999999998,426.6667
Alabama,2013,1.14,0.6,1.99,270.2222,124.5742,424.5333,0.5728643216080401,0.3015075376884422,1.7399999999999998,424.5333
Alabama,2014,1.13,0.62,2.0,267.8519,128.7267,426.6667,0.565,0.31,1.75,426.6667
Alabama,2015,1.11,0.64,2.01,263.1111,132.8792,428.8,0.5522388059701494,0.318407960199005,1.75,428.8
Alabama,2016,1.09,0.65,2.01,258.3704,134.9554,428.8,0.5422885572139304,0.32338308457711445,1.7400000000000002,428.8
Alabama,2017,1.07,0.67,1.99,253.6296,139.1079,424.5333,0.5376884422110553,0.33668341708542715,1.7400000000000002,424.5333
Alabama,2018,1.04,0.69,1.99,246.5185,143.2603,424.5333,0.5226130653266332,0.34673366834170855,1.73,424.5333
Alabama,2019,1.02,0.71,1.99,241.7778,147.4128,424.5333,0.5125628140703518,0.35678391959798994,1.73,424.5333
Alabama,2020,1.03,0.77,2.05,244.1481,159.8702,437.3333,0.5024390243902439,0.37560975609756103,1.8,437.3333
Alabama,2021,1.01,0.81,2.08,239.4074,168.1752,443.7333,0.4855769230769231,0.3894230769230769,1.82,443.7333
Alabama,2022,0.96,0.81,2.01,227.5556,168.1752,428.8,0.4776119402985075,0.4029850746268657,1.77,428.8
Alabama,2023,0.9,0.83,1.95,213.3333,172.3277,416.0,0.46153846153846156,0.4256410256410256,1.73,416.0
Alaska,1977,1.19,1.69,3.3,282.0741,350.884,704.0,0.3606060606060606,0.5121212121212121,2.88,704.0
Alaska,1978,1.39,1.67,3.51,329.4815,346.7315,748.8,0.396011396011396,0.4757834757834758,3.0599999999999996,748.8
Alaska,1979,1.48,1.63,3.58,350.8148,338.4266,763.7333,0.4134078212290503,0.45530726256983234,3.11,763.7333
Alaska,1980,1.54,1.68,3.72,365.037,348.8078,793.6,0.4139784946236559,0.4516129032258064,3.2199999999999998,793.6
Alaska,1981,1.68,1.79,4.02,398.2222,371.6464,857.6,0.41791044776119407,0.4452736318407961,3.4699999999999998,857.6
Alaska,1982,1.69,1.68,3.92,400.5926,348.8078,836.2667,0.43112244897959184,0.42857142857142855,3.37,836.2667
Alaska,1983,1.71,1.65,3.95,405.3333,342.5791,842.6667,0.43291139240506327,0.4177215189873417,3.36,842.6667
Alaska,1984,1.67,1.5,3.72,395.8519,311.4355,793.6,0.44892473118279563,0.4032258064516129,3.17,793.6
Alaska,1985,1.63,1.48,3.68,386.3704,307.283,785.0667,0.4429347826086956,0.4021739130434782,3.11,785.0667
Alaska,1986,1.65,1.25,3.45,391.1111,259.5296,736.0,0.47826086956521735,0.36231884057971014,2.9,736.0
Alaska,1987,1.6,1.26,3.38,379.2593,261.6058,721.0667,0.4733727810650888,0.3727810650887574,2.8600000000000003,721.0667
Alaska,1988,1.54,1.19,3.21,365.037,247.0722,684.8,0.4797507788161994,0.3707165109034268,2.73,684.8
Alaska,1989,1.52,1.19,3.15,360.2963,247.0722,672.0,0.48253968253968255,0.37777777777777777,2.71,672.0
Alaska,1990,1.62,1.25,3.33,384.0,259.5296,710.4,0.4864864864864865,0.37537537537537535,2.87,710.4
Alaska,1991,1.54,1.14,3.11,365.037,236.691,663.4667,0.4951768488745981,0.3665594855305466,2.6799999999999997,663.4667
Alaska,1992,1.53,1.08,3.02,362.6667,224.2336,644.2667,0.5066225165562914,0.3576158940397351,2.6100000000000003,644.2667
Alaska,1993,1.31,0.92,2.55,310.5185,191.0138,544.0,0.5137254901960785,0.36078431372549025,2.23,544.0
Alaska,1994,1.53,1.1,3.03,362.6667,228.3861,646.4,0.504950495049505,0.3630363036303631,2.63,646.4
Alaska,1995,1.45,1.02,2.86,343.7037,211.7762,610.1333,0.506993006993007,0.35664335664335667,2.4699999999999998,610.1333
Alaska,1996,1.31,0.94,2.63,310.5185,195.1663,561.0667,0.4980988593155894,0.3574144486692015,2.25,561.0667
Alaska,1997,1.31,0.88,2.56,310.5185,182.7088,546.1333,0.51171875,0.34375,2.19,546.1333
Alaska,1998,1.39,0.95,2.71,329.4815,197.2425,578.1333,0.5129151291512914,0.3505535055350553,2.34,578.1333
Alaska,1999,1.4,0.95,2.74,331.8519,197.2425,584.5333,0.510948905109489,0.34671532846715325,2.3499999999999996,584.5333
Alaska,2000,1.37,0.94,2.68,324.7407,195.1663,571.7333,0.5111940298507462,0.3507462686567164,2.31,571.7333
Alaska,2001,1.32,0.96,2.67,312.8889,199.3187,569.6,0.49438202247191015,0.3595505617977528,2.2800000000000002,569.6
Alaska,2002,1.35,1.19,2.99,320.0,247.0722,637.8667,0.451505016722408,0.39799331103678925,2.54,637.8667
Alaska,2003,1.27,0.79,2.43,301.037,164.0227,518.4,0.522633744855967,0.32510288065843623,2.06,518.4
Alaska,2004,1.31,0.95,2.71,310.5185,197.2425,578.1333,0.4833948339483395,0.3505535055350553,2.26,578.1333
Alaska,2005,1.23,0.98,2.64,291.5556,203.4712,563.2,0.4659090909090909,0.3712121212121212,2.21,563.2
Alaska,2006,1.25,1.03,2.75,296.2963,213.8524,586.6667,0.45454545454545453,0.37454545454545457,2.2800000000000002,586.6667
Alaska,2007,1.13,0.96,2.53,267.8519,199.3187,539.7333,0.44664031620553357,0.37944664031620556,2.09,539.7333
Alaska,2008,1.2,1.09,2.78,284.4444,226.3098,593.0667,0.43165467625899284,0.39208633093525186,2.29,593.0667
Alaska,2009,1.32,1.16,3.02,312.8889,240.8435,644.2667,0.4370860927152318,0.3841059602649006,2.48,644.2667
Alaska,2010,1.23,1.25,3.03,291.5556,259.5296,646.4,0.40594059405940597,0.4125412541254126,2.48,646.4
Alaska,2011,1.15,1.17,2.86,272.5926,242.9197,610.1333,0.4020979020979021,0.40909090909090906,2.32,610.1333
Alaska,2012,1.17,1.13,2.83,277.3333,234.6148,603.7333,0.41342756183745577,0.3992932862190812,2.3,603.7333
Alaska,2013,1.07,1.17,2.75,253.6296,242.9197,586.6667,0.3890909090909091,0.4254545454545454,2.24,586.6667
Alaska,2014,1.11,1.17,2.8,263.1111,242.9197,597.3333,0.39642857142857146,0.41785714285714287,2.2800000000000002,597.3333
Alaska,2015,1.11,1.2,2.84,263.1111,249.1484,605.8667,0.39084507042253525,0.4225352112676056,2.31,605.8667
Alaska,2016,1.15,1.23,2.94,272.5926,255.3771,627.2,0.391156462585034,0.41836734693877553,2.38,627.2
Alaska,2017,1.06,1.22,2.81,251.2593,253.3009,599.4667,0.37722419928825623,0.43416370106761565,2.2800000000000002,599.4667
Alaska,2018,1.06,1.25,2.85,251.2593,259.5296,608.0,0.3719298245614035,0.43859649122807015,2.31,608.0
Alaska,2019,1.07,1.27,2.87,253.6296,263.6821,612.2667,0.37282229965156793,0.4425087108013937,2.34,612.2667
Alaska,2020,1.02,1.26,2.79,241.7778,261.6058,595.2,0.3655913978494624,0.45161290322580644,2.2800000000000002,595.2
Alaska,2021,1.01,1.27,2.79,239.4074,263.6821,595.2,0.36200716845878134,0.4551971326164875,2.2800000000000002,595.2
Alaska,2022,1.02,1.32,2.86,241.7778,274.0633,610.1333,0.35664335664335667,0.46153846153846156,2.34,610.1333
Alaska,2023,0.96,1.32,2.81,227.5556,274.0633,599.4667,0.34163701067615654,0.4697508896797153,2.2800000000000002,599.4667
Arizona,1977,1.6,0.99,2.92,379.2593,205.5474,622.9333,0.5479452054794521,0.339041095890411,2.59,622.9333
Arizona,1978,1.66,1.03,3.04,393.4815,213.8524,648.5333,0.5460526315789473,0.33881578947368424,2.69,648.5333
Arizona,1979,1.71,1.07,3.15,405.3333,222.1573,672.0,0.5428571428571428,0.3396825396825397,2.7800000000000002,672.0
Arizona,1980,1.68,0.97,3.01,398.2222,201.395,642.1333,0.5581395348837209,0.3222591362126246,2.65,642.1333
Arizona,1981,1.76,1.0,3.18,417.1852,207.6237,678.4,0.5534591194968553,0.31446540880503143,2.76,678.4
Arizona,1982,1.71,0.98,3.07,405.3333,203.4712,654.9333,0.5570032573289903,0.3192182410423453,2.69,654.9333
Arizona,1983,1.6,0.99,3.02,379.2593,205.5474,644.2667,0.5298013245033113,0.32781456953642385,2.59,644.2667
Arizona,1984,1.55,1.05,3.04,367.4074,218.0049,648.5333,0.5098684210526316,0.34539473684210525,2.6,648.5333
Arizona,1985,1.66,0.99,3.11,393.4815,205.5474,663.4667,0.5337620578778135,0.3183279742765273,2.65,663.4667
Arizona,1986,1.74,0.9,3.09,412.4444,186.8613,659.2,0.5631067961165048,0.29126213592233013,2.64,659.2
Arizona,1987,1.64,0.84,2.93,388.7407,174.4039,625.0667,0.5597269624573378,0.28668941979522183,2.48,625.0667
Arizona,1988,1.6,0.86,2.87,379.2593,178.5564,612.2667,0.5574912891986062,0.29965156794425085,2.46,612.2667
Arizona,1989,1.63,0.83,2.81,386.3704,172.3277,599.4667,0.5800711743772241,0.29537366548042704,2.46,599.4667
Arizona,1990,1.59,0.8,2.77,376.8889,166.0989,590.9333,0.5740072202166066,0.2888086642599278,2.39,590.9333
Arizona,1991,1.58,0.78,2.71,374.5185,161.9465,578.1333,0.5830258302583026,0.2878228782287823,2.3600000000000003,578.1333
Arizona,1992,1.58,0.8,2.69,374.5185,166.0989,573.8667,0.587360594795539,0.29739776951672864,2.38,573.8667
Arizona,1993,1.58,0.76,2.62,374.5185,157.794,558.9333,0.6030534351145038,0.2900763358778626,2.34,558.9333
Arizona,1994,1.52,0.7,2.5,360.2963,145.3366,533.3333,0.608,0.27999999999999997,2.2199999999999998,533.3333
Arizona,1995,1.47,0.68,2.44,348.4444,141.1841,520.5333,0.6024590163934426,0.27868852459016397,2.15,520.5333
Arizona,1996,1.52,0.73,2.58,360.2963,151.5653,550.4,0.5891472868217054,0.28294573643410853,2.25,550.4
Arizona,1997,1.45,0.68,2.44,343.7037,141.1841,520.5333,0.5942622950819673,0.27868852459016397,2.13,520.5333
Arizona,1998,1.44,0.68,2.45,341.3333,141.1841,522.6667,0.5877551020408163,0.27755102040816326,2.12,522.6667
Arizona,1999,1.47,0.69,2.51,348.4444,143.2603,535.4667,0.5856573705179283,0.2749003984063745,2.16,535.4667
Arizona,2000,1.48,0.71,2.5,350.8148,147.4128,533.3333,0.592,0.284,2.19,533.3333
Arizona,2001,1.47,0.7,2.5,348.4444,145.3366,533.3333,0.588,0.27999999999999997,2.17,533.3333
Arizona,2002,1.46,0.69,2.48,346.0741,143.2603,529.0667,0.5887096774193549,0.2782258064516129,2.15,529.0667
Arizona,2003,1.41,0.71,2.49,334.2222,147.4128,531.2,0.5662650602409638,0.2851405622489959,2.12,531.2
Arizona,2004,1.4,0.71,2.44,331.8519,147.4128,520.5333,0.5737704918032787,0.29098360655737704,2.11,520.5333
Arizona,2005,1.35,0.76,2.51,320.0,157.794,535.4667,0.5378486055776893,0.30278884462151395,2.1100000000000003,535.4667
Arizona,2006,1.34,0.79,2.51,317.6296,164.0227,535.4667,0.5338645418326694,0.31474103585657376,2.13,535.4667
Arizona,2007,1.39,0.78,2.51,329.4815,161.9465,535.4667,0.553784860557769,0.31075697211155384,2.17,535.4667
Arizona,2008,1.3,0.77,2.48,308.1481,159.8702,529.0667,0.5241935483870968,0.31048387096774194,2.0700000000000003,529.0667
Arizona,2009,1.22,0.77,2.38,289.1852,159.8702,507.7333,0.5126050420168068,0.3235294117647059,1.99,507.7333
Arizona,2010,1.23,0.76,2.39,291.5556,157.794,509.8667,0.5146443514644351,0.3179916317991632,1.99,509.8667
Arizona,2011,1.15,0.8,2.39,272.5926,166.0989,509.8667,0.48117154811715473,0.33472803347280333,1.95,509.8667
Arizona,2012,1.14,0.84,2.43,270.2222,174.4039,518.4,0.4691358024691357,0.345679012345679,1.98,518.4
Arizona,2013,1.12,0.81,2.35,265.4815,168.1752,501.3333,0.4765957446808511,0.3446808510638298,1.9300000000000002,501.3333
Arizona,2014,1.18,0.79,2.37,279.7037,164.0227,505.6,0.49789029535864976,0.3333333333333333,1.97,505.6
Arizona,2015,1.16,0.78,2.34,274.963,161.9465,499.2,0.49572649572649574,0.33333333333333337,1.94,499.2
Arizona,2016,1.14,0.79,2.32,270.2222,164.0227,494.9333,0.49137931034482757,0.3405172413793104,1.93,494.9333
Arizona,2017,1.11,0.79,2.29,263.1111,164.0227,488.5333,0.4847161572052402,0.34497816593886466,1.9000000000000001,488.5333
Arizona,2018,1.08,0.79,2.25,256.0,164.0227,480.0,0.48000000000000004,0.35111111111111115,1.87,480.0
Arizona,2019,1.06,0.8,2.23,251.2593,166.0989,475.7333,0.4753363228699552,0.3587443946188341,1.86,475.7333
Arizona,2020,1.09,0.84,2.31,258.3704,174.4039,492.8,0.47186147186147187,0.3636363636363636,1.9300000000000002,492.8
Arizona,2021,1.08,0.91,2.39,256.0,188.9376,509.8667,0.45188284518828453,0.3807531380753138,1.9900000000000002,509.8667
Arizona,2022,1.03,0.95,2.37,244.1481,197.2425,505.6,0.4345991561181434,0.4008438818565401,1.98,505.6
Arizona,2023,0.98,0.96,2.32,232.2963,199.3187,494.9333,0.4224137931034483,0.41379310344827586,1.94,494.9333
Arkansas,1977,0.89,0.61,1.61,210.963,126.6504,343.4667,0.5527950310559006,0.37888198757763975,1.5,343.4667
Arkansas,1978,0.95,0.71,1.76,225.1852,147.4128,375.4667,0.5397727272727273,0.4034090909090909,1.66,375.4667
Arkansas,1979,0.9,0.55,1.54,213.3333,114.193,328.5333,0.5844155844155844,0.35714285714285715,1.4500000000000002,328.5333
Arkansas,1980,1.0,0.68,1.81,237.037,141.1841,386.1333,0.5524861878453039,0.37569060773480667,1.6800000000000002,386.1333
Arkansas,1981,1.06,0.68,1.86,251.2593,141.1841,396.8,0.5698924731182796,0.3655913978494624,1.7400000000000002,396.8
Arkansas,1982,1.03,0.63,1.78,244.1481,130.8029,379.7333,0.5786516853932584,0.3539325842696629,1.6600000000000001,379.7333
Arkansas,1983,1.03,0.63,1.79,244.1481,130.8029,381.8667,0.5754189944134078,0.35195530726256985,1.6600000000000001,381.8667
Arkansas,1984,1.03,0.64,1.8,244.1481,132.8792,384.0,0.5722222222222222,0.35555555555555557,1.67,384.0
Arkansas,1985,1.04,0.59,1.77,246.5185,122.498,377.6,0.5875706214689266,0.3333333333333333,1.63,377.6
Arkansas,1986,1.08,0.49,1.65,256.0,101.7356,352.0,0.6545454545454547,0.296969696969697,1.57,352.0
Arkansas,1987,1.09,0.53,1.74,258.3704,110.0406,371.2,0.6264367816091955,0.3045977011494253,1.62,371.2
Arkansas,1988,1.09,0.54,1.78,258.3704,112.1168,379.7333,0.6123595505617978,0.30337078651685395,1.6300000000000001,379.7333
Arkansas,1989,1.1,0.58,1.82,260.7407,120.4217,388.2667,0.6043956043956045,0.31868131868131866,1.6800000000000002,388.2667
Arkansas,1990,1.12,0.61,1.86,265.4815,126.6504,396.8,0.6021505376344086,0.3279569892473118,1.73,396.8
Arkansas,1991,1.12,0.58,1.81,265.4815,120.4217,386.1333,0.6187845303867404,0.3204419889502762,1.7000000000000002,386.1333
Arkansas,1992,1.13,0.65,1.9,267.8519,134.9554,405.3333,0.5947368421052631,0.34210526315789475,1.7799999999999998,405.3333
Arkansas,1993,1.1,0.58,1.79,260.7407,120.4217,381.8667,0.6145251396648045,0.3240223463687151,1.6800000000000002,381.8667
Arkansas,1994,1.06,0.46,1.65,251.2593,95.5069,352.0,0.6424242424242425,0.2787878787878788,1.52,352.0
Arkansas,1995,1.06,0.51,1.68,251.2593,105.8881,358.4,0.630952380952381,0.3035714285714286,1.57,358.4
Arkansas,1996,1.07,0.53,1.72,253.6296,110.0406,366.9333,0.622093023255814,0.308139534883721,1.6,366.9333
Arkansas,1997,1.07,0.52,1.71,253.6296,107.9643,364.8,0.6257309941520468,0.304093567251462,1.59,364.8
Arkansas,1998,1.1,0.51,1.73,260.7407,105.8881,369.0667,0.6358381502890174,0.2947976878612717,1.61,369.0667
Arkansas,1999,1.09,0.54,1.75,258.3704,112.1168,373.3333,0.6228571428571429,0.3085714285714286,1.6300000000000001,373.3333
Arkansas,2000,1.09,0.53,1.74,258.3704,110.0406,371.2,0.6264367816091955,0.3045977011494253,1.62,371.2
Arkansas,2001,1.08,0.53,1.74,256.0,110.0406,371.2,0.6206896551724138,0.3045977011494253,1.61,371.2
Arkansas,2002,1.09,0.53,1.75,258.3704,110.0406,373.3333,0.6228571428571429,0.3028571428571429,1.62,373.3333
Arkansas,2003,1.06,0.56,1.77,251.2593,116.2693,377.6,0.5988700564971752,0.3163841807909605,1.62,377.6
Arkansas,2004,1.08,0.58,1.81,256.0,120.4217,386.1333,0.5966850828729282,0.3204419889502762,1.6600000000000001,386.1333
Arkansas,2005,1.04,0.58,1.78,246.5185,120.4217,379.7333,0.5842696629213483,0.32584269662921345,1.62,379.7333
Arkansas,2006,1.05,0.59,1.8,248.8889,122.498,384.0,0.5833333333333334,0.3277777777777778,1.6400000000000001,384.0
Arkansas,2007,1.05,0.59,1.81,248.8889,122.498,386.1333,0.580110497237569,0.3259668508287293,1.6400000000000001,386.1333
Arkansas,2008,1.09,0.59,1.86,258.3704,122.498,396.8,0.5860215053763441,0.31720430107526876,1.6800000000000002,396.8
Arkansas,2009,1.06,0.59,1.82,251.2593,122.498,388.2667,0.5824175824175825,0.32417582417582413,1.65,388.2667
Arkansas,2010,1.04,0.59,1.8,246.5185,122.498,384.0,0.5777777777777778,0.3277777777777778,1.63,384.0
Arkansas,2011,0.97,0.56,1.72,229.9259,116.2693,366.9333,0.563953488372093,0.32558139534883723,1.53,366.9333
Arkansas,2012,1.0,0.6,1.8,237.037,124.5742,384.0,0.5555555555555556,0.3333333333333333,1.6,384.0
Arkansas,2013,1.0,0.6,1.8,237.037,124.5742,384.0,0.5555555555555556,0.3333333333333333,1.6,384.0
Arkansas,2014,0.96,0.62,1.79,227.5556,128.7267,381.8667,0.5363128491620112,0.34636871508379885,1.58,381.8667
Arkansas,2015,0.97,0.65,1.83,229.9259,134.9554,390.4,0.5300546448087431,0.3551912568306011,1.62,390.4
Arkansas,2016,0.93,0.65,1.8,220.4444,134.9554,384.0,0.5166666666666667,0.3611111111111111,1.58,384.0
Arkansas,2017,0.92,0.67,1.82,218.0741,139.1079,388.2667,0.5054945054945055,0.36813186813186816,1.59,388.2667
Arkansas,2018,0.9,0.64,1.78,213.3333,132.8792,379.7333,0.5056179775280899,0.3595505617977528,1.54,379.7333
Arkansas,2019,0.87,0.7,1.81,206.2222,145.3366,386.1333,0.48066298342541436,0.38674033149171266,1.5699999999999998,386.1333
Arkansas,2020,0.92,0.76,1.94,218.0741,157.794,413.8667,0.4742268041237114,0.3917525773195876,1.6800000000000002,413.8667
Arkansas,2021,0.94,0.76,1.96,222.8148,157.794,418.1333,0.47959183673469385,0.3877551020408163,1.7,418.1333
Arkansas,2022,0.92,0.79,1.94,218.0741,164.0227,413.8667,0.4742268041237114,0.4072164948453609,1.71,413.8667
Arkansas,2023,0.88,0.75,1.87,208.5926,155.7178,398.9333,0.47058823529411764,0.40106951871657753,1.63,398.9333
California,1977,1.29,1.25,3.19,305.7778,259.5296,680.5333,0.4043887147335423,0.39184952978056425,2.54,680.5333
California,1978,1.33,1.29,3.28,315.2593,267.8345,699.7333,0.4054878048780488,0.3932926829268293,2.62,699.7333
California,1979,1.39,1.25,3.32,329.4815,259.5296,708.2667,0.4186746987951807,0.37650602409638556,2.6399999999999997,708.2667
California,1980,1.41,1.24,3.36,334.2222,257.4534,716.8,0.41964285714285715,0.36904761904761907,2.65,716.8
California,1981,1.43,1.2,3.35,338.963,249.1484,714.6667,0.426865671641791,0.3582089552238806,2.63,714.6667
California,1982,1.37,1.13,3.22,324.7407,234.6148,686.9333,0.4254658385093168,0.3509316770186335,2.5,686.9333
California,1983,1.36,1.1,3.21,322.3704,228.3861,684.8,0.42367601246105924,0.34267912772585674,2.46,684.8
California,1984,1.37,1.06,3.16,324.7407,220.0811,674.1333,0.4335443037974684,0.33544303797468356,2.43,674.1333
California,1985,1.32,1.02,3.11,312.8889,211.7762,663.4667,0.4244372990353698,0.3279742765273312,2.34,663.4667
California,1986,1.35,0.95,3.08,320.0,197.2425,657.0667,0.4383116883116883,0.3084415584415584,2.3,657.0667
California,1987,1.35,0.92,3.0,320.0,191.0138,640.0,0.45,0.3066666666666667,2.27,640.0
California,1988,1.32,0.88,2.86,312.8889,182.7088,610.1333,0.46153846153846156,0.3076923076923077,2.2,610.1333
California,1989,1.29,0.85,2.75,305.7778,176.4801,586.6667,0.4690909090909091,0.3090909090909091,2.14,586.6667
California,1990,1.32,0.87,2.78,312.8889,180.6326,593.0667,0.47482014388489213,0.3129496402877698,2.19,593.0667
California,1991,1.22,0.75,2.46,289.1852,155.7178,524.8,0.4959349593495935,0.3048780487804878,1.97,524.8
California,1992,1.28,0.75,2.54,303.4074,155.7178,541.8667,0.5039370078740157,0.2952755905511811,2.0300000000000002,541.8667
California,1993,1.17,0.69,2.35,277.3333,143.2603,501.3333,0.49787234042553186,0.2936170212765957,1.8599999999999999,501.3333
California,1994,1.09,0.68,2.24,258.3704,141.1841,477.8667,0.48660714285714285,0.30357142857142855,1.77,477.8667
California,1995,1.15,0.63,2.24,272.5926,130.8029,477.8667,0.5133928571428571,0.28125,1.7799999999999998,477.8667
California,1996,1.13,0.64,2.27,267.8519,132.8792,484.2667,0.49779735682819376,0.28193832599118945,1.77,484.2667
California,1997,1.14,0.62,2.28,270.2222,128.7267,486.4,0.5,0.2719298245614035,1.7599999999999998,486.4
California,1998,1.11,0.61,2.21,263.1111,126.6504,471.4667,0.5022624434389141,0.27601809954751133,1.7200000000000002,471.4667
California,1999,1.12,0.62,2.22,265.4815,128.7267,473.6,0.5045045045045045,0.27927927927927926,1.7400000000000002,473.6
California,2000,1.12,0.64,2.24,265.4815,132.8792,477.8667,0.5,0.2857142857142857,1.7600000000000002,477.8667
California,2001,1.09,0.63,2.2,258.3704,130.8029,469.3333,0.4954545454545454,0.2863636363636363,1.7200000000000002,469.3333
California,2002,1.08,0.64,2.21,256.0,132.8792,471.4667,0.4886877828054299,0.2895927601809955,1.7200000000000002,471.4667
California,2003,1.07,0.65,2.23,253.6296,134.9554,475.7333,0.47982062780269064,0.2914798206278027,1.7200000000000002,475.7333
California,2004,1.07,0.67,2.25,253.6296,139.1079,480.0,0.47555555555555556,0.2977777777777778,1.7400000000000002,480.0
California,2005,1.03,0.69,2.26,244.1481,143.2603,482.1333,0.4557522123893806,0.30530973451327437,1.72,482.1333
California,2006,1.02,0.7,2.29,241.7778,145.3366,488.5333,0.44541484716157204,0.3056768558951965,1.72,488.5333
California,2007,1.06,0.7,2.3,251.2593,145.3366,490.6667,0.46086956521739136,0.30434782608695654,1.76,490.6667
California,2008,1.05,0.7,2.3,248.8889,145.3366,490.6667,0.4565217391304348,0.30434782608695654,1.75,490.6667
California,2009,1.01,0.7,2.28,239.4074,145.3366,486.4,0.4429824561403509,0.30701754385964913,1.71,486.4
California,2010,0.97,0.71,2.16,229.9259,147.4128,460.8,0.449074074074074,0.32870370370370366,1.68,460.8
California,2011,0.95,0.72,2.25,225.1852,149.4891,480.0,0.4222222222222222,0.32,1.67,480.0
California,2012,0.99,0.74,2.35,234.6667,153.6415,501.3333,0.42127659574468085,0.3148936170212766,1.73,501.3333
California,2013,0.98,0.75,2.33,232.2963,155.7178,497.0667,0.4206008583690987,0.3218884120171674,1.73,497.0667
California,2014,1.0,0.73,2.33,237.037,151.5653,497.0667,0.4291845493562232,0.3133047210300429,1.73,497.0667
California,2015,1.0,0.75,2.28,237.037,155.7178,486.4,0.4385964912280702,0.32894736842105265,1.75,486.4
California,2016,0.96,0.78,2.34,227.5556,161.9465,499.2,0.41025641025641024,0.33333333333333337,1.74,499.2
California,2017,0.94,0.78,2.31,222.8148,161.9465,492.8,0.4069264069264069,0.33766233766233766,1.72,492.8
California,2018,1.0,0.87,2.49,237.037,180.6326,531.2,0.4016064257028112,0.34939759036144574,1.87,531.2
California,2019,1.05,0.91,2.57,248.8889,188.9376,548.2667,0.40856031128404674,0.3540856031128405,1.96,548.2667
California,2020,1.06,0.95,2.63,251.2593,197.2425,561.0667,0.4030418250950571,0.3612167300380228,2.01,561.0667
California,2021,1.11,1.1,2.84,263.1111,228.3861,605.8667,0.39084507042253525,0.38732394366197187,2.21,605.8667
California,2022,1.11,1.2,2.93,263.1111,249.1484,625.0667,0.37883959044368604,0.40955631399317405,2.31,625.0667
California,2023,1.09,1.27,2.98,258.3704,263.6821,635.7333,0.36577181208053694,0.4261744966442953,2.3600000000000003,635.7333
Colorado,1977,1.4,1.19,2.95,331.8519,247.0722,629.3333,0.47457627118644063,0.40338983050847455,2.59,629.3333
Colorado,1978,1.6,1.39,3.46,379.2593,288.5969,738.1333,0.46242774566473993,0.40173410404624277,2.99,738.1333
Colorado,1979,1.63,1.33,3.42,386.3704,276.1395,729.6,0.4766081871345029,0.3888888888888889,2.96,729.6
Colorado,1980,1.56,1.31,3.33,369.7778,271.987,710.4,0.46846846846846846,0.3933933933933934,2.87,710.4
Colorado,1981,1.62,1.26,3.32,384.0,261.6058,708.2667,0.48795180722891573,0.3795180722891566,2.88,708.2667
Colorado,1982,1.63,1.17,3.26,386.3704,242.9197,695.4667,0.5,0.3588957055214724,2.8,695.4667
Colorado,1983,1.57,1.12,3.15,372.1481,232.5385,672.0,0.4984126984126985,0.3555555555555556,2.6900000000000004,672.0
Colorado,1984,1.51,1.12,3.1,357.9259,232.5385,661.3333,0.48709677419354835,0.3612903225806452,2.63,661.3333
Colorado,1985,1.48,1.18,3.17,350.8148,244.9959,676.2667,0.4668769716088328,0.37223974763406936,2.66,676.2667
Colorado,1986,1.49,0.95,2.9,353.1852,197.2425,618.6667,0.5137931034482759,0.3275862068965517,2.44,618.6667
Colorado,1987,1.45,0.94,2.84,343.7037,195.1663,605.8667,0.5105633802816901,0.33098591549295775,2.3899999999999997,605.8667
Colorado,1988,1.44,0.92,2.76,341.3333,191.0138,588.8,0.5217391304347826,0.33333333333333337,2.36,588.8
Colorado,1989,1.42,0.85,2.64,336.5926,176.4801,563.2,0.5378787878787878,0.32196969696969696,2.27,563.2
Colorado,1990,1.35,0.75,2.39,320.0,155.7178,509.8667,0.5648535564853556,0.3138075313807531,2.1,509.8667
Colorado,1991,1.39,0.87,2.61,329.4815,180.6326,556.8,0.5325670498084291,0.33333333333333337,2.26,556.8
Colorado,1992,1.34,0.81,2.52,317.6296,168.1752,537.6,0.5317460317460317,0.32142857142857145,2.1500000000000004,537.6
Colorado,1993,1.4,0.86,2.63,331.8519,178.5564,561.0667,0.532319391634981,0.3269961977186312,2.26,561.0667
Colorado,1994,1.36,0.84,2.55,322.3704,174.4039,544.0,0.5333333333333334,0.32941176470588235,2.2,544.0
Colorado,1995,1.34,0.78,2.47,317.6296,161.9465,526.9333,0.5425101214574899,0.3157894736842105,2.12,526.9333
Colorado,1996,1.36,0.84,2.57,322.3704,174.4039,548.2667,0.529182879377432,0.32684824902723736,2.2,548.2667
Colorado,1997,1.3,0.81,2.48,308.1481,168.1752,529.0667,0.5241935483870968,0.3266129032258065,2.1100000000000003,529.0667
Colorado,1998,1.33,0.83,2.53,315.2593,172.3277,539.7333,0.5256916996047432,0.32806324110671936,2.16,539.7333
Colorado,1999,1.33,0.75,2.45,315.2593,155.7178,522.6667,0.5428571428571428,0.3061224489795918,2.08,522.6667
Colorado,2000,1.35,0.89,2.6,320.0,184.7851,554.6667,0.5192307692307693,0.3423076923076923,2.24,554.6667
Colorado,2001,1.42,0.96,2.78,336.5926,199.3187,593.0667,0.5107913669064749,0.34532374100719426,2.38,593.0667
Colorado,2002,1.35,0.9,2.64,320.0,186.8613,563.2,0.5113636363636364,0.3409090909090909,2.25,563.2
Colorado,2003,1.33,0.87,2.6,315.2593,180.6326,554.6667,0.5115384615384615,0.3346153846153846,2.2,554.6667
Colorado,2004,1.3,0.95,2.68,308.1481,197.2425,571.7333,0.48507462686567165,0.3544776119402985,2.25,571.7333
Colorado,2005,1.31,0.99,2.72,310.5185,205.5474,580.2667,0.48161764705882354,0.3639705882352941,2.3,580.2667
Colorado,2006,1.29,0.98,2.72,305.7778,203.4712,580.2667,0.4742647058823529,0.36029411764705876,2.27,580.2667
Colorado,2007,1.3,1.01,2.78,308.1481,209.6999,593.0667,0.4676258992805756,0.36330935251798563,2.31,593.0667
Colorado,2008,1.28,1.02,2.77,303.4074,211.7762,590.9333,0.4620938628158845,0.36823104693140796,2.3,590.9333
Colorado,2009,1.23,1.01,2.7,291.5556,209.6999,576.0,0.4555555555555555,0.37407407407407406,2.24,576.0
Colorado,2010,1.22,1.01,2.71,289.1852,209.6999,578.1333,0.45018450184501846,0.3726937269372694,2.23,578.1333
Colorado,2011,1.2,1.04,2.72,284.4444,215.9286,580.2667,0.4411764705882352,0.38235294117647056,2.24,580.2667
Colorado,2012,1.15,1.08,2.76,272.5926,224.2336,588.8,0.4166666666666667,0.39130434782608703,2.23,588.8
Colorado,2013,1.2,1.11,2.81,284.4444,230.4623,599.4667,0.4270462633451957,0.39501779359430605,2.31,599.4667
Colorado,2014,1.14,1.11,2.77,270.2222,230.4623,590.9333,0.4115523465703971,0.40072202166064985,2.25,590.9333
Colorado,2015,1.12,1.14,2.77,265.4815,236.691,590.9333,0.40433212996389895,0.4115523465703971,2.26,590.9333
Colorado,2016,1.14,1.16,2.82,270.2222,240.8435,601.6,0.40425531914893614,0.41134751773049644,2.3,601.6
Colorado,2017,1.14,1.19,2.84,270.2222,247.0722,605.8667,0.4014084507042253,0.41901408450704225,2.33,605.8667
Colorado,2018,1.14,1.23,2.88,270.2222,255.3771,614.4,0.3958333333333333,0.42708333333333337,2.37,614.4
Colorado,2019,1.17,1.14,2.78,277.3333,236.691,593.0667,0.420863309352518,0.41007194244604317,2.3099999999999996,593.0667
Colorado,2020,1.14,1.33,2.98,270.2222,276.1395,635.7333,0.38255033557046975,0.4463087248322148,2.4699999999999998,635.7333
Colorado,2021,1.17,1.39,3.06,277.3333,288.5969,652.8,0.38235294117647056,0.45424836601307184,2.5599999999999996,652.8
Colorado,2022,1.13,1.48,3.08,267.8519,307.283,657.0667,0.36688311688311687,0.4805194805194805,2.61,657.0667
Colorado,2023,1.08,1.49,3.07,256.0,309.3593,654.9333,0.35179153094462545,0.485342019543974,2.5700000000000003,654.9333
Connecticut,1977,1.06,1.23,2.64,251.2593,255.3771,563.2,0.4015151515151515,0.4659090909090909,2.29,563.2
Connecticut,1978,1.09,1.21,2.69,258.3704,251.2247,573.8667,0.4052044609665428,0.44981412639405205,2.3,573.8667
Connecticut,1979,1.14,1.21,2.76,270.2222,251.2247,588.8,0.41304347826086957,0.4384057971014493,2.3499999999999996,588.8
Connecticut,1980,1.06,1.2,2.69,251.2593,249.1484,573.8667,0.3940520446096655,0.44609665427509293,2.26,573.8667
Connecticut,1981,1.05,1.18,2.67,248.8889,244.9959,569.6,0.39325842696629215,0.44194756554307113,2.23,569.6
Connecticut,1982,1.04,1.21,2.74,246.5185,251.2247,584.5333,0.3795620437956204,0.44160583941605835,2.25,584.5333
Connecticut,1983,1.1,1.22,2.8,260.7407,253.3009,597.3333,0.3928571428571429,0.4357142857142857,2.3200000000000003,597.3333
Connecticut,1984,1.1,1.19,2.78,260.7407,247.0722,593.0667,0.3956834532374101,0.42805755395683454,2.29,593.0667
Connecticut,1985,1.12,1.19,2.81,265.4815,247.0722,599.4667,0.39857651245551606,0.42348754448398573,2.31,599.4667
Connecticut,1986,1.11,1.14,2.76,263.1111,236.691,588.8,0.4021739130434783,0.41304347826086957,2.25,588.8
Connecticut,1987,1.14,1.1,2.75,270.2222,228.3861,586.6667,0.4145454545454545,0.4,2.24,586.6667
Connecticut,1988,1.12,1.05,2.67,265.4815,218.0049,569.6,0.41947565543071164,0.39325842696629215,2.17,569.6
Connecticut,1989,1.07,0.96,2.5,253.6296,199.3187,533.3333,0.42800000000000005,0.384,2.0300000000000002,533.3333
Connecticut,1990,1.09,0.92,2.46,258.3704,191.0138,524.8,0.44308943089430897,0.3739837398373984,2.0100000000000002,524.8
Connecticut,1991,1.03,0.84,2.29,244.1481,174.4039,488.5333,0.4497816593886463,0.3668122270742358,1.87,488.5333
Connecticut,1992,1.01,0.83,2.3,239.4074,172.3277,490.6667,0.4391304347826087,0.36086956521739133,1.8399999999999999,490.6667
Connecticut,1993,0.96,0.8,2.2,227.5556,166.0989,469.3333,0.4363636363636363,0.36363636363636365,1.76,469.3333
Connecticut,1994,0.99,0.78,2.2,234.6667,161.9465,469.3333,0.44999999999999996,0.35454545454545455,1.77,469.3333
Connecticut,1995,0.96,0.78,2.2,227.5556,161.9465,469.3333,0.4363636363636363,0.35454545454545455,1.74,469.3333
Connecticut,1996,0.91,0.72,2.09,215.7037,149.4891,445.8667,0.43540669856459335,0.3444976076555024,1.63,445.8667
Connecticut,1997,0.95,0.74,2.17,225.1852,153.6415,462.9333,0.4377880184331797,0.34101382488479265,1.69,462.9333
Connecticut,1998,0.96,0.76,2.21,227.5556,157.794,471.4667,0.4343891402714932,0.3438914027149321,1.72,471.4667
Connecticut,1999,0.94,0.75,2.18,222.8148,155.7178,465.0667,0.4311926605504587,0.3440366972477064,1.69,465.0667
Connecticut,2000,0.94,0.74,2.18,222.8148,153.6415,465.0667,0.4311926605504587,0.33944954128440363,1.68,465.0667
Connecticut,2001,0.95,0.74,2.19,225.1852,153.6415,467.2,0.4337899543378995,0.3378995433789954,1.69,467.2
Connecticut,2002,0.95,0.75,2.21,225.1852,155.7178,471.4667,0.42986425339366513,0.3393665158371041,1.7,471.4667
Connecticut,2003,0.93,0.78,2.23,220.4444,161.9465,475.7333,0.41704035874439466,0.34977578475336324,1.71,475.7333
Connecticut,2004,0.93,0.79,2.25,220.4444,164.0227,480.0,0.41333333333333333,0.35111111111111115,1.7200000000000002,480.0
Connecticut,2005,0.9,0.79,2.23,213.3333,164.0227,475.7333,0.40358744394618834,0.3542600896860987,1.69,475.7333
Connecticut,2006,0.93,0.81,2.3,220.4444,168.1752,490.6667,0.4043478260869566,0.35217391304347834,1.7400000000000002,490.6667
Connecticut,2007,0.92,0.84,2.33,218.0741,174.4039,497.0667,0.3948497854077253,0.3605150214592274,1.76,497.0667
Connecticut,2008,0.93,0.85,2.36,220.4444,176.4801,503.4667,0.39406779661016955,0.3601694915254237,1.78,503.4667
Connecticut,2009,0.88,0.85,2.31,208.5926,176.4801,492.8,0.38095238095238093,0.36796536796536794,1.73,492.8
Connecticut,2010,0.88,0.87,2.35,208.5926,180.6326,501.3333,0.37446808510638296,0.3702127659574468,1.75,501.3333
Connecticut,2011,0.86,0.88,2.35,203.8519,182.7088,501.3333,0.3659574468085106,0.37446808510638296,1.74,501.3333
Connecticut,2012,0.86,0.91,2.38,203.8519,188.9376,507.7333,0.36134453781512604,0.3823529411764706,1.77,507.7333
Connecticut,2013,0.85,0.91,2.37,201.4815,188.9376,505.6,0.3586497890295358,0.38396624472573837,1.76,505.6
Connecticut,2014,0.84,0.92,2.36,199.1111,191.0138,503.4667,0.3559322033898305,0.3898305084745763,1.76,503.4667
Connecticut,2015,0.85,0.95,2.41,201.4815,197.2425,514.1333,0.3526970954356846,0.39419087136929454,1.7999999999999998,514.1333
Connecticut,2016,0.85,0.98,2.44,201.4815,203.4712,520.5333,0.3483606557377049,0.4016393442622951,1.83,520.5333
Connecticut,2017,0.82,0.99,2.41,194.3704,205.5474,514.1333,0.3402489626556016,0.4107883817427386,1.81,514.1333
Connecticut,2018,0.8,1.01,2.4,189.6296,209.6999,512.0,0.33333333333333337,0.42083333333333334,1.81,512.0
Connecticut,2019,0.81,1.07,2.47,192.0,222.1573,526.9333,0.32793522267206476,0.4331983805668016,1.8800000000000001,526.9333
Connecticut,2020,0.79,1.11,2.5,187.2593,230.4623,533.3333,0.316,0.44400000000000006,1.9000000000000001,533.3333
Connecticut,2021,0.78,1.19,2.54,184.8889,247.0722,541.8667,0.30708661417322836,0.46850393700787396,1.97,541.8667
Connecticut,2022,0.73,1.15,2.41,173.037,238.7672,514.1333,0.3029045643153527,0.47717842323651444,1.88,514.1333
Connecticut,2023,0.7,1.15,2.37,165.9259,238.7672,505.6,0.2953586497890295,0.4852320675105485,1.8499999999999999,505.6
Delaware,1977,1.3,1.33,2.86,308.1481,276.1395,610.1333,0.4545454545454546,0.46503496503496505,2.63,610.1333
Delaware,1978,1.31,1.3,2.85,310.5185,269.9108,608.0,0.45964912280701753,0.45614035087719296,2.6100000000000003,608.0
Delaware,1979,1.35,1.31,2.92,320.0,271.987,622.9333,0.4623287671232877,0.4486301369863014,2.66,622.9333
Delaware,1980,1.44,1.37,3.11,341.3333,284.4444,663.4667,0.4630225080385852,0.44051446945337625,2.81,663.4667
Delaware,1981,1.52,1.4,3.24,360.2963,290.6732,691.2,0.4691358024691358,0.4320987654320987,2.92,691.2
Delaware,1982,1.54,1.38,3.26,365.037,286.5207,695.4667,0.47239263803680986,0.4233128834355828,2.92,695.4667
Delaware,1983,1.55,1.35,3.25,367.4074,280.292,693.3333,0.47692307692307695,0.4153846153846154,2.9000000000000004,693.3333
Delaware,1984,1.52,1.29,3.2,360.2963,267.8345,682.6667,0.475,0.403125,2.81,682.6667
Delaware,1985,1.48,1.31,3.2,350.8148,271.987,682.6667,0.46249999999999997,0.409375,2.79,682.6667
Delaware,1986,1.46,1.25,3.16,346.0741,259.5296,674.1333,0.46202531645569617,0.39556962025316456,2.71,674.1333
Delaware,1987,1.46,1.23,3.12,346.0741,255.3771,665.6,0.4679487179487179,0.3942307692307692,2.69,665.6
Delaware,1988,1.46,1.21,3.08,346.0741,251.2247,657.0667,0.474025974025974,0.39285714285714285,2.67,657.0667
Delaware,1989,1.43,1.15,2.96,338.963,238.7672,631.4667,0.4831081081081081,0.3885135135135135,2.58,631.4667
Delaware,1990,1.44,1.14,2.95,341.3333,236.691,629.3333,0.48813559322033895,0.38644067796610165,2.58,629.3333
Delaware,1991,1.4,0.95,2.7,331.8519,197.2425,576.0,0.5185185185185185,0.3518518518518518,2.3499999999999996,576.0
Delaware,1992,1.4,0.97,2.73,331.8519,201.395,582.4,0.5128205128205128,0.3553113553113553,2.37,582.4
Delaware,1993,1.46,0.95,2.76,346.0741,197.2425,588.8,0.5289855072463768,0.34420289855072467,2.41,588.8
Delaware,1994,1.43,0.95,2.76,338.963,197.2425,588.8,0.5181159420289855,0.34420289855072467,2.38,588.8
Delaware,1995,1.3,0.92,2.62,308.1481,191.0138,558.9333,0.4961832061068702,0.3511450381679389,2.22,558.9333
Delaware,1996,1.39,0.94,2.78,329.4815,195.1663,593.0667,0.5,0.3381294964028777,2.33,593.0667
Delaware,1997,1.37,0.99,2.81,324.7407,205.5474,599.4667,0.48754448398576516,0.35231316725978645,2.3600000000000003,599.4667
Delaware,1998,1.41,1.03,2.91,334.2222,213.8524,620.8,0.48453608247422675,0.3539518900343643,2.44,620.8
Delaware,1999,1.4,1.03,2.9,331.8519,213.8524,618.6667,0.48275862068965514,0.3551724137931035,2.4299999999999997,618.6667
Delaware,2000,1.36,1.05,2.89,322.3704,218.0049,616.5333,0.47058823529411764,0.3633217993079585,2.41,616.5333
Delaware,2001,1.39,1.07,2.94,329.4815,222.1573,627.2,0.4727891156462585,0.36394557823129253,2.46,627.2
Delaware,2002,1.39,1.1,3.01,329.4815,228.3861,642.1333,0.46179401993355484,0.36544850498338877,2.49,642.1333
Delaware,2003,1.38,1.18,3.12,327.1111,244.9959,665.6,0.44230769230769224,0.3782051282051282,2.5599999999999996,665.6
Delaware,2004,1.42,1.28,3.27,336.5926,265.7583,697.6,0.43425076452599387,0.39143730886850153,2.7,697.6
Delaware,2005,1.42,1.24,3.25,336.5926,257.4534,693.3333,0.4369230769230769,0.38153846153846155,2.66,693.3333
Delaware,2006,1.41,1.26,3.26,334.2222,261.6058,695.4667,0.4325153374233129,0.3865030674846626,2.67,695.4667
Delaware,2007,1.38,1.23,3.19,327.1111,255.3771,680.5333,0.43260188087774293,0.38557993730407525,2.61,680.5333
Delaware,2008,1.35,1.23,3.15,320.0,255.3771,672.0,0.4285714285714286,0.3904761904761905,2.58,672.0
Delaware,2009,1.32,1.34,3.31,312.8889,278.2157,706.1333,0.3987915407854985,0.40483383685800606,2.66,706.1333
Delaware,2010,1.36,1.36,3.38,322.3704,282.3682,721.0667,0.4023668639053255,0.4023668639053255,2.72,721.0667
Delaware,2011,1.34,1.52,3.55,317.6296,315.588,757.3333,0.3774647887323944,0.4281690140845071,2.8600000000000003,757.3333
Delaware,2012,1.32,1.58,3.59,312.8889,328.0454,765.8667,0.3676880222841226,0.4401114206128134,2.9000000000000004,765.8667
Delaware,2013,1.25,1.63,3.6,296.2963,338.4266,768.0,0.3472222222222222,0.4527777777777777,2.88,768.0
Delaware,2014,1.21,1.67,3.6,286.8148,346.7315,768.0,0.3361111111111111,0.46388888888888885,2.88,768.0
Delaware,2015,1.19,1.75,3.66,282.0741,363.3414,780.8,0.3251366120218579,0.4781420765027322,2.94,780.8
Delaware,2016,1.2,1.8,3.73,284.4444,373.7226,795.7333,0.32171581769436997,0.48257372654155495,3.0,795.7333
Delaware,2017,1.15,1.75,3.62,272.5926,363.3414,772.2667,0.3176795580110497,0.48342541436464087,2.9,772.2667
Delaware,2018,1.11,1.69,3.52,263.1111,350.884,750.9333,0.3153409090909091,0.48011363636363635,2.8,750.9333
Delaware,2019,1.11,1.61,3.43,263.1111,334.2741,731.7333,0.3236151603498542,0.46938775510204084,2.72,731.7333
Delaware,2020,1.12,2.12,4.0,265.4815,440.1622,853.3333,0.28,0.53,3.24,853.3333
Delaware,2021,1.13,2.46,4.39,267.8519,510.7543,936.5333,0.25740318906605925,0.5603644646924829,3.59,936.5333
Delaware,2022,1.05,2.34,4.08,248.8889,485.8394,870.4,0.2573529411764706,0.5735294117647058,3.3899999999999997,870.4
Delaware,2023,1.02,2.38,4.09,241.7778,494.1444,872.5333,0.24938875305623473,0.5819070904645477,3.4,872.5333
District Of Columbia,1977,1.35,3.16,5.37,320.0,656.0908,1145.6,0.25139664804469275,0.5884543761638734,4.51,1145.6
District Of Columbia,1978,1.38,3.04,5.33,327.1111,631.176,1137.0667,0.2589118198874296,0.5703564727954972,4.42,1137.0667
District Of Columbia,1979,1.42,2.92,5.3,336.5926,606.2612,1130.6667,0.2679245283018868,0.5509433962264151,4.34,1130.6667
District Of Columbia,1980,1.49,2.94,5.41,353.1852,610.4136,1154.1333,0.2754158964879852,0.5434380776340111,4.43,1154.1333
District Of Columbia,1981,1.48,2.89,5.42,350.8148,600.0324,1156.2667,0.2730627306273063,0.533210332103321,4.37,1156.2667
District Of Columbia,1982,1.46,2.88,5.33,346.0741,597.9562,1137.0667,0.27392120075046905,0.5403377110694184,4.34,1137.0667
District Of Columbia,1983,1.51,2.71,5.27,357.9259,562.6602,1124.2667,0.2865275142314991,0.5142314990512334,4.22,1124.2667
District Of Columbia,1984,1.51,2.59,5.17,357.9259,537.7453,1102.9333,0.29206963249516443,0.5009671179883946,4.1,1102.9333
District Of Columbia,1985,1.44,2.35,4.8,341.3333,487.9157,1024.0,0.3,0.48958333333333337,3.79,1024.0
District Of Columbia,1986,1.45,2.09,4.54,343.7037,433.9335,968.5333,0.31938325991189426,0.46035242290748896,3.54,968.5333
District Of Columbia,1987,1.41,2.26,4.62,334.2222,469.2295,985.6,0.3051948051948052,0.4891774891774891,3.67,985.6
District Of Columbia,1988,1.38,1.9,4.22,327.1111,394.485,900.2667,0.32701421800947866,0.45023696682464454,3.28,900.2667
District Of Columbia,1989,1.39,1.72,3.92,329.4815,357.1127,836.2667,0.35459183673469385,0.4387755102040816,3.11,836.2667
District Of Columbia,1990,1.42,1.96,4.14,336.5926,406.9424,883.2,0.34299516908212563,0.4734299516908213,3.38,883.2
District Of Columbia,1991,1.42,1.85,3.89,336.5926,384.1038,829.8667,0.365038560411311,0.4755784061696658,3.27,829.8667
District Of Columbia,1992,1.61,1.74,4.05,381.6296,361.2652,864.0,0.3975308641975309,0.42962962962962964,3.35,864.0
District Of Columbia,1993,1.51,1.54,3.78,357.9259,319.7405,806.4,0.3994708994708995,0.40740740740740744,3.05,806.4
District Of Columbia,1994,1.5,1.52,3.76,355.5556,315.588,802.1333,0.398936170212766,0.4042553191489362,3.02,802.1333
District Of Columbia,1995,1.49,1.52,3.78,353.1852,315.588,806.4,0.3941798941798942,0.40211640211640215,3.01,806.4
District Of Columbia,1996,1.33,1.47,3.67,315.2593,305.2068,782.9333,0.36239782016348776,0.40054495912806537,2.8,782.9333
District Of Columbia,1997,1.42,1.61,3.83,336.5926,334.2741,817.0667,0.37075718015665793,0.42036553524804177,3.0300000000000002,817.0667
District Of Columbia,1998,1.37,1.57,3.73,324.7407,325.9692,795.7333,0.3672922252010724,0.42091152815013405,2.9400000000000004,795.7333
District Of Columbia,1999,1.38,1.36,3.52,327.1111,282.3682,750.9333,0.39204545454545453,0.3863636363636364,2.74,750.9333
District Of Columbia,2000,1.39,1.45,3.65,329.4815,301.0543,778.6667,0.38082191780821917,0.3972602739726027,2.84,778.6667
District Of Columbia,2001,1.36,1.46,3.61,322.3704,303.1306,770.1333,0.37673130193905824,0.40443213296398894,2.8200000000000003,770.1333
District Of Columbia,2002,1.36,1.47,3.66,322.3704,305.2068,780.8,0.37158469945355194,0.4016393442622951,2.83,780.8
District Of Columbia,2003,1.38,1.51,3.76,327.1111,313.5118,802.1333,0.3670212765957447,0.4015957446808511,2.8899999999999997,802.1333
District Of Columbia,2004,1.38,1.52,3.8,327.1111,315.588,810.6667,0.36315789473684207,0.4,2.9,810.6667
District Of Columbia,2005,1.4,1.56,3.9,331.8519,323.8929,832.0,0.358974358974359,0.4,2.96,832.0
District Of Columbia,2006,1.38,1.6,3.94,327.1111,332.1979,840.5333,0.350253807106599,0.4060913705583757,2.98,840.5333
District Of Columbia,2007,1.37,1.63,4.0,324.7407,338.4266,853.3333,0.3425,0.4075,3.0,853.3333
District Of Columbia,2008,1.35,1.64,4.0,320.0,340.5028,853.3333,0.3375,0.41,2.99,853.3333
District Of Columbia,2009,1.26,1.62,3.88,298.6667,336.3504,827.7333,0.3247422680412371,0.4175257731958763,2.88,827.7333
District Of Columbia,2010,1.22,1.61,3.83,289.1852,334.2741,817.0667,0.3185378590078329,0.42036553524804177,2.83,817.0667
District Of Columbia,2011,1.19,1.62,3.83,282.0741,336.3504,817.0667,0.31070496083550914,0.42297650130548303,2.81,817.0667
District Of Columbia,2012,1.18,1.65,3.85,279.7037,342.5791,821.3333,0.3064935064935065,0.42857142857142855,2.83,821.3333
District Of Columbia,2013,1.16,1.66,3.83,274.963,344.6553,817.0667,0.30287206266318534,0.433420365535248,2.82,817.0667
District Of Columbia,2014,1.15,1.67,3.82,272.5926,346.7315,814.9333,0.3010471204188482,0.43717277486910994,2.82,814.9333
District Of Columbia,2015,1.14,1.67,3.82,270.2222,346.7315,814.9333,0.29842931937172773,0.43717277486910994,2.8099999999999996,814.9333
District Of Columbia,2016,1.12,1.69,3.84,265.4815,350.884,819.2,0.2916666666666667,0.4401041666666667,2.81,819.2
District Of Columbia,2017,1.1,1.68,3.8,260.7407,348.8078,810.6667,0.2894736842105263,0.4421052631578947,2.7800000000000002,810.6667
District Of Columbia,2018,1.08,1.68,3.77,256.0,348.8078,804.2667,0.2864721485411141,0.4456233421750663,2.76,804.2667
District Of Columbia,2019,1.07,1.67,3.75,253.6296,346.7315,800.0,0.2853333333333333,0.4453333333333333,2.74,800.0
District Of Columbia,2020,1.14,1.79,4.02,270.2222,371.6464,857.6,0.2835820895522388,0.4452736318407961,2.9299999999999997,857.6
District Of Columbia,2021,1.16,1.87,4.12,274.963,388.2563,878.9333,0.2815533980582524,0.4538834951456311,3.0300000000000002,878.9333
District Of Columbia,2022,1.13,1.78,3.97,267.8519,369.5702,846.9333,0.28463476070528965,0.44836272040302266,2.91,846.9333
District Of Columbia,2023,1.09,1.75,3.85,258.3704,363.3414,821.3333,0.28311688311688316,0.45454545454545453,2.84,821.3333
Florida,1977,1.27,1.4,2.99,301.037,290.6732,637.8667,0.42474916387959866,0.4682274247491638,2.67,637.8667
Florida,1978,1.34,1.4,3.07,317.6296,290.6732,654.9333,0.4364820846905538,0.4560260586319218,2.74,654.9333
Florida,1979,1.38,1.41,3.14,327.1111,292.7494,669.8667,0.43949044585987257,0.4490445859872611,2.79,669.8667
Florida,1980,1.4,1.41,3.18,331.8519,292.7494,678.4,0.440251572327044,0.4433962264150943,2.8099999999999996,678.4
Florida,1981,1.54,1.37,3.3,365.037,284.4444,704.0,0.46666666666666673,0.4151515151515152,2.91,704.0
Florida,1982,1.54,1.32,3.26,365.037,274.0633,695.4667,0.47239263803680986,0.40490797546012275,2.8600000000000003,695.4667
Florida,1983,1.55,1.22,3.16,367.4074,253.3009,674.1333,0.49050632911392406,0.38607594936708856,2.77,674.1333
Florida,1984,1.46,1.23,3.09,346.0741,255.3771,659.2,0.47249190938511326,0.39805825242718446,2.69,659.2
Florida,1985,1.47,1.16,3.04,348.4444,240.8435,648.5333,0.48355263157894735,0.381578947368421,2.63,648.5333
Florida,1986,1.5,1.05,2.96,355.5556,218.0049,631.4667,0.5067567567567568,0.35472972972972977,2.55,631.4667
Florida,1987,1.5,1.03,2.95,355.5556,213.8524,629.3333,0.5084745762711864,0.34915254237288135,2.5300000000000002,629.3333
Florida,1988,1.5,1.0,2.91,355.5556,207.6237,620.8,0.5154639175257731,0.3436426116838488,2.5,620.8
Florida,1989,1.51,1.0,2.89,357.9259,207.6237,616.5333,0.5224913494809689,0.3460207612456747,2.51,616.5333
Florida,1990,1.54,1.04,2.96,365.037,215.9286,631.4667,0.5202702702702703,0.35135135135135137,2.58,631.4667
Florida,1991,1.43,0.92,2.69,338.963,191.0138,573.8667,0.5315985130111524,0.34200743494423796,2.35,573.8667
Florida,1992,1.45,0.96,2.75,343.7037,199.3187,586.6667,0.5272727272727272,0.34909090909090906,2.41,586.6667
Florida,1993,1.44,0.92,2.68,341.3333,191.0138,571.7333,0.5373134328358209,0.34328358208955223,2.36,571.7333
Florida,1994,1.4,0.87,2.6,331.8519,180.6326,554.6667,0.5384615384615384,0.3346153846153846,2.27,554.6667
Florida,1995,1.34,0.82,2.5,317.6296,170.2514,533.3333,0.536,0.32799999999999996,2.16,533.3333
Florida,1996,1.36,0.81,2.54,322.3704,168.1752,541.8667,0.5354330708661418,0.31889763779527563,2.17,541.8667
Florida,1997,1.36,0.8,2.53,322.3704,166.0989,539.7333,0.5375494071146246,0.316205533596838,2.16,539.7333
Florida,1998,1.33,0.79,2.5,315.2593,164.0227,533.3333,0.532,0.316,2.12,533.3333
Florida,1999,1.33,0.8,2.53,315.2593,166.0989,539.7333,0.5256916996047432,0.316205533596838,2.13,539.7333
Florida,2000,1.32,0.83,2.56,312.8889,172.3277,546.1333,0.515625,0.32421875,2.15,546.1333
Florida,2001,1.32,0.82,2.54,312.8889,170.2514,541.8667,0.5196850393700787,0.3228346456692913,2.14,541.8667
Florida,2002,1.32,0.84,2.58,312.8889,174.4039,550.4,0.5116279069767442,0.3255813953488372,2.16,550.4
Florida,2003,1.31,0.86,2.61,310.5185,178.5564,556.8,0.5019157088122606,0.32950191570881227,2.17,556.8
Florida,2004,1.34,0.88,2.68,317.6296,182.7088,571.7333,0.5,0.3283582089552239,2.22,571.7333
Florida,2005,1.33,0.91,2.7,315.2593,188.9376,576.0,0.4925925925925926,0.337037037037037,2.24,576.0
Florida,2006,1.32,0.91,2.7,312.8889,188.9376,576.0,0.4888888888888889,0.337037037037037,2.23,576.0
Florida,2007,1.28,0.92,2.68,303.4074,191.0138,571.7333,0.47761194029850745,0.34328358208955223,2.2,571.7333
Florida,2008,1.24,0.89,2.61,293.9259,184.7851,556.8,0.47509578544061304,0.3409961685823755,2.13,556.8
Florida,2009,1.19,0.91,2.58,282.0741,188.9376,550.4,0.46124031007751937,0.35271317829457366,2.1,550.4
Florida,2010,1.12,0.91,2.51,265.4815,188.9376,535.4667,0.4462151394422312,0.3625498007968128,2.0300000000000002,535.4667
Florida,2011,1.13,0.93,2.54,267.8519,193.09,541.8667,0.44488188976377946,0.3661417322834646,2.06,541.8667
Florida,2012,1.26,0.95,2.72,298.6667,197.2425,580.2667,0.463235294117647,0.3492647058823529,2.21,580.2667
Florida,2013,1.28,0.95,2.72,303.4074,197.2425,580.2667,0.47058823529411764,0.3492647058823529,2.23,580.2667
Florida,2014,1.1,0.98,2.59,260.7407,203.4712,552.5333,0.42471042471042475,0.3783783783783784,2.08,552.5333
Florida,2015,1.11,0.98,2.61,263.1111,203.4712,556.8,0.4252873563218391,0.37547892720306514,2.09,556.8
Florida,2016,1.09,1.03,2.65,258.3704,213.8524,565.3333,0.41132075471698115,0.3886792452830189,2.12,565.3333
Florida,2017,1.07,1.04,2.63,253.6296,215.9286,561.0667,0.40684410646387836,0.3954372623574145,2.1100000000000003,561.0667
Florida,2018,1.05,1.04,2.61,248.8889,215.9286,556.8,0.4022988505747127,0.3984674329501916,2.09,556.8
Florida,2019,1.05,1.09,2.7,248.8889,226.3098,576.0,0.3888888888888889,0.40370370370370373,2.14,576.0
Florida,2020,1.04,1.15,2.76,246.5185,238.7672,588.8,0.3768115942028986,0.4166666666666667,2.19,588.8
Florida,2021,1.07,1.32,2.98,253.6296,274.0633,635.7333,0.3590604026845638,0.4429530201342282,2.39,635.7333
Florida,2022,1.04,1.37,2.98,246.5185,284.4444,635.7333,0.348993288590604,0.45973154362416113,2.41,635.7333
Florida,2023,1.0,1.4,2.94,237.037,290.6732,627.2,0.3401360544217687,0.47619047619047616,2.4,627.2
Georgia,1977,1.03,1.19,2.37,244.1481,247.0722,505.6,0.4345991561181434,0.5021097046413502,2.2199999999999998,505.6
Georgia,1978,1.09,1.21,2.48,258.3704,251.2247,529.0667,0.4395161290322581,0.4879032258064516,2.3,529.0667
Georgia,1979,1.11,1.16,2.44,263.1111,240.8435,520.5333,0.4549180327868853,0.47540983606557374,2.27,520.5333
Georgia,1980,1.06,1.08,2.33,251.2593,224.2336,497.0667,0.4549356223175966,0.46351931330472107,2.14,497.0667
Georgia,1981,1.1,1.09,2.38,260.7407,226.3098,507.7333,0.4621848739495799,0.45798319327731096,2.1900000000000004,507.7333
Georgia,1982,1.12,1.04,2.36,265.4815,215.9286,503.4667,0.47457627118644075,0.44067796610169496,2.16,503.4667
Georgia,1983,1.14,1.06,2.42,270.2222,220.0811,516.2667,0.47107438016528924,0.4380165289256199,2.2,516.2667
Georgia,1984,1.18,1.06,2.48,279.7037,220.0811,529.0667,0.4758064516129032,0.4274193548387097,2.24,529.0667
Georgia,1985,1.17,1.01,2.44,277.3333,209.6999,520.5333,0.47950819672131145,0.4139344262295082,2.1799999999999997,520.5333
Georgia,1986,1.21,0.94,2.43,286.8148,195.1663,518.4,0.4979423868312757,0.38683127572016457,2.15,518.4
Georgia,1987,1.21,1.0,2.48,286.8148,207.6237,529.0667,0.4879032258064516,0.40322580645161293,2.21,529.0667
Georgia,1988,1.21,0.92,2.39,286.8148,191.0138,509.8667,0.506276150627615,0.38493723849372385,2.13,509.8667
Georgia,1989,1.18,0.94,2.36,279.7037,195.1663,503.4667,0.5,0.3983050847457627,2.12,503.4667
Georgia,1990,1.22,0.86,2.31,289.1852,178.5564,492.8,0.5281385281385281,0.3722943722943723,2.08,492.8
Georgia,1991,1.16,0.78,2.17,274.963,161.9465,462.9333,0.5345622119815668,0.35944700460829493,1.94,462.9333
Georgia,1992,1.22,0.79,2.23,289.1852,164.0227,475.7333,0.547085201793722,0.3542600896860987,2.01,475.7333
Georgia,1993,1.23,0.77,2.2,291.5556,159.8702,469.3333,0.5590909090909091,0.35,2.0,469.3333
Georgia,1994,1.17,0.77,2.14,277.3333,159.8702,456.5333,0.5467289719626167,0.3598130841121495,1.94,456.5333
Georgia,1995,1.21,0.7,2.12,286.8148,145.3366,452.2667,0.570754716981132,0.330188679245283,1.91,452.2667
Georgia,1996,1.24,0.71,2.18,293.9259,147.4128,465.0667,0.5688073394495412,0.32568807339449535,1.95,465.0667
Georgia,1997,1.2,0.7,2.13,284.4444,145.3366,454.4,0.5633802816901409,0.32863849765258213,1.9,454.4
Georgia,1998,1.22,0.7,2.15,289.1852,145.3366,458.6667,0.5674418604651162,0.3255813953488372,1.92,458.6667
Georgia,1999,1.23,0.7,2.18,291.5556,145.3366,465.0667,0.5642201834862385,0.3211009174311926,1.93,465.0667
Georgia,2000,1.21,0.69,2.16,286.8148,143.2603,460.8,0.5601851851851851,0.3194444444444444,1.9,460.8
Georgia,2001,1.2,0.65,2.11,284.4444,134.9554,450.1333,0.5687203791469194,0.3080568720379147,1.85,450.1333
Georgia,2002,1.21,0.66,2.13,286.8148,137.0316,454.4,0.568075117370892,0.3098591549295775,1.87,454.4
Georgia,2003,1.2,0.66,2.13,284.4444,137.0316,454.4,0.5633802816901409,0.3098591549295775,1.8599999999999999,454.4
Georgia,2004,1.19,0.65,2.11,282.0741,134.9554,450.1333,0.5639810426540285,0.3080568720379147,1.8399999999999999,450.1333
Georgia,2005,1.17,0.64,2.07,277.3333,132.8792,441.6,0.5652173913043478,0.3091787439613527,1.81,441.6
Georgia,2006,1.19,0.65,2.1,282.0741,134.9554,448.0,0.5666666666666667,0.30952380952380953,1.8399999999999999,448.0
Georgia,2007,1.19,0.65,2.1,282.0741,134.9554,448.0,0.5666666666666667,0.30952380952380953,1.8399999999999999,448.0
Georgia,2008,1.16,0.65,2.06,274.963,134.9554,439.4667,0.5631067961165048,0.3155339805825243,1.81,439.4667
Georgia,2009,1.11,0.65,2.01,263.1111,134.9554,428.8,0.5522388059701494,0.32338308457711445,1.7600000000000002,428.8
Georgia,2010,1.08,0.65,1.98,256.0,134.9554,422.4,0.5454545454545455,0.3282828282828283,1.73,422.4
Georgia,2011,1.06,0.67,1.98,251.2593,139.1079,422.4,0.5353535353535354,0.3383838383838384,1.73,422.4
Georgia,2012,1.06,0.68,1.99,251.2593,141.1841,424.5333,0.5326633165829145,0.3417085427135679,1.7400000000000002,424.5333
Georgia,2013,1.03,0.69,1.98,244.1481,143.2603,422.4,0.5202020202020202,0.34848484848484845,1.72,422.4
Georgia,2014,1.02,0.69,1.97,241.7778,143.2603,420.2667,0.5177664974619289,0.350253807106599,1.71,420.2667
Georgia,2015,1.01,0.69,1.95,239.4074,143.2603,416.0,0.517948717948718,0.3538461538461538,1.7,416.0
Georgia,2016,0.99,0.7,1.95,234.6667,145.3366,416.0,0.5076923076923077,0.358974358974359,1.69,416.0
Georgia,2017,0.98,0.7,1.93,232.2963,145.3366,411.7333,0.5077720207253886,0.3626943005181347,1.68,411.7333
Georgia,2018,0.95,0.7,1.9,225.1852,145.3366,405.3333,0.5,0.3684210526315789,1.65,405.3333
Georgia,2019,0.94,0.72,1.9,222.8148,149.4891,405.3333,0.49473684210526314,0.37894736842105264,1.66,405.3333
Georgia,2020,0.93,0.74,1.92,220.4444,153.6415,409.6,0.48437500000000006,0.3854166666666667,1.67,409.6
Georgia,2021,0.93,0.81,2.0,220.4444,168.1752,426.6667,0.465,0.405,1.7400000000000002,426.6667
Georgia,2022,0.89,0.85,1.99,210.963,176.4801,424.5333,0.4472361809045226,0.4271356783919598,1.74,424.5333
Georgia,2023,0.84,0.88,1.96,199.1111,182.7088,418.1333,0.42857142857142855,0.4489795918367347,1.72,418.1333
Hawaii,1977,1.55,1.21,3.11,367.4074,251.2247,663.4667,0.4983922829581994,0.3890675241157556,2.76,663.4667
Hawaii,1978,1.33,1.25,3.02,315.2593,259.5296,644.2667,0.4403973509933775,0.4139072847682119,2.58,644.2667
Hawaii,1979,1.51,1.21,3.14,357.9259,251.2247,669.8667,0.48089171974522293,0.38535031847133755,2.7199999999999998,669.8667
Hawaii,1980,1.64,1.2,3.3,388.7407,249.1484,704.0,0.49696969696969695,0.36363636363636365,2.84,704.0
Hawaii,1981,1.74,1.16,3.34,412.4444,240.8435,712.5333,0.5209580838323353,0.3473053892215569,2.9,712.5333
Hawaii,1982,1.8,1.14,3.41,426.6667,236.691,727.4667,0.5278592375366569,0.3343108504398827,2.94,727.4667
Hawaii,1983,1.89,1.13,3.45,448.0,234.6148,736.0,0.5478260869565217,0.32753623188405795,3.0199999999999996,736.0
Hawaii,1984,1.66,0.92,2.99,393.4815,191.0138,637.8667,0.5551839464882943,0.3076923076923077,2.58,637.8667
Hawaii,1985,1.61,0.88,2.91,381.6296,182.7088,620.8,0.5532646048109966,0.3024054982817869,2.49,620.8
Hawaii,1986,1.61,0.86,2.91,381.6296,178.5564,620.8,0.5532646048109966,0.29553264604810997,2.47,620.8
Hawaii,1987,1.59,0.77,2.76,376.8889,159.8702,588.8,0.5760869565217392,0.27898550724637683,2.3600000000000003,588.8
Hawaii,1988,1.64,0.8,2.89,388.7407,166.0989,616.5333,0.5674740484429065,0.2768166089965398,2.44,616.5333
Hawaii,1989,1.56,0.8,2.79,369.7778,166.0989,595.2,0.5591397849462366,0.2867383512544803,2.3600000000000003,595.2
Hawaii,1990,1.64,0.79,2.84,388.7407,164.0227,605.8667,0.5774647887323944,0.27816901408450706,2.4299999999999997,605.8667
Hawaii,1991,1.57,0.7,2.67,372.1481,145.3366,569.6,0.5880149812734082,0.26217228464419473,2.27,569.6
Hawaii,1992,1.55,0.69,2.63,367.4074,143.2603,561.0667,0.5893536121673004,0.26235741444866917,2.24,561.0667
Hawaii,1993,1.49,0.65,2.51,353.1852,134.9554,535.4667,0.5936254980079682,0.25896414342629487,2.14,535.4667
Hawaii,1994,1.46,0.62,2.46,346.0741,128.7267,524.8,0.5934959349593496,0.25203252032520324,2.08,524.8
Hawaii,1995,1.41,0.57,2.32,334.2222,118.3455,494.9333,0.6077586206896551,0.24568965517241378,1.98,494.9333
Hawaii,1996,1.4,0.58,2.34,331.8519,120.4217,499.2,0.5982905982905983,0.24786324786324787,1.98,499.2
Hawaii,1997,1.38,0.56,2.33,327.1111,116.2693,497.0667,0.592274678111588,0.240343347639485,1.94,497.0667
Hawaii,1998,1.32,0.54,2.22,312.8889,112.1168,473.6,0.5945945945945945,0.24324324324324323,1.86,473.6
Hawaii,1999,1.31,0.56,2.26,310.5185,116.2693,482.1333,0.5796460176991152,0.24778761061946908,1.87,482.1333
Hawaii,2000,1.33,0.6,2.32,315.2593,124.5742,494.9333,0.5732758620689656,0.25862068965517243,1.9300000000000002,494.9333
Hawaii,2001,1.3,0.6,2.28,308.1481,124.5742,486.4,0.5701754385964913,0.2631578947368421,1.9,486.4
Hawaii,2002,1.27,0.62,2.28,301.037,128.7267,486.4,0.5570175438596492,0.2719298245614035,1.8900000000000001,486.4
Hawaii,2003,1.3,0.66,2.38,308.1481,137.0316,507.7333,0.546218487394958,0.2773109243697479,1.96,507.7333
Hawaii,2004,1.38,0.7,2.5,327.1111,145.3366,533.3333,0.5519999999999999,0.27999999999999997,2.08,533.3333
Hawaii,2005,1.3,0.72,2.47,308.1481,149.4891,526.9333,0.5263157894736842,0.291497975708502,2.02,526.9333
Hawaii,2006,1.28,0.77,2.52,303.4074,159.8702,537.6,0.5079365079365079,0.3055555555555556,2.05,537.6
Hawaii,2007,1.3,0.77,2.55,308.1481,159.8702,544.0,0.5098039215686275,0.3019607843137255,2.0700000000000003,544.0
Hawaii,2008,1.33,0.72,2.56,315.2593,149.4891,546.1333,0.51953125,0.28125,2.05,546.1333
Hawaii,2009,1.27,0.71,2.49,301.037,147.4128,531.2,0.5100401606425703,0.2851405622489959,1.98,531.2
Hawaii,2010,1.25,0.71,2.48,296.2963,147.4128,529.0667,0.5040322580645161,0.28629032258064513,1.96,529.0667
Hawaii,2011,1.25,0.73,2.51,296.2963,151.5653,535.4667,0.4980079681274901,0.2908366533864542,1.98,535.4667
Hawaii,2012,1.25,0.75,2.53,296.2963,155.7178,539.7333,0.4940711462450593,0.2964426877470356,2.0,539.7333
Hawaii,2013,1.25,0.76,2.56,296.2963,157.794,546.1333,0.48828125,0.296875,2.01,546.1333
Hawaii,2014,1.27,0.77,2.59,301.037,159.8702,552.5333,0.49034749034749037,0.2972972972972973,2.04,552.5333
Hawaii,2015,1.28,0.77,2.61,303.4074,159.8702,556.8,0.49042145593869735,0.29501915708812265,2.05,556.8
Hawaii,2016,1.29,0.78,2.64,305.7778,161.9465,563.2,0.48863636363636365,0.29545454545454547,2.0700000000000003,563.2
Hawaii,2017,1.29,0.79,2.66,305.7778,164.0227,567.4667,0.4849624060150376,0.29699248120300753,2.08,567.4667
Hawaii,2018,1.28,0.79,2.66,303.4074,164.0227,567.4667,0.48120300751879697,0.29699248120300753,2.0700000000000003,567.4667
Hawaii,2019,1.29,0.8,2.68,305.7778,166.0989,571.7333,0.48134328358208955,0.29850746268656714,2.09,571.7333
Hawaii,2020,1.24,0.79,2.62,293.9259,164.0227,558.9333,0.47328244274809156,0.3015267175572519,2.0300000000000002,558.9333
Hawaii,2021,1.27,0.84,2.7,301.037,174.4039,576.0,0.4703703703703703,0.31111111111111106,2.11,576.0
Hawaii,2022,1.24,0.87,2.7,293.9259,180.6326,576.0,0.4592592592592592,0.3222222222222222,2.11,576.0
Hawaii,2023,1.2,0.87,2.64,284.4444,180.6326,563.2,0.45454545454545453,0.32954545454545453,2.07,563.2
Idaho,1977,1.47,0.78,2.47,348.4444,161.9465,526.9333,0.5951417004048583,0.3157894736842105,2.25,526.9333
Idaho,1978,1.46,0.78,2.5,346.0741,161.9465,533.3333,0.584,0.312,2.24,533.3333
Idaho,1979,1.51,0.82,2.6,357.9259,170.2514,554.6667,0.5807692307692307,0.3153846153846154,2.33,554.6667
Idaho,1980,1.53,0.77,2.59,362.6667,159.8702,552.5333,0.5907335907335908,0.2972972972972973,2.3,552.5333
Idaho,1981,1.54,0.83,2.69,365.037,172.3277,573.8667,0.5724907063197027,0.30855018587360594,2.37,573.8667
Idaho,1982,1.45,0.81,2.57,343.7037,168.1752,548.2667,0.5642023346303502,0.31517509727626464,2.26,548.2667
Idaho,1983,1.45,0.77,2.52,343.7037,159.8702,537.6,0.5753968253968254,0.3055555555555556,2.2199999999999998,537.6
Idaho,1984,1.41,0.72,2.45,334.2222,149.4891,522.6667,0.5755102040816326,0.29387755102040813,2.13,522.6667
Idaho,1985,1.36,0.71,2.43,322.3704,147.4128,518.4,0.5596707818930041,0.2921810699588477,2.0700000000000003,518.4
Idaho,1986,1.36,0.62,2.37,322.3704,128.7267,505.6,0.5738396624472574,0.26160337552742613,1.98,505.6
Idaho,1987,1.33,0.59,2.31,315.2593,122.498,492.8,0.5757575757575758,0.25541125541125537,1.92,492.8
Idaho,1988,1.28,0.59,2.24,303.4074,122.498,477.8667,0.5714285714285714,0.2633928571428571,1.87,477.8667
Idaho,1989,1.27,0.57,2.16,301.037,118.3455,460.8,0.5879629629629629,0.26388888888888884,1.8399999999999999,460.8
Idaho,1990,1.36,0.58,2.27,322.3704,120.4217,484.2667,0.5991189427312775,0.2555066079295154,1.94,484.2667
Idaho,1991,1.31,0.56,2.19,310.5185,116.2693,467.2,0.5981735159817352,0.25570776255707767,1.87,467.2
Idaho,1992,1.32,0.57,2.2,312.8889,118.3455,469.3333,0.6,0.25909090909090904,1.8900000000000001,469.3333
Idaho,1993,1.26,0.55,2.11,298.6667,114.193,450.1333,0.5971563981042655,0.26066350710900477,1.81,450.1333
Idaho,1994,1.24,0.53,2.12,293.9259,110.0406,452.2667,0.5849056603773585,0.25,1.77,452.2667
Idaho,1995,1.18,0.54,2.01,279.7037,112.1168,428.8,0.5870646766169154,0.2686567164179105,1.72,428.8
Idaho,1996,1.13,0.52,1.96,267.8519,107.9643,418.1333,0.5765306122448979,0.2653061224489796,1.65,418.1333
Idaho,1997,1.11,0.52,1.95,263.1111,107.9643,416.0,0.5692307692307693,0.26666666666666666,1.6300000000000001,416.0
Idaho,1998,1.15,0.51,1.99,272.5926,105.8881,424.5333,0.5778894472361809,0.2562814070351759,1.66,424.5333
Idaho,1999,1.09,0.52,2.29,258.3704,107.9643,488.5333,0.47598253275109176,0.22707423580786026,1.61,488.5333
Idaho,2000,1.13,0.52,2.3,267.8519,107.9643,490.6667,0.49130434782608695,0.22608695652173916,1.65,490.6667
Idaho,2001,1.14,0.53,2.3,270.2222,110.0406,490.6667,0.49565217391304345,0.23043478260869568,1.67,490.6667
Idaho,2002,1.16,0.53,2.33,274.963,110.0406,497.0667,0.49785407725321884,0.2274678111587983,1.69,497.0667
Idaho,2003,1.15,0.55,2.35,272.5926,114.193,501.3333,0.4893617021276595,0.23404255319148937,1.7,501.3333
Idaho,2004,1.14,0.57,2.43,270.2222,118.3455,518.4,0.4691358024691357,0.23456790123456786,1.71,518.4
Idaho,2005,1.11,0.61,2.45,263.1111,126.6504,522.6667,0.4530612244897959,0.24897959183673468,1.7200000000000002,522.6667
Idaho,2006,1.14,0.65,2.53,270.2222,134.9554,539.7333,0.4505928853754941,0.25691699604743085,1.79,539.7333
Idaho,2007,1.17,0.67,2.58,277.3333,139.1079,550.4,0.45348837209302323,0.2596899224806202,1.8399999999999999,550.4
Idaho,2008,1.15,0.69,2.64,272.5926,143.2603,563.2,0.43560606060606055,0.26136363636363635,1.8399999999999999,563.2
Idaho,2009,1.05,0.7,2.67,248.8889,145.3366,569.6,0.39325842696629215,0.26217228464419473,1.75,569.6
Idaho,2010,1.06,0.72,2.68,251.2593,149.4891,571.7333,0.39552238805970147,0.26865671641791045,1.78,571.7333
Idaho,2011,1.0,0.73,2.65,237.037,151.5653,565.3333,0.37735849056603776,0.27547169811320754,1.73,565.3333
Idaho,2012,0.98,0.77,2.77,232.2963,159.8702,590.9333,0.35379061371841153,0.2779783393501805,1.75,590.9333
Idaho,2013,0.96,0.77,2.81,227.5556,159.8702,599.4667,0.34163701067615654,0.27402135231316727,1.73,599.4667
Idaho,2014,0.93,0.77,2.82,220.4444,159.8702,601.6,0.3297872340425532,0.2730496453900709,1.7000000000000002,601.6
Idaho,2015,0.94,0.79,2.87,222.8148,164.0227,612.2667,0.32752613240418116,0.27526132404181186,1.73,612.2667
Idaho,2016,0.92,0.81,2.92,218.0741,168.1752,622.9333,0.31506849315068497,0.2773972602739726,1.73,622.9333
Idaho,2017,0.9,0.82,2.91,213.3333,170.2514,620.8,0.30927835051546393,0.28178694158075596,1.72,620.8
Idaho,2018,0.9,0.83,2.94,213.3333,172.3277,627.2,0.30612244897959184,0.282312925170068,1.73,627.2
Idaho,2019,0.87,0.85,2.04,206.2222,176.4801,435.2,0.4264705882352941,0.41666666666666663,1.72,435.2
Idaho,2020,0.82,0.93,2.06,194.3704,193.09,439.4667,0.39805825242718446,0.45145631067961167,1.75,439.4667
Idaho,2021,0.79,0.92,2.01,187.2593,191.0138,428.8,0.3930348258706468,0.45771144278606973,1.71,428.8
Idaho,2022,0.74,0.88,1.91,175.4074,182.7088,407.4667,0.387434554973822,0.46073298429319376,1.62,407.4667
Idaho,2023,0.69,0.85,1.82,163.5556,176.4801,388.2667,0.3791208791208791,0.467032967032967,1.54,388.2667
Illinois,1977,1.32,1.2,2.82,312.8889,249.1484,601.6,0.4680851063829788,0.425531914893617,2.52,601.6
Illinois,1978,1.35,1.17,2.83,320.0,242.9197,603.7333,0.47703180212014135,0.41342756183745577,2.52,603.7333
Illinois,1979,1.42,1.15,2.89,336.5926,238.7672,616.5333,0.4913494809688581,0.3979238754325259,2.57,616.5333
Illinois,1980,1.42,1.23,2.99,336.5926,255.3771,637.8667,0.4749163879598662,0.41137123745819393,2.65,637.8667
Illinois,1981,1.44,1.12,2.91,341.3333,232.5385,620.8,0.49484536082474223,0.3848797250859107,2.56,620.8
Illinois,1982,1.42,1.07,2.84,336.5926,222.1573,605.8667,0.5,0.37676056338028174,2.49,605.8667
Illinois,1983,1.43,1.03,2.82,338.963,213.8524,601.6,0.5070921985815603,0.36524822695035464,2.46,601.6
Illinois,1984,1.41,1.02,2.8,334.2222,211.7762,597.3333,0.5035714285714286,0.3642857142857143,2.4299999999999997,597.3333
Illinois,1985,1.39,0.99,2.76,329.4815,205.5474,588.8,0.5036231884057971,0.3586956521739131,2.38,588.8
Illinois,1986,1.42,0.91,2.72,336.5926,188.9376,580.2667,0.5220588235294117,0.33455882352941174,2.33,580.2667
Illinois,1987,1.43,0.88,2.71,338.963,182.7088,578.1333,0.5276752767527675,0.3247232472324723,2.31,578.1333
Illinois,1988,1.45,0.87,2.7,343.7037,180.6326,576.0,0.537037037037037,0.3222222222222222,2.32,576.0
Illinois,1989,1.42,0.85,2.63,336.5926,176.4801,561.0667,0.5399239543726235,0.3231939163498099,2.27,561.0667
Illinois,1990,1.43,0.82,2.62,338.963,170.2514,558.9333,0.5458015267175572,0.3129770992366412,2.25,558.9333
Illinois,1991,1.38,0.76,2.48,327.1111,157.794,529.0667,0.5564516129032258,0.3064516129032258,2.1399999999999997,529.0667
Illinois,1992,1.34,0.74,2.43,317.6296,153.6415,518.4,0.551440329218107,0.3045267489711934,2.08,518.4
Illinois,1993,1.32,0.72,2.38,312.8889,149.4891,507.7333,0.5546218487394958,0.3025210084033613,2.04,507.7333
Illinois,1994,1.32,0.69,2.35,312.8889,143.2603,501.3333,0.5617021276595745,0.2936170212765957,2.01,501.3333
Illinois,1995,1.3,0.66,2.29,308.1481,137.0316,488.5333,0.5676855895196506,0.28820960698689957,1.96,488.5333
Illinois,1996,1.27,0.68,2.3,301.037,141.1841,490.6667,0.5521739130434783,0.29565217391304355,1.9500000000000002,490.6667
Illinois,1997,1.26,0.65,2.26,298.6667,134.9554,482.1333,0.5575221238938054,0.2876106194690266,1.9100000000000001,482.1333
Illinois,1998,1.27,0.64,2.25,301.037,132.8792,480.0,0.5644444444444444,0.28444444444444444,1.9100000000000001,480.0
Illinois,1999,1.29,0.66,2.27,305.7778,137.0316,484.2667,0.5682819383259912,0.29074889867841414,1.9500000000000002,484.2667
Illinois,2000,1.28,0.63,2.24,303.4074,130.8029,477.8667,0.5714285714285714,0.28125,1.9100000000000001,477.8667
Illinois,2001,1.27,0.68,2.28,301.037,141.1841,486.4,0.5570175438596492,0.29824561403508776,1.9500000000000002,486.4
Illinois,2002,1.28,0.65,2.26,303.4074,134.9554,482.1333,0.5663716814159293,0.2876106194690266,1.9300000000000002,482.1333
Illinois,2003,1.26,0.74,2.36,298.6667,153.6415,503.4667,0.5338983050847458,0.3135593220338983,2.0,503.4667
Illinois,2004,1.24,0.67,2.22,293.9259,139.1079,473.6,0.5585585585585585,0.3018018018018018,1.9100000000000001,473.6
Illinois,2005,1.23,0.71,2.29,291.5556,147.4128,488.5333,0.537117903930131,0.31004366812227074,1.94,488.5333
Illinois,2006,1.24,0.74,2.35,293.9259,153.6415,501.3333,0.5276595744680851,0.3148936170212766,1.98,501.3333
Illinois,2007,1.24,0.74,2.38,293.9259,153.6415,507.7333,0.5210084033613446,0.31092436974789917,1.98,507.7333
Illinois,2008,1.23,0.74,2.34,291.5556,153.6415,499.2,0.5256410256410257,0.3162393162393163,1.97,499.2
Illinois,2009,1.24,0.73,2.36,293.9259,151.5653,503.4667,0.5254237288135594,0.3093220338983051,1.97,503.4667
Illinois,2010,1.22,0.74,2.35,289.1852,153.6415,501.3333,0.5191489361702127,0.3148936170212766,1.96,501.3333
Illinois,2011,1.19,0.75,2.35,282.0741,155.7178,501.3333,0.5063829787234042,0.3191489361702127,1.94,501.3333
Illinois,2012,1.15,0.77,2.35,272.5926,159.8702,501.3333,0.4893617021276595,0.3276595744680851,1.92,501.3333
Illinois,2013,1.13,0.77,2.33,267.8519,159.8702,497.0667,0.4849785407725321,0.33047210300429186,1.9,497.0667
Illinois,2014,1.12,0.78,2.32,265.4815,161.9465,494.9333,0.48275862068965525,0.3362068965517242,1.9000000000000001,494.9333
Illinois,2015,1.12,0.8,2.36,265.4815,166.0989,503.4667,0.47457627118644075,0.33898305084745767,1.9200000000000002,503.4667
Illinois,2016,1.12,0.77,2.31,265.4815,159.8702,492.8,0.48484848484848486,0.3333333333333333,1.8900000000000001,492.8
Illinois,2017,1.1,0.83,2.38,260.7407,172.3277,507.7333,0.4621848739495799,0.3487394957983193,1.9300000000000002,507.7333
Illinois,2018,1.08,0.85,2.39,256.0,176.4801,509.8667,0.45188284518828453,0.35564853556485354,1.9300000000000002,509.8667
Illinois,2019,1.07,0.88,2.41,253.6296,182.7088,514.1333,0.44398340248962653,0.3651452282157676,1.9500000000000002,514.1333
Illinois,2020,1.03,0.89,2.39,244.1481,184.7851,509.8667,0.4309623430962343,0.3723849372384937,1.92,509.8667
Illinois,2021,1.04,0.95,2.47,246.5185,197.2425,526.9333,0.42105263157894735,0.3846153846153846,1.99,526.9333
Illinois,2022,1.0,0.94,2.42,237.037,195.1663,516.2667,0.4132231404958678,0.3884297520661157,1.94,516.2667
Illinois,2023,0.97,0.93,2.39,229.9259,193.09,509.8667,0.405857740585774,0.3891213389121339,1.9,509.8667
Indiana,1977,1.13,0.77,2.03,267.8519,159.8702,433.0667,0.5566502463054187,0.37931034482758624,1.9,433.0667
Indiana,1978,1.18,0.78,2.12,279.7037,161.9465,452.2667,0.5566037735849056,0.36792452830188677,1.96,452.2667
Indiana,1979,1.21,0.78,2.15,286.8148,161.9465,458.6667,0.5627906976744186,0.3627906976744186,1.99,458.6667
Indiana,1980,1.26,0.77,2.21,298.6667,159.8702,471.4667,0.5701357466063348,0.3484162895927602,2.0300000000000002,471.4667
Indiana,1981,1.29,0.78,2.24,305.7778,161.9465,477.8667,0.5758928571428571,0.3482142857142857,2.0700000000000003,477.8667
Indiana,1982,1.29,0.76,2.24,305.7778,157.794,477.8667,0.5758928571428571,0.33928571428571425,2.05,477.8667
Indiana,1983,1.28,0.73,2.2,303.4074,151.5653,469.3333,0.5818181818181818,0.3318181818181818,2.01,469.3333
Indiana,1984,1.27,0.73,2.21,301.037,151.5653,471.4667,0.574660633484163,0.33031674208144796,2.0,471.4667
Indiana,1985,1.26,0.73,2.2,298.6667,151.5653,469.3333,0.5727272727272726,0.3318181818181818,1.99,469.3333
Indiana,1986,1.26,0.67,2.17,298.6667,139.1079,462.9333,0.5806451612903226,0.30875576036866365,1.9300000000000002,462.9333
Indiana,1987,1.26,0.67,2.16,298.6667,139.1079,460.8,0.5833333333333333,0.3101851851851852,1.9300000000000002,460.8
Indiana,1988,1.25,0.67,2.13,296.2963,139.1079,454.4,0.5868544600938967,0.3145539906103287,1.92,454.4
Indiana,1989,1.23,0.64,2.07,291.5556,132.8792,441.6,0.5942028985507247,0.3091787439613527,1.87,441.6
Indiana,1990,1.26,0.63,2.09,298.6667,130.8029,445.8667,0.6028708133971292,0.3014354066985646,1.8900000000000001,445.8667
Indiana,1991,1.22,0.6,2.0,289.1852,124.5742,426.6667,0.61,0.3,1.8199999999999998,426.6667
Indiana,1992,1.16,0.58,1.95,274.963,120.4217,416.0,0.5948717948717949,0.29743589743589743,1.7399999999999998,416.0
Indiana,1993,1.15,0.64,1.98,272.5926,132.8792,422.4,0.5808080808080808,0.32323232323232326,1.79,422.4
Indiana,1994,1.15,0.59,1.94,272.5926,122.498,413.8667,0.5927835051546392,0.30412371134020616,1.7399999999999998,413.8667
Indiana,1995,1.14,0.58,1.92,270.2222,120.4217,409.6,0.59375,0.3020833333333333,1.7199999999999998,409.6
Indiana,1996,1.09,0.57,1.86,258.3704,118.3455,396.8,0.5860215053763441,0.30645161290322576,1.6600000000000001,396.8
Indiana,1997,1.09,0.59,1.85,258.3704,122.498,394.6667,0.5891891891891892,0.3189189189189189,1.6800000000000002,394.6667
Indiana,1998,1.14,0.58,1.91,270.2222,120.4217,407.4667,0.5968586387434555,0.3036649214659686,1.7199999999999998,407.4667
Indiana,1999,1.16,0.59,1.94,274.963,122.498,413.8667,0.5979381443298969,0.30412371134020616,1.75,413.8667
Indiana,2000,1.16,0.61,1.98,274.963,126.6504,422.4,0.5858585858585859,0.30808080808080807,1.77,422.4
Indiana,2001,1.15,0.62,1.96,272.5926,128.7267,418.1333,0.586734693877551,0.3163265306122449,1.77,418.1333
Indiana,2002,1.13,0.6,1.93,267.8519,124.5742,411.7333,0.5854922279792746,0.31088082901554404,1.73,411.7333
Indiana,2003,1.11,0.64,1.96,263.1111,132.8792,418.1333,0.5663265306122449,0.326530612244898,1.75,418.1333
Indiana,2004,1.14,0.65,2.01,270.2222,134.9554,428.8,0.5671641791044776,0.32338308457711445,1.79,428.8
Indiana,2005,1.11,0.68,2.01,263.1111,141.1841,428.8,0.5522388059701494,0.33830845771144286,1.79,428.8
Indiana,2006,1.09,0.66,2.0,258.3704,137.0316,426.6667,0.545,0.33,1.75,426.6667
Indiana,2007,1.13,0.72,2.09,267.8519,149.4891,445.8667,0.5406698564593301,0.3444976076555024,1.8499999999999999,445.8667
Indiana,2008,1.1,0.73,2.08,260.7407,151.5653,443.7333,0.5288461538461539,0.35096153846153844,1.83,443.7333
Indiana,2009,1.08,0.72,2.05,256.0,149.4891,437.3333,0.5268292682926831,0.351219512195122,1.8,437.3333
Indiana,2010,1.03,0.74,2.03,244.1481,153.6415,433.0667,0.5073891625615764,0.36453201970443355,1.77,433.0667
Indiana,2011,1.02,0.73,2.02,241.7778,151.5653,430.9333,0.504950495049505,0.3613861386138614,1.75,430.9333
Indiana,2012,1.02,0.79,2.08,241.7778,164.0227,443.7333,0.49038461538461536,0.3798076923076923,1.81,443.7333
Indiana,2013,1.0,0.81,2.09,237.037,168.1752,445.8667,0.47846889952153115,0.38755980861244027,1.81,445.8667
Indiana,2014,0.98,0.8,2.05,232.2963,166.0989,437.3333,0.4780487804878049,0.39024390243902446,1.78,437.3333
Indiana,2015,0.98,0.88,2.14,232.2963,182.7088,456.5333,0.4579439252336448,0.411214953271028,1.8599999999999999,456.5333
Indiana,2016,0.98,0.89,2.17,232.2963,184.7851,462.9333,0.45161290322580644,0.41013824884792627,1.87,462.9333
Indiana,2017,0.97,0.85,2.11,229.9259,176.4801,450.1333,0.45971563981042657,0.4028436018957346,1.8199999999999998,450.1333
Indiana,2018,0.96,0.9,2.15,227.5556,186.8613,458.6667,0.44651162790697674,0.4186046511627907,1.8599999999999999,458.6667
Indiana,2019,0.96,0.94,2.2,227.5556,195.1663,469.3333,0.4363636363636363,0.4272727272727272,1.9,469.3333
Indiana,2020,0.94,1.06,2.33,222.8148,220.0811,497.0667,0.4034334763948498,0.4549356223175966,2.0,497.0667
Indiana,2021,0.95,1.04,2.32,225.1852,215.9286,494.9333,0.40948275862068967,0.4482758620689656,1.99,494.9333
Indiana,2022,0.95,1.01,2.32,225.1852,209.6999,494.9333,0.40948275862068967,0.4353448275862069,1.96,494.9333
Indiana,2023,0.85,1.02,2.23,201.4815,211.7762,475.7333,0.3811659192825112,0.45739910313901344,1.87,475.7333
Iowa,1977,1.33,0.74,2.17,315.2593,153.6415,462.9333,0.6129032258064516,0.34101382488479265,2.0700000000000003,462.9333
Iowa,1978,1.38,0.74,2.23,327.1111,153.6415,475.7333,0.6188340807174888,0.33183856502242154,2.12,475.7333
Iowa,1979,1.4,0.71,2.22,331.8519,147.4128,473.6,0.6306306306306305,0.3198198198198198,2.11,473.6
Iowa,1980,1.41,0.71,2.25,334.2222,147.4128,480.0,0.6266666666666666,0.31555555555555553,2.12,480.0
Iowa,1981,1.44,0.69,2.26,341.3333,143.2603,482.1333,0.6371681415929203,0.30530973451327437,2.13,482.1333
Iowa,1982,1.4,0.65,2.19,331.8519,134.9554,467.2,0.639269406392694,0.29680365296803657,2.05,467.2
Iowa,1983,1.4,0.65,2.18,331.8519,134.9554,465.0667,0.6422018348623852,0.2981651376146789,2.05,465.0667
Iowa,1984,1.39,0.62,2.13,329.4815,128.7267,454.4,0.6525821596244131,0.2910798122065728,2.01,454.4
Iowa,1985,1.33,0.58,2.06,315.2593,120.4217,439.4667,0.6456310679611651,0.2815533980582524,1.9100000000000001,439.4667
Iowa,1986,1.35,0.54,2.09,320.0,112.1168,445.8667,0.645933014354067,0.2583732057416268,1.8900000000000001,445.8667
Iowa,1987,1.34,0.59,2.14,317.6296,122.498,456.5333,0.6261682242990654,0.2757009345794392,1.9300000000000002,456.5333
Iowa,1988,1.32,0.53,2.06,312.8889,110.0406,439.4667,0.6407766990291263,0.25728155339805825,1.85,439.4667
Iowa,1989,1.3,0.52,2.01,308.1481,107.9643,428.8,0.6467661691542289,0.2587064676616916,1.82,428.8
Iowa,1990,1.34,0.54,2.06,317.6296,112.1168,439.4667,0.6504854368932039,0.2621359223300971,1.8800000000000001,439.4667
Iowa,1991,1.32,0.52,2.01,312.8889,107.9643,428.8,0.6567164179104479,0.2587064676616916,1.84,428.8
Iowa,1992,1.31,0.46,1.9,310.5185,95.5069,405.3333,0.6894736842105263,0.24210526315789477,1.77,405.3333
Iowa,1993,1.28,0.48,1.87,303.4074,99.6594,398.9333,0.6844919786096256,0.2566844919786096,1.76,398.9333
Iowa,1994,1.3,0.44,1.84,308.1481,91.3544,392.5333,0.7065217391304348,0.23913043478260868,1.74,392.5333
Iowa,1995,1.26,0.44,1.8,298.6667,91.3544,384.0,0.7,0.24444444444444444,1.7,384.0
Iowa,1996,1.28,0.45,1.85,303.4074,93.4307,394.6667,0.6918918918918918,0.24324324324324323,1.73,394.6667
Iowa,1997,1.28,0.45,1.85,303.4074,93.4307,394.6667,0.6918918918918918,0.24324324324324323,1.73,394.6667
Iowa,1998,1.31,0.46,1.9,310.5185,95.5069,405.3333,0.6894736842105263,0.24210526315789477,1.77,405.3333
Iowa,1999,1.34,0.48,1.95,317.6296,99.6594,416.0,0.6871794871794872,0.24615384615384614,1.82,416.0
Iowa,2000,1.35,0.5,1.98,320.0,103.8118,422.4,0.6818181818181819,0.25252525252525254,1.85,422.4
Iowa,2001,1.36,0.5,1.99,322.3704,103.8118,424.5333,0.6834170854271358,0.25125628140703515,1.86,424.5333
Iowa,2002,1.38,0.51,2.04,327.1111,105.8881,435.2,0.676470588235294,0.25,1.89,435.2
Iowa,2003,1.38,0.54,2.07,327.1111,112.1168,441.6,0.6666666666666666,0.26086956521739135,1.92,441.6
Iowa,2004,1.39,0.57,2.12,329.4815,118.3455,452.2667,0.6556603773584905,0.2688679245283018,1.96,452.2667
Iowa,2005,1.4,0.61,2.16,331.8519,126.6504,460.8,0.648148148148148,0.2824074074074074,2.01,460.8
Iowa,2006,1.39,0.65,2.2,329.4815,134.9554,469.3333,0.6318181818181817,0.2954545454545454,2.04,469.3333
Iowa,2007,1.41,0.67,2.25,334.2222,139.1079,480.0,0.6266666666666666,0.2977777777777778,2.08,480.0
Iowa,2008,1.43,0.7,2.3,338.963,145.3366,490.6667,0.6217391304347827,0.30434782608695654,2.13,490.6667
Iowa,2009,1.42,0.72,2.31,336.5926,149.4891,492.8,0.6147186147186147,0.3116883116883117,2.1399999999999997,492.8
Iowa,2010,1.39,0.73,2.3,329.4815,151.5653,490.6667,0.6043478260869565,0.3173913043478261,2.12,490.6667
Iowa,2011,1.38,0.78,2.37,327.1111,161.9465,505.6,0.5822784810126581,0.3291139240506329,2.16,505.6
Iowa,2012,1.36,0.81,2.4,322.3704,168.1752,512.0,0.5666666666666668,0.3375,2.17,512.0
Iowa,2013,1.33,0.79,2.34,315.2593,164.0227,499.2,0.5683760683760685,0.33760683760683763,2.12,499.2
Iowa,2014,1.34,0.81,2.37,317.6296,168.1752,505.6,0.5654008438818565,0.34177215189873417,2.1500000000000004,505.6
Iowa,2015,1.31,0.83,2.36,310.5185,172.3277,503.4667,0.5550847457627119,0.3516949152542373,2.14,503.4667
Iowa,2016,1.3,0.87,2.4,308.1481,180.6326,512.0,0.5416666666666667,0.3625,2.17,512.0
Iowa,2017,1.27,0.89,2.4,301.037,184.7851,512.0,0.5291666666666667,0.37083333333333335,2.16,512.0
Iowa,2018,1.24,0.92,2.39,293.9259,191.0138,509.8667,0.5188284518828452,0.38493723849372385,2.16,509.8667
Iowa,2019,1.24,0.92,2.38,293.9259,191.0138,507.7333,0.5210084033613446,0.3865546218487395,2.16,507.7333
Iowa,2020,1.25,1.0,2.48,296.2963,207.6237,529.0667,0.5040322580645161,0.40322580645161293,2.25,529.0667
Iowa,2021,1.24,1.02,2.49,293.9259,211.7762,531.2,0.4979919678714859,0.40963855421686746,2.26,531.2
Iowa,2022,1.19,0.99,2.39,282.0741,205.5474,509.8667,0.49790794979079495,0.4142259414225941,2.1799999999999997,509.8667
Iowa,2023,1.16,0.97,2.33,274.963,201.395,497.0667,0.49785407725321884,0.41630901287553645,2.13,497.0667
Kansas,1977,1.14,0.65,1.9,270.2222,134.9554,405.3333,0.6,0.34210526315789475,1.79,405.3333
Kansas,1978,1.15,0.65,1.91,272.5926,134.9554,407.4667,0.6020942408376964,0.3403141361256545,1.7999999999999998,407.4667
Kansas,1979,1.19,0.74,2.04,282.0741,153.6415,435.2,0.5833333333333333,0.3627450980392157,1.93,435.2
Kansas,1980,1.22,0.61,1.95,289.1852,126.6504,416.0,0.6256410256410256,0.3128205128205128,1.83,416.0
Kansas,1981,1.23,0.7,2.05,291.5556,145.3366,437.3333,0.6000000000000001,0.34146341463414637,1.93,437.3333
Kansas,1982,1.22,0.67,2.03,289.1852,139.1079,433.0667,0.6009852216748769,0.3300492610837439,1.8900000000000001,433.0667
Kansas,1983,1.2,0.64,1.97,284.4444,132.8792,420.2667,0.6091370558375634,0.32487309644670054,1.8399999999999999,420.2667
Kansas,1984,1.19,0.63,1.96,282.0741,130.8029,418.1333,0.6071428571428571,0.32142857142857145,1.8199999999999998,418.1333
Kansas,1985,1.18,0.64,1.97,279.7037,132.8792,420.2667,0.5989847715736041,0.32487309644670054,1.8199999999999998,420.2667
Kansas,1986,1.14,0.6,1.91,270.2222,124.5742,407.4667,0.5968586387434555,0.31413612565445026,1.7399999999999998,407.4667
Kansas,1987,1.14,0.57,1.88,270.2222,118.3455,401.0667,0.6063829787234042,0.3031914893617021,1.71,401.0667
Kansas,1988,1.13,0.57,1.92,267.8519,118.3455,409.6,0.5885416666666666,0.296875,1.6999999999999997,409.6
Kansas,1989,1.13,0.55,1.81,267.8519,114.193,386.1333,0.6243093922651933,0.30386740331491713,1.68,386.1333
Kansas,1990,1.13,0.53,1.79,267.8519,110.0406,381.8667,0.6312849162011173,0.29608938547486036,1.66,381.8667
Kansas,1991,1.15,0.57,1.85,272.5926,118.3455,394.6667,0.6216216216216215,0.30810810810810807,1.7199999999999998,394.6667
Kansas,1992,1.09,0.55,1.78,258.3704,114.193,379.7333,0.6123595505617978,0.30898876404494385,1.6400000000000001,379.7333
Kansas,1993,1.09,0.52,1.75,258.3704,107.9643,373.3333,0.6228571428571429,0.29714285714285715,1.61,373.3333
Kansas,1994,1.12,0.48,1.73,265.4815,99.6594,369.0667,0.647398843930636,0.2774566473988439,1.6,369.0667
Kansas,1995,1.04,0.5,1.66,246.5185,103.8118,354.1333,0.6265060240963856,0.30120481927710846,1.54,354.1333
Kansas,1996,1.04,0.49,1.65,246.5185,101.7356,352.0,0.6303030303030304,0.296969696969697,1.53,352.0
Kansas,1997,1.08,0.48,1.67,256.0,99.6594,356.2667,0.6467065868263474,0.2874251497005988,1.56,356.2667
Kansas,1998,1.08,0.54,1.76,256.0,112.1168,375.4667,0.6136363636363636,0.3068181818181818,1.62,375.4667
Kansas,1999,1.12,0.54,1.81,265.4815,112.1168,386.1333,0.6187845303867404,0.2983425414364641,1.6600000000000001,386.1333
Kansas,2000,1.13,0.53,1.82,267.8519,110.0406,388.2667,0.6208791208791208,0.29120879120879123,1.66,388.2667
Kansas,2001,1.12,0.53,1.8,265.4815,110.0406,384.0,0.6222222222222222,0.29444444444444445,1.6500000000000001,384.0
Kansas,2002,1.19,0.54,1.88,282.0741,112.1168,401.0667,0.6329787234042553,0.2872340425531915,1.73,401.0667
Kansas,2003,1.16,0.56,1.89,274.963,116.2693,403.2,0.6137566137566137,0.29629629629629634,1.72,403.2
Kansas,2004,1.14,0.56,1.86,270.2222,116.2693,396.8,0.6129032258064515,0.3010752688172043,1.7,396.8
Kansas,2005,1.14,0.57,1.89,270.2222,118.3455,403.2,0.6031746031746031,0.30158730158730157,1.71,403.2
Kansas,2006,1.14,0.61,1.94,270.2222,126.6504,413.8667,0.5876288659793814,0.31443298969072164,1.75,413.8667
Kansas,2007,1.17,0.64,1.96,277.3333,132.8792,418.1333,0.596938775510204,0.326530612244898,1.81,418.1333
Kansas,2008,1.22,0.65,2.01,289.1852,134.9554,428.8,0.6069651741293532,0.32338308457711445,1.87,428.8
Kansas,2009,1.18,0.67,1.99,279.7037,139.1079,424.5333,0.592964824120603,0.33668341708542715,1.85,424.5333
Kansas,2010,1.13,0.68,1.95,267.8519,141.1841,416.0,0.5794871794871794,0.34871794871794876,1.81,416.0
Kansas,2011,1.07,0.69,1.9,253.6296,143.2603,405.3333,0.5631578947368422,0.36315789473684207,1.76,405.3333
Kansas,2012,1.09,0.72,1.95,258.3704,149.4891,416.0,0.558974358974359,0.36923076923076925,1.81,416.0
Kansas,2013,0.99,0.76,1.88,234.6667,157.794,401.0667,0.5265957446808511,0.4042553191489362,1.75,401.0667
Kansas,2014,1.04,0.75,1.93,246.5185,155.7178,411.7333,0.538860103626943,0.38860103626943004,1.79,411.7333
Kansas,2015,1.03,0.74,1.91,244.1481,153.6415,407.4667,0.5392670157068064,0.387434554973822,1.77,407.4667
Kansas,2016,1.02,0.75,1.92,241.7778,155.7178,409.6,0.53125,0.390625,1.77,409.6
Kansas,2017,1.03,0.8,1.98,244.1481,166.0989,422.4,0.5202020202020202,0.4040404040404041,1.83,422.4
Kansas,2018,0.99,0.79,1.92,234.6667,164.0227,409.6,0.515625,0.41145833333333337,1.78,409.6
Kansas,2019,1.02,0.82,1.98,241.7778,170.2514,422.4,0.5151515151515151,0.41414141414141414,1.8399999999999999,422.4
Kansas,2020,1.07,0.89,2.11,253.6296,184.7851,450.1333,0.5071090047393365,0.4218009478672986,1.96,450.1333
Kansas,2021,1.11,0.93,2.19,263.1111,193.09,467.2,0.5068493150684932,0.4246575342465754,2.04,467.2
Kansas,2022,1.06,0.99,2.21,251.2593,205.5474,471.4667,0.4796380090497738,0.4479638009049774,2.05,471.4667
Kansas,2023,1.03,0.95,2.13,244.1481,197.2425,454.4,0.48356807511737093,0.4460093896713615,1.98,454.4
Kentucky,1977,1.16,0.73,1.98,274.963,151.5653,422.4,0.5858585858585859,0.3686868686868687,1.89,422.4
Kentucky,1978,1.04,0.75,1.88,246.5185,155.7178,401.0667,0.5531914893617021,0.398936170212766,1.79,401.0667
Kentucky,1979,1.07,0.75,1.91,253.6296,155.7178,407.4667,0.5602094240837697,0.39267015706806285,1.82,407.4667
Kentucky,1980,1.08,0.73,1.91,256.0,151.5653,407.4667,0.5654450261780105,0.38219895287958117,1.81,407.4667
Kentucky,1981,1.13,0.75,1.99,267.8519,155.7178,424.5333,0.5678391959798994,0.3768844221105528,1.88,424.5333
Kentucky,1982,1.14,0.72,1.99,270.2222,149.4891,424.5333,0.5728643216080401,0.36180904522613067,1.8599999999999999,424.5333
Kentucky,1983,1.13,0.7,1.95,267.8519,145.3366,416.0,0.5794871794871794,0.358974358974359,1.8299999999999998,416.0
Kentucky,1984,1.06,0.68,1.87,251.2593,141.1841,398.9333,0.5668449197860963,0.36363636363636365,1.7400000000000002,398.9333
Kentucky,1985,1.08,0.66,1.88,256.0,137.0316,401.0667,0.574468085106383,0.3510638297872341,1.7400000000000002,401.0667
Kentucky,1986,1.1,0.63,1.86,260.7407,130.8029,396.8,0.5913978494623656,0.3387096774193548,1.73,396.8
Kentucky,1987,1.04,0.6,1.78,246.5185,124.5742,379.7333,0.5842696629213483,0.33707865168539325,1.6400000000000001,379.7333
Kentucky,1988,1.1,0.6,1.82,260.7407,124.5742,388.2667,0.6043956043956045,0.32967032967032966,1.7000000000000002,388.2667
Kentucky,1989,1.09,0.57,1.79,258.3704,118.3455,381.8667,0.6089385474860336,0.3184357541899441,1.6600000000000001,381.8667
Kentucky,1990,1.12,0.6,1.83,265.4815,124.5742,390.4,0.6120218579234973,0.32786885245901637,1.7200000000000002,390.4
Kentucky,1991,1.11,0.56,1.78,263.1111,116.2693,379.7333,0.6235955056179776,0.31460674157303375,1.6700000000000002,379.7333
Kentucky,1992,1.04,0.56,1.71,246.5185,116.2693,364.8,0.608187134502924,0.3274853801169591,1.6,364.8
Kentucky,1993,1.08,0.55,1.73,256.0,114.193,369.0667,0.6242774566473989,0.3179190751445087,1.6300000000000001,369.0667
Kentucky,1994,1.08,0.55,1.73,256.0,114.193,369.0667,0.6242774566473989,0.3179190751445087,1.6300000000000001,369.0667
Kentucky,1995,1.06,0.54,1.71,251.2593,112.1168,364.8,0.6198830409356726,0.31578947368421056,1.6,364.8
Kentucky,1996,1.09,0.54,1.76,258.3704,112.1168,375.4667,0.6193181818181819,0.3068181818181818,1.6300000000000001,375.4667
Kentucky,1997,1.07,0.53,1.72,253.6296,110.0406,366.9333,0.622093023255814,0.308139534883721,1.6,366.9333
Kentucky,1998,1.08,0.53,1.74,256.0,110.0406,371.2,0.6206896551724138,0.3045977011494253,1.61,371.2
Kentucky,1999,1.07,0.54,1.74,253.6296,112.1168,371.2,0.6149425287356323,0.3103448275862069,1.61,371.2
Kentucky,2000,1.07,0.53,1.74,253.6296,110.0406,371.2,0.6149425287356323,0.3045977011494253,1.6,371.2
Kentucky,2001,1.04,0.46,1.63,246.5185,95.5069,347.7333,0.638036809815951,0.28220858895705525,1.5,347.7333
Kentucky,2002,1.08,0.54,1.77,256.0,112.1168,377.6,0.6101694915254238,0.3050847457627119,1.62,377.6
Kentucky,2003,1.03,0.57,1.75,244.1481,118.3455,373.3333,0.5885714285714286,0.3257142857142857,1.6,373.3333
Kentucky,2004,1.07,0.57,1.81,253.6296,118.3455,386.1333,0.5911602209944752,0.3149171270718232,1.6400000000000001,386.1333
Kentucky,2005,1.04,0.61,1.8,246.5185,126.6504,384.0,0.5777777777777778,0.33888888888888885,1.65,384.0
Kentucky,2006,1.04,0.62,1.82,246.5185,128.7267,388.2667,0.5714285714285714,0.34065934065934067,1.6600000000000001,388.2667
Kentucky,2007,1.04,0.63,1.85,246.5185,130.8029,394.6667,0.5621621621621622,0.3405405405405405,1.67,394.6667
Kentucky,2008,1.03,0.65,1.85,244.1481,134.9554,394.6667,0.5567567567567567,0.35135135135135137,1.6800000000000002,394.6667
Kentucky,2009,1.02,0.65,1.85,241.7778,134.9554,394.6667,0.5513513513513514,0.35135135135135137,1.67,394.6667
Kentucky,2010,1.0,0.66,1.83,237.037,137.0316,390.4,0.5464480874316939,0.36065573770491804,1.6600000000000001,390.4
Kentucky,2011,0.94,0.66,1.79,222.8148,137.0316,381.8667,0.5251396648044693,0.3687150837988827,1.6,381.8667
Kentucky,2012,0.97,0.7,1.87,229.9259,145.3366,398.9333,0.5187165775401069,0.374331550802139,1.67,398.9333
Kentucky,2013,0.95,0.7,1.85,225.1852,145.3366,394.6667,0.5135135135135135,0.37837837837837834,1.65,394.6667
Kentucky,2014,0.94,0.72,1.88,222.8148,149.4891,401.0667,0.5,0.3829787234042553,1.66,401.0667
Kentucky,2015,0.99,0.76,1.97,234.6667,157.794,420.2667,0.5025380710659898,0.38578680203045684,1.75,420.2667
Kentucky,2016,0.96,0.79,1.98,227.5556,164.0227,422.4,0.48484848484848486,0.398989898989899,1.75,422.4
Kentucky,2017,0.94,0.82,1.97,222.8148,170.2514,420.2667,0.47715736040609136,0.416243654822335,1.7599999999999998,420.2667
Kentucky,2018,0.93,0.81,1.95,220.4444,168.1752,416.0,0.47692307692307695,0.4153846153846154,1.7400000000000002,416.0
Kentucky,2019,0.88,0.91,2.02,208.5926,188.9376,430.9333,0.43564356435643564,0.4504950495049505,1.79,430.9333
Kentucky,2020,0.9,0.97,2.12,213.3333,201.395,452.2667,0.42452830188679247,0.4575471698113207,1.87,452.2667
Kentucky,2021,0.97,1.05,2.25,229.9259,218.0049,480.0,0.4311111111111111,0.4666666666666667,2.02,480.0
Kentucky,2022,0.93,1.06,2.21,220.4444,220.0811,471.4667,0.42081447963800905,0.4796380090497738,1.9900000000000002,471.4667
Kentucky,2023,0.87,1.06,2.14,206.2222,220.0811,456.5333,0.40654205607476634,0.4953271028037383,1.9300000000000002,456.5333
Louisiana,1977,1.27,1.0,2.51,301.037,207.6237,535.4667,0.5059760956175299,0.39840637450199207,2.27,535.4667
Louisiana,1978,1.32,1.04,2.6,312.8889,215.9286,554.6667,0.5076923076923077,0.4,2.3600000000000003,554.6667
Louisiana,1979,1.32,1.04,2.61,312.8889,215.9286,556.8,0.5057471264367817,0.3984674329501916,2.3600000000000003,556.8
Louisiana,1980,1.4,1.03,2.7,331.8519,213.8524,576.0,0.5185185185185185,0.3814814814814815,2.4299999999999997,576.0
Louisiana,1981,1.49,1.02,2.79,353.1852,211.7762,595.2,0.5340501792114696,0.3655913978494624,2.51,595.2
Louisiana,1982,1.49,1.0,2.78,353.1852,207.6237,593.0667,0.5359712230215827,0.3597122302158274,2.49,593.0667
Louisiana,1983,1.44,1.03,2.77,341.3333,213.8524,590.9333,0.51985559566787,0.37184115523465705,2.4699999999999998,590.9333
Louisiana,1984,1.42,0.95,2.66,336.5926,197.2425,567.4667,0.5338345864661653,0.3571428571428571,2.37,567.4667
Louisiana,1985,1.37,0.87,2.52,324.7407,180.6326,537.6,0.5436507936507937,0.34523809523809523,2.24,537.6
Louisiana,1986,1.42,0.79,2.47,336.5926,164.0227,526.9333,0.5748987854251011,0.3198380566801619,2.21,526.9333
Louisiana,1987,1.4,0.77,2.41,331.8519,159.8702,514.1333,0.5809128630705394,0.31950207468879666,2.17,514.1333
Louisiana,1988,1.49,0.71,2.44,353.1852,147.4128,520.5333,0.610655737704918,0.29098360655737704,2.2,520.5333
Louisiana,1989,1.47,0.74,2.45,348.4444,153.6415,522.6667,0.6,0.30204081632653057,2.21,522.6667
Louisiana,1990,1.53,0.78,2.54,362.6667,161.9465,541.8667,0.6023622047244095,0.30708661417322836,2.31,541.8667
Louisiana,1991,1.52,0.73,2.46,360.2963,151.5653,524.8,0.6178861788617886,0.2967479674796748,2.25,524.8
Louisiana,1992,1.55,0.74,2.51,367.4074,153.6415,535.4667,0.6175298804780878,0.2948207171314741,2.29,535.4667
Louisiana,1993,1.53,0.72,2.47,362.6667,149.4891,526.9333,0.6194331983805668,0.291497975708502,2.25,526.9333
Louisiana,1994,1.45,0.73,2.39,343.7037,151.5653,509.8667,0.606694560669456,0.305439330543933,2.1799999999999997,509.8667
Louisiana,1995,1.51,0.73,2.46,357.9259,151.5653,524.8,0.6138211382113822,0.2967479674796748,2.24,524.8
Louisiana,1996,1.52,0.72,2.46,360.2963,149.4891,524.8,0.6178861788617886,0.2926829268292683,2.24,524.8
Louisiana,1997,1.51,0.71,2.44,357.9259,147.4128,520.5333,0.6188524590163934,0.29098360655737704,2.2199999999999998,520.5333
Louisiana,1998,1.48,0.7,2.4,350.8148,145.3366,512.0,0.6166666666666667,0.2916666666666667,2.1799999999999997,512.0
Louisiana,1999,1.52,0.69,2.45,360.2963,143.2603,522.6667,0.6204081632653061,0.2816326530612244,2.21,522.6667
Louisiana,2000,1.51,0.7,2.44,357.9259,145.3366,520.5333,0.6188524590163934,0.28688524590163933,2.21,520.5333
Louisiana,2001,1.49,0.69,2.41,353.1852,143.2603,514.1333,0.6182572614107883,0.2863070539419087,2.1799999999999997,514.1333
Louisiana,2002,1.32,0.7,2.26,312.8889,145.3366,482.1333,0.5840707964601771,0.30973451327433627,2.02,482.1333
Louisiana,2003,1.41,0.72,2.38,334.2222,149.4891,507.7333,0.592436974789916,0.3025210084033613,2.13,507.7333
Louisiana,2004,1.38,0.73,2.36,327.1111,151.5653,503.4667,0.5847457627118644,0.3093220338983051,2.11,503.4667
Louisiana,2005,1.47,0.71,2.41,348.4444,147.4128,514.1333,0.6099585062240663,0.29460580912863066,2.1799999999999997,514.1333
Louisiana,2006,1.59,0.78,2.63,376.8889,161.9465,561.0667,0.6045627376425856,0.2965779467680609,2.37,561.0667
Louisiana,2007,1.57,0.81,2.66,372.1481,168.1752,567.4667,0.5902255639097744,0.30451127819548873,2.38,567.4667
Louisiana,2008,1.55,0.83,2.64,367.4074,172.3277,563.2,0.5871212121212122,0.31439393939393934,2.38,563.2
Louisiana,2009,1.5,0.85,2.63,355.5556,176.4801,561.0667,0.5703422053231939,0.3231939163498099,2.35,561.0667
Louisiana,2010,1.42,0.84,2.55,336.5926,174.4039,544.0,0.5568627450980392,0.32941176470588235,2.26,544.0
Louisiana,2011,1.39,0.88,2.57,329.4815,182.7088,548.2667,0.5408560311284046,0.3424124513618677,2.27,548.2667
Louisiana,2012,1.38,0.9,2.59,327.1111,186.8613,552.5333,0.5328185328185328,0.3474903474903475,2.28,552.5333
Louisiana,2013,1.34,0.93,2.59,317.6296,193.09,552.5333,0.5173745173745175,0.35907335907335913,2.27,552.5333
Louisiana,2014,1.3,0.96,2.59,308.1481,199.3187,552.5333,0.5019305019305019,0.37065637065637064,2.26,552.5333
Louisiana,2015,1.27,0.98,2.59,301.037,203.4712,552.5333,0.49034749034749037,0.3783783783783784,2.25,552.5333
Louisiana,2016,1.25,1.0,2.59,296.2963,207.6237,552.5333,0.48262548262548266,0.3861003861003861,2.25,552.5333
Louisiana,2017,1.24,1.0,2.57,293.9259,207.6237,548.2667,0.48249027237354086,0.38910505836575876,2.24,548.2667
Louisiana,2018,1.23,0.99,2.55,291.5556,205.5474,544.0,0.4823529411764706,0.38823529411764707,2.2199999999999998,544.0
Louisiana,2019,1.22,1.01,2.56,289.1852,209.6999,546.1333,0.4765625,0.39453125,2.23,546.1333
Louisiana,2020,1.24,1.01,2.59,293.9259,209.6999,552.5333,0.4787644787644788,0.38996138996138996,2.25,552.5333
Louisiana,2021,1.26,1.16,2.76,298.6667,240.8435,588.8,0.4565217391304348,0.42028985507246375,2.42,588.8
Louisiana,2022,1.24,1.21,2.78,293.9259,251.2247,593.0667,0.4460431654676259,0.4352517985611511,2.45,593.0667
Louisiana,2023,1.21,1.17,2.69,286.8148,242.9197,573.8667,0.44981412639405205,0.43494423791821557,2.38,573.8667
Maine,1977,1.35,1.02,2.6,320.0,211.7762,554.6667,0.5192307692307693,0.3923076923076923,2.37,554.6667
Maine,1978,1.28,1.03,2.57,303.4074,213.8524,548.2667,0.49805447470817127,0.40077821011673154,2.31,548.2667
Maine,1979,1.27,1.05,2.59,301.037,218.0049,552.5333,0.49034749034749037,0.40540540540540543,2.3200000000000003,552.5333
Maine,1980,1.32,1.06,2.66,312.8889,220.0811,567.4667,0.49624060150375937,0.39849624060150374,2.38,567.4667
Maine,1981,1.24,1.05,2.57,293.9259,218.0049,548.2667,0.48249027237354086,0.40856031128404674,2.29,548.2667
Maine,1982,1.3,1.02,2.62,308.1481,211.7762,558.9333,0.4961832061068702,0.3893129770992366,2.3200000000000003,558.9333
Maine,1983,1.32,1.03,2.64,312.8889,213.8524,563.2,0.5,0.39015151515151514,2.35,563.2
Maine,1984,1.25,1.02,2.57,296.2963,211.7762,548.2667,0.4863813229571985,0.39688715953307396,2.27,548.2667
Maine,1985,1.29,0.94,2.56,305.7778,195.1663,546.1333,0.50390625,0.36718749999999994,2.23,546.1333
Maine,1986,1.29,0.92,2.57,305.7778,191.0138,548.2667,0.5019455252918288,0.3579766536964981,2.21,548.2667
Maine,1987,1.27,0.91,2.56,301.037,188.9376,546.1333,0.49609375,0.35546875,2.18,546.1333
Maine,1988,1.29,0.91,2.55,305.7778,188.9376,544.0,0.5058823529411766,0.3568627450980393,2.2,544.0
Maine,1989,1.26,0.86,2.46,298.6667,178.5564,524.8,0.5121951219512195,0.34959349593495936,2.12,524.8
Maine,1990,1.21,0.82,2.34,286.8148,170.2514,499.2,0.5170940170940171,0.3504273504273504,2.03,499.2
Maine,1991,1.18,0.77,2.25,279.7037,159.8702,480.0,0.5244444444444444,0.3422222222222222,1.95,480.0
Maine,1992,1.16,0.78,2.23,274.963,161.9465,475.7333,0.5201793721973094,0.34977578475336324,1.94,475.7333
Maine,1993,1.15,0.79,2.22,272.5926,164.0227,473.6,0.518018018018018,0.35585585585585583,1.94,473.6
Maine,1994,1.13,0.77,2.18,267.8519,159.8702,465.0667,0.5183486238532109,0.3532110091743119,1.9,465.0667
Maine,1995,1.14,0.7,2.12,270.2222,145.3366,452.2667,0.5377358490566037,0.330188679245283,1.8399999999999999,452.2667
Maine,1996,1.21,0.69,2.22,286.8148,143.2603,473.6,0.545045045045045,0.31081081081081074,1.9,473.6
Maine,1997,1.16,0.68,2.16,274.963,141.1841,460.8,0.537037037037037,0.3148148148148148,1.8399999999999999,460.8
Maine,1998,1.14,0.69,2.17,270.2222,143.2603,462.9333,0.5253456221198156,0.31797235023041476,1.8299999999999998,462.9333
Maine,1999,1.16,0.69,2.21,274.963,143.2603,471.4667,0.5248868778280543,0.31221719457013575,1.8499999999999999,471.4667
Maine,2000,1.17,0.68,2.23,277.3333,141.1841,475.7333,0.5246636771300448,0.304932735426009,1.85,475.7333
Maine,2001,1.21,0.7,2.28,286.8148,145.3366,486.4,0.5307017543859649,0.30701754385964913,1.91,486.4
Maine,2002,1.23,0.7,2.33,291.5556,145.3366,497.0667,0.5278969957081545,0.3004291845493562,1.93,497.0667
Maine,2003,1.25,0.74,2.39,296.2963,153.6415,509.8667,0.5230125523012552,0.30962343096234307,1.99,509.8667
Maine,2004,1.26,0.76,2.44,298.6667,157.794,520.5333,0.5163934426229508,0.3114754098360656,2.02,520.5333
Maine,2005,1.34,0.77,2.52,317.6296,159.8702,537.6,0.5317460317460317,0.3055555555555556,2.1100000000000003,537.6
Maine,2006,1.34,0.78,2.54,317.6296,161.9465,541.8667,0.5275590551181103,0.30708661417322836,2.12,541.8667
Maine,2007,1.35,0.8,2.57,320.0,166.0989,548.2667,0.5252918287937743,0.31128404669260706,2.1500000000000004,548.2667
Maine,2008,1.33,0.81,2.56,315.2593,168.1752,546.1333,0.51953125,0.31640625,2.14,546.1333
Maine,2009,1.31,0.82,2.55,310.5185,170.2514,544.0,0.5137254901960785,0.3215686274509804,2.13,544.0
Maine,2010,1.3,0.84,2.56,308.1481,174.4039,546.1333,0.5078125,0.328125,2.14,546.1333
Maine,2011,1.31,0.87,2.6,310.5185,180.6326,554.6667,0.5038461538461538,0.3346153846153846,2.18,554.6667
Maine,2012,1.34,0.89,2.65,317.6296,184.7851,565.3333,0.5056603773584906,0.3358490566037736,2.23,565.3333
Maine,2013,1.36,0.91,2.69,322.3704,188.9376,573.8667,0.5055762081784387,0.33828996282527884,2.27,573.8667
Maine,2014,1.36,0.93,2.71,322.3704,193.09,578.1333,0.5018450184501846,0.34317343173431736,2.29,578.1333
Maine,2015,1.37,0.97,2.78,324.7407,201.395,593.0667,0.49280575539568355,0.3489208633093525,2.34,593.0667
Maine,2016,1.36,1.01,2.81,322.3704,209.6999,599.4667,0.4839857651245552,0.3594306049822064,2.37,599.4667
Maine,2017,1.35,1.06,2.85,320.0,220.0811,608.0,0.4736842105263158,0.3719298245614035,2.41,608.0
Maine,2018,1.34,1.07,2.85,317.6296,222.1573,608.0,0.47017543859649125,0.37543859649122807,2.41,608.0
Maine,2019,1.35,1.11,2.9,320.0,230.4623,618.6667,0.4655172413793104,0.3827586206896552,2.46,618.6667
Maine,2020,1.34,1.18,2.96,317.6296,244.9959,631.4667,0.45270270270270274,0.39864864864864863,2.52,631.4667
Maine,2021,1.34,1.2,2.98,317.6296,249.1484,635.7333,0.44966442953020136,0.40268456375838924,2.54,635.7333
Maine,2022,1.28,1.18,2.89,303.4074,244.9959,616.5333,0.4429065743944637,0.4083044982698962,2.46,616.5333
Maine,2023,1.21,1.16,2.79,286.8148,240.8435,595.2,0.4336917562724014,0.4157706093189964,2.37,595.2
Maryland,1977,1.36,1.38,3.05,322.3704,286.5207,650.6667,0.44590163934426236,0.4524590163934426,2.74,650.6667
Maryland,1978,1.4,1.38,3.09,331.8519,286.5207,659.2,0.45307443365695793,0.4466019417475728,2.78,659.2
Maryland,1979,1.43,1.39,3.13,338.963,288.5969,667.7333,0.45686900958466453,0.4440894568690096,2.82,667.7333
Maryland,1980,1.41,1.35,3.08,334.2222,280.292,657.0667,0.45779220779220775,0.4383116883116883,2.76,657.0667
Maryland,1981,1.39,1.33,3.06,329.4815,276.1395,652.8,0.45424836601307184,0.434640522875817,2.7199999999999998,652.8
Maryland,1982,1.27,1.16,2.76,301.037,240.8435,588.8,0.46014492753623193,0.42028985507246375,2.4299999999999997,588.8
Maryland,1983,1.34,1.2,2.89,317.6296,249.1484,616.5333,0.46366782006920415,0.41522491349480967,2.54,616.5333
Maryland,1984,1.31,1.17,2.84,310.5185,242.9197,605.8667,0.46126760563380287,0.4119718309859155,2.48,605.8667
Maryland,1985,1.3,1.14,2.8,308.1481,236.691,597.3333,0.46428571428571436,0.40714285714285714,2.44,597.3333
Maryland,1986,1.28,1.07,2.73,303.4074,222.1573,582.4,0.46886446886446886,0.391941391941392,2.35,582.4
Maryland,1987,1.28,1.06,2.71,303.4074,220.0811,578.1333,0.4723247232472325,0.3911439114391144,2.34,578.1333
Maryland,1988,1.24,1.0,2.6,293.9259,207.6237,554.6667,0.4769230769230769,0.3846153846153846,2.24,554.6667
Maryland,1989,1.2,0.97,2.52,284.4444,201.395,537.6,0.47619047619047616,0.3849206349206349,2.17,537.6
Maryland,1990,1.22,0.96,2.51,289.1852,199.3187,535.4667,0.4860557768924303,0.38247011952191234,2.1799999999999997,535.4667
Maryland,1991,1.15,0.89,2.33,272.5926,184.7851,497.0667,0.4935622317596566,0.38197424892703863,2.04,497.0667
Maryland,1992,1.11,0.86,2.26,263.1111,178.5564,482.1333,0.4911504424778762,0.38053097345132747,1.9700000000000002,482.1333
Maryland,1993,1.1,0.8,2.19,260.7407,166.0989,467.2,0.5022831050228311,0.36529680365296807,1.9000000000000001,467.2
Maryland,1994,1.09,0.78,2.15,258.3704,161.9465,458.6667,0.5069767441860465,0.3627906976744186,1.87,458.6667
Maryland,1995,1.07,0.74,2.09,253.6296,153.6415,445.8667,0.5119617224880384,0.35406698564593303,1.81,445.8667
Maryland,1996,1.05,0.74,2.08,248.8889,153.6415,443.7333,0.5048076923076923,0.3557692307692307,1.79,443.7333
Maryland,1997,1.08,0.73,2.11,256.0,151.5653,450.1333,0.5118483412322276,0.3459715639810427,1.81,450.1333
Maryland,1998,1.05,0.73,2.08,248.8889,151.5653,443.7333,0.5048076923076923,0.35096153846153844,1.78,443.7333
Maryland,1999,1.04,0.74,2.08,246.5185,153.6415,443.7333,0.5,0.3557692307692307,1.78,443.7333
Maryland,2000,1.04,0.75,2.09,246.5185,155.7178,445.8667,0.4976076555023924,0.35885167464114837,1.79,445.8667
Maryland,2001,1.06,0.75,2.11,251.2593,155.7178,450.1333,0.5023696682464456,0.35545023696682465,1.81,450.1333
Maryland,2002,1.06,0.76,2.12,251.2593,157.794,452.2667,0.5,0.3584905660377358,1.82,452.2667
Maryland,2003,1.03,0.77,2.12,244.1481,159.8702,452.2667,0.4858490566037736,0.3632075471698113,1.8,452.2667
Maryland,2004,1.03,0.79,2.15,244.1481,164.0227,458.6667,0.4790697674418605,0.3674418604651163,1.82,458.6667
Maryland,2005,1.02,0.81,2.16,241.7778,168.1752,460.8,0.4722222222222222,0.375,1.83,460.8
Maryland,2006,1.01,0.83,2.18,239.4074,172.3277,465.0667,0.4633027522935779,0.3807339449541284,1.8399999999999999,465.0667
Maryland,2007,1.01,0.84,2.2,239.4074,174.4039,469.3333,0.45909090909090905,0.3818181818181818,1.85,469.3333
Maryland,2008,0.99,0.84,2.19,234.6667,174.4039,467.2,0.452054794520548,0.3835616438356164,1.83,467.2
Maryland,2009,0.96,0.86,2.19,227.5556,178.5564,467.2,0.4383561643835616,0.3926940639269406,1.8199999999999998,467.2
Maryland,2010,0.94,0.89,2.21,222.8148,184.7851,471.4667,0.4253393665158371,0.40271493212669685,1.83,471.4667
Maryland,2011,0.92,0.89,2.19,218.0741,184.7851,467.2,0.4200913242009133,0.406392694063927,1.81,467.2
Maryland,2012,0.91,0.9,2.21,215.7037,186.8613,471.4667,0.411764705882353,0.4072398190045249,1.81,471.4667
Maryland,2013,0.89,0.9,2.18,210.963,186.8613,465.0667,0.40825688073394495,0.4128440366972477,1.79,465.0667
Maryland,2014,0.86,0.9,2.15,203.8519,186.8613,458.6667,0.4,0.4186046511627907,1.76,458.6667
Maryland,2015,0.85,0.9,2.14,201.4815,186.8613,456.5333,0.397196261682243,0.4205607476635514,1.75,456.5333
Maryland,2016,0.83,0.92,2.16,196.7407,191.0138,460.8,0.3842592592592592,0.42592592592592593,1.75,460.8
Maryland,2017,0.82,0.92,2.14,194.3704,191.0138,456.5333,0.3831775700934579,0.42990654205607476,1.74,456.5333
Maryland,2018,0.78,0.91,2.08,184.8889,188.9376,443.7333,0.375,0.4375,1.69,443.7333
Maryland,2019,0.74,0.9,2.03,175.4074,186.8613,433.0667,0.36453201970443355,0.44334975369458135,1.6400000000000001,433.0667
Maryland,2020,0.76,0.96,2.12,180.1481,199.3187,452.2667,0.3584905660377358,0.45283018867924524,1.72,452.2667
Maryland,2021,0.76,1.05,2.21,180.1481,218.0049,471.4667,0.3438914027149321,0.47511312217194573,1.81,471.4667
Maryland,2022,0.63,1.13,2.1,149.3333,234.6148,448.0,0.3,0.5380952380952381,1.7599999999999998,448.0
Maryland,2023,0.67,1.17,2.18,158.8148,242.9197,465.0667,0.3073394495412844,0.5366972477064219,1.8399999999999999,465.0667
Massachusetts,1977,1.35,1.25,2.97,320.0,259.5296,633.6,0.45454545454545453,0.42087542087542085,2.6,633.6
Massachusetts,1978,1.38,1.26,3.05,327.1111,261.6058,650.6667,0.4524590163934426,0.4131147540983607,2.6399999999999997,650.6667
Massachusetts,1979,1.4,1.24,3.07,331.8519,257.4534,654.9333,0.4560260586319218,0.40390879478827363,2.6399999999999997,654.9333
Massachusetts,1980,1.46,1.26,3.18,346.0741,261.6058,678.4,0.45911949685534587,0.3962264150943396,2.7199999999999998,678.4
Massachusetts,1981,1.44,1.24,3.17,341.3333,257.4534,676.2667,0.45425867507886436,0.3911671924290221,2.6799999999999997,676.2667
Massachusetts,1982,1.35,1.22,3.07,320.0,253.3009,654.9333,0.4397394136807818,0.3973941368078176,2.5700000000000003,654.9333
Massachusetts,1983,1.36,1.2,3.05,322.3704,249.1484,650.6667,0.44590163934426236,0.39344262295081966,2.56,650.6667
Massachusetts,1984,1.29,1.23,3.02,305.7778,255.3771,644.2667,0.4271523178807947,0.4072847682119205,2.52,644.2667
Massachusetts,1985,1.28,1.19,2.97,303.4074,247.0722,633.6,0.43097643097643096,0.4006734006734006,2.4699999999999998,633.6
Massachusetts,1986,1.29,1.11,2.92,305.7778,230.4623,622.9333,0.44178082191780826,0.3801369863013699,2.4000000000000004,622.9333
Massachusetts,1987,1.27,1.11,2.88,301.037,230.4623,614.4,0.44097222222222227,0.38541666666666674,2.38,614.4
Massachusetts,1988,1.27,1.05,2.81,301.037,218.0049,599.4667,0.45195729537366547,0.3736654804270463,2.3200000000000003,599.4667
Massachusetts,1989,1.24,1.0,2.7,293.9259,207.6237,576.0,0.4592592592592592,0.37037037037037035,2.24,576.0
Massachusetts,1990,1.22,0.97,2.63,289.1852,201.395,561.0667,0.46387832699619774,0.3688212927756654,2.19,561.0667
Massachusetts,1991,1.19,0.87,2.49,282.0741,180.6326,531.2,0.47791164658634533,0.34939759036144574,2.06,531.2
Massachusetts,1992,1.12,0.82,2.38,265.4815,170.2514,507.7333,0.4705882352941177,0.3445378151260504,1.94,507.7333
Massachusetts,1993,1.14,0.8,2.38,270.2222,166.0989,507.7333,0.4789915966386554,0.33613445378151263,1.94,507.7333
Massachusetts,1994,1.14,0.8,2.38,270.2222,166.0989,507.7333,0.4789915966386554,0.33613445378151263,1.94,507.7333
Massachusetts,1995,1.13,0.78,2.35,267.8519,161.9465,501.3333,0.48085106382978715,0.33191489361702126,1.91,501.3333
Massachusetts,1996,1.11,0.77,2.35,263.1111,159.8702,501.3333,0.4723404255319149,0.3276595744680851,1.8800000000000001,501.3333
Massachusetts,1997,1.13,0.76,2.39,267.8519,157.794,509.8667,0.4728033472803347,0.3179916317991632,1.89,509.8667
Massachusetts,1998,1.14,0.75,2.39,270.2222,155.7178,509.8667,0.4769874476987447,0.3138075313807531,1.89,509.8667
Massachusetts,1999,1.09,0.79,2.39,258.3704,164.0227,509.8667,0.4560669456066946,0.3305439330543933,1.8800000000000001,509.8667
Massachusetts,2000,1.16,0.87,2.55,274.963,180.6326,544.0,0.4549019607843137,0.3411764705882353,2.03,544.0
Massachusetts,2001,1.13,0.79,2.44,267.8519,164.0227,520.5333,0.4631147540983606,0.3237704918032787,1.92,520.5333
Massachusetts,2002,1.13,0.8,2.47,267.8519,166.0989,526.9333,0.45748987854251005,0.32388663967611336,1.93,526.9333
Massachusetts,2003,1.1,0.82,2.49,260.7407,170.2514,531.2,0.44176706827309237,0.32931726907630515,1.92,531.2
Massachusetts,2004,1.1,0.84,2.52,260.7407,174.4039,537.6,0.43650793650793657,0.3333333333333333,1.94,537.6
Massachusetts,2005,1.07,0.85,2.51,253.6296,176.4801,535.4667,0.42629482071713154,0.33864541832669326,1.92,535.4667
Massachusetts,2006,1.1,0.85,2.56,260.7407,176.4801,546.1333,0.4296875,0.33203125,1.9500000000000002,546.1333
Massachusetts,2007,1.11,0.87,2.59,263.1111,180.6326,552.5333,0.42857142857142866,0.3359073359073359,1.98,552.5333
Massachusetts,2008,1.08,0.84,2.54,256.0,174.4039,541.8667,0.4251968503937008,0.3307086614173228,1.92,541.8667
Massachusetts,2009,1.03,0.85,2.49,244.1481,176.4801,531.2,0.41365461847389556,0.34136546184738953,1.88,531.2
Massachusetts,2010,1.04,0.84,2.5,246.5185,174.4039,533.3333,0.41600000000000004,0.33599999999999997,1.88,533.3333
Massachusetts,2011,1.02,0.88,2.54,241.7778,182.7088,541.8667,0.4015748031496063,0.3464566929133858,1.9,541.8667
Massachusetts,2012,1.03,0.88,2.56,244.1481,182.7088,546.1333,0.40234375,0.34375,1.9100000000000001,546.1333
Massachusetts,2013,1.0,0.89,2.55,237.037,184.7851,544.0,0.3921568627450981,0.3490196078431373,1.8900000000000001,544.0
Massachusetts,2014,0.98,0.91,2.54,232.2963,188.9376,541.8667,0.3858267716535433,0.3582677165354331,1.8900000000000001,541.8667
Massachusetts,2015,0.96,0.91,2.52,227.5556,188.9376,537.6,0.38095238095238093,0.3611111111111111,1.87,537.6
Massachusetts,2016,0.95,0.97,2.56,225.1852,201.395,546.1333,0.37109375,0.37890625,1.92,546.1333
Massachusetts,2017,0.95,0.97,2.58,225.1852,201.395,550.4,0.3682170542635659,0.375968992248062,1.92,550.4
Massachusetts,2018,0.91,1.0,2.55,215.7037,207.6237,544.0,0.3568627450980393,0.3921568627450981,1.9100000000000001,544.0
Massachusetts,2019,0.91,1.04,2.56,215.7037,215.9286,546.1333,0.35546875,0.40625,1.9500000000000002,546.1333
Massachusetts,2020,0.84,1.14,2.59,199.1111,236.691,552.5333,0.32432432432432434,0.44015444015444016,1.98,552.5333
Massachusetts,2021,0.85,1.34,2.78,201.4815,278.2157,593.0667,0.3057553956834532,0.4820143884892087,2.19,593.0667
Massachusetts,2022,0.8,1.46,2.82,189.6296,303.1306,601.6,0.28368794326241137,0.5177304964539007,2.26,601.6
Massachusetts,2023,0.75,1.57,2.87,177.7778,325.9692,612.2667,0.2613240418118467,0.5470383275261324,2.3200000000000003,612.2667
Michigan,1977,1.45,1.02,2.71,343.7037,211.7762,578.1333,0.5350553505535055,0.3763837638376384,2.4699999999999998,578.1333
Michigan,1978,1.43,1.05,2.74,338.963,218.0049,584.5333,0.5218978102189781,0.38321167883211676,2.48,584.5333
Michigan,1979,1.36,1.03,2.65,322.3704,213.8524,565.3333,0.5132075471698114,0.3886792452830189,2.39,565.3333
Michigan,1980,1.34,1.02,2.65,317.6296,211.7762,565.3333,0.5056603773584906,0.3849056603773585,2.3600000000000003,565.3333
Michigan,1981,1.34,1.0,2.63,317.6296,207.6237,561.0667,0.5095057034220533,0.3802281368821293,2.34,561.0667
Michigan,1982,1.35,0.99,2.73,320.0,205.5474,582.4,0.4945054945054945,0.3626373626373626,2.34,582.4
Michigan,1983,1.36,0.98,2.62,322.3704,203.4712,558.9333,0.5190839694656488,0.3740458015267175,2.34,558.9333
Michigan,1984,1.33,0.98,2.61,315.2593,203.4712,556.8,0.5095785440613028,0.37547892720306514,2.31,556.8
Michigan,1985,1.31,0.96,2.59,310.5185,199.3187,552.5333,0.5057915057915059,0.37065637065637064,2.27,552.5333
Michigan,1986,1.33,0.9,2.57,315.2593,186.8613,548.2667,0.5175097276264592,0.3501945525291829,2.23,548.2667
Michigan,1987,1.32,0.85,2.51,312.8889,176.4801,535.4667,0.5258964143426296,0.33864541832669326,2.17,535.4667
Michigan,1988,1.32,0.84,2.48,312.8889,174.4039,529.0667,0.5322580645161291,0.3387096774193548,2.16,529.0667
Michigan,1989,1.29,0.8,2.39,305.7778,166.0989,509.8667,0.5397489539748954,0.33472803347280333,2.09,509.8667
Michigan,1990,1.33,0.8,2.42,315.2593,166.0989,516.2667,0.5495867768595042,0.3305785123966942,2.13,516.2667
Michigan,1991,1.3,0.74,2.26,308.1481,153.6415,482.1333,0.5752212389380532,0.3274336283185841,2.04,482.1333
Michigan,1992,1.26,0.74,2.21,298.6667,153.6415,471.4667,0.5701357466063348,0.334841628959276,2.0,471.4667
Michigan,1993,1.26,0.72,2.18,298.6667,149.4891,465.0667,0.5779816513761468,0.33027522935779813,1.98,465.0667
Michigan,1994,1.23,0.67,2.1,291.5556,139.1079,448.0,0.5857142857142856,0.3190476190476191,1.9,448.0
Michigan,1995,1.2,0.67,2.06,284.4444,139.1079,439.4667,0.5825242718446602,0.32524271844660196,1.87,439.4667
Michigan,1996,1.22,0.66,2.09,289.1852,137.0316,445.8667,0.583732057416268,0.31578947368421056,1.88,445.8667
Michigan,1997,1.19,0.66,2.07,282.0741,137.0316,441.6,0.5748792270531401,0.31884057971014496,1.85,441.6
Michigan,1998,1.2,0.68,2.1,284.4444,141.1841,448.0,0.5714285714285714,0.3238095238095238,1.88,448.0
Michigan,1999,1.2,0.67,2.11,284.4444,139.1079,450.1333,0.5687203791469194,0.31753554502369674,1.87,450.1333
Michigan,2000,1.2,0.68,2.13,284.4444,141.1841,454.4,0.5633802816901409,0.31924882629107987,1.88,454.4
Michigan,2001,1.18,0.68,2.09,279.7037,141.1841,445.8667,0.5645933014354068,0.3253588516746412,1.8599999999999999,445.8667
Michigan,2002,1.19,0.69,2.13,282.0741,143.2603,454.4,0.5586854460093896,0.323943661971831,1.88,454.4
Michigan,2003,1.17,0.72,2.17,277.3333,149.4891,462.9333,0.5391705069124424,0.3317972350230415,1.89,462.9333
Michigan,2004,1.16,0.72,2.15,274.963,149.4891,458.6667,0.5395348837209302,0.33488372093023255,1.88,458.6667
Michigan,2005,1.15,0.74,2.16,272.5926,153.6415,460.8,0.5324074074074073,0.34259259259259256,1.89,460.8
Michigan,2006,1.13,0.76,2.18,267.8519,157.794,465.0667,0.5183486238532109,0.34862385321100914,1.89,465.0667
Michigan,2007,1.13,0.77,2.19,267.8519,159.8702,467.2,0.5159817351598173,0.35159817351598177,1.9,467.2
Michigan,2008,1.13,0.79,2.22,267.8519,164.0227,473.6,0.5090090090090089,0.35585585585585583,1.92,473.6
Michigan,2009,1.11,0.8,2.23,263.1111,166.0989,475.7333,0.49775784753363234,0.3587443946188341,1.9100000000000001,475.7333
Michigan,2010,1.09,0.81,2.23,258.3704,168.1752,475.7333,0.48878923766816146,0.36322869955156956,1.9000000000000001,475.7333
Michigan,2011,1.07,0.83,2.25,253.6296,172.3277,480.0,0.47555555555555556,0.3688888888888889,1.9,480.0
Michigan,2012,1.08,0.84,2.27,256.0,174.4039,484.2667,0.4757709251101322,0.3700440528634361,1.92,484.2667
Michigan,2013,1.01,0.85,2.23,239.4074,176.4801,475.7333,0.45291479820627806,0.3811659192825112,1.8599999999999999,475.7333
Michigan,2014,1.05,0.88,2.32,248.8889,182.7088,494.9333,0.45258620689655177,0.37931034482758624,1.9300000000000002,494.9333
Michigan,2015,0.99,0.89,2.24,234.6667,184.7851,477.8667,0.44196428571428564,0.39732142857142855,1.88,477.8667
Michigan,2016,1.03,0.91,2.34,244.1481,188.9376,499.2,0.4401709401709402,0.38888888888888895,1.94,499.2
Michigan,2017,1.01,0.93,2.34,239.4074,193.09,499.2,0.43162393162393164,0.39743589743589747,1.94,499.2
Michigan,2018,1.0,0.96,2.36,237.037,199.3187,503.4667,0.42372881355932207,0.4067796610169492,1.96,503.4667
Michigan,2019,1.0,0.99,2.38,237.037,205.5474,507.7333,0.42016806722689076,0.41596638655462187,1.99,507.7333
Michigan,2020,0.99,1.09,2.51,234.6667,226.3098,535.4667,0.39442231075697215,0.4342629482071714,2.08,535.4667
Michigan,2021,0.98,1.09,2.5,232.2963,226.3098,533.3333,0.392,0.43600000000000005,2.0700000000000003,533.3333
Michigan,2022,0.94,1.06,2.39,222.8148,220.0811,509.8667,0.3933054393305439,0.4435146443514644,2.0,509.8667
Michigan,2023,0.89,1.05,2.3,210.963,218.0049,490.6667,0.3869565217391305,0.4565217391304348,1.94,490.6667
Midwest Region,1977,1.32,0.96,2.49,312.8889,199.3187,531.2,0.5301204819277108,0.38554216867469876,2.2800000000000002,531.2
Midwest Region,1978,1.35,0.95,2.52,320.0,197.2425,537.6,0.5357142857142857,0.376984126984127,2.3,537.6
Midwest Region,1979,1.4,0.95,2.58,331.8519,197.2425,550.4,0.5426356589147286,0.3682170542635659,2.3499999999999996,550.4
Midwest Region,1980,1.42,0.96,2.63,336.5926,199.3187,561.0667,0.5399239543726235,0.3650190114068441,2.38,561.0667
Midwest Region,1981,1.42,0.93,2.61,336.5926,193.09,556.8,0.5440613026819924,0.3563218390804598,2.35,556.8
Midwest Region,1982,1.42,0.88,2.57,336.5926,182.7088,548.2667,0.5525291828793775,0.3424124513618677,2.3,548.2667
Midwest Region,1983,1.42,0.87,2.54,336.5926,180.6326,541.8667,0.5590551181102362,0.3425196850393701,2.29,541.8667
Midwest Region,1984,1.4,0.84,2.52,331.8519,174.4039,537.6,0.5555555555555555,0.3333333333333333,2.2399999999999998,537.6
Midwest Region,1985,1.37,0.84,2.49,324.7407,174.4039,531.2,0.5502008032128514,0.3373493975903614,2.21,531.2
Midwest Region,1986,1.38,0.78,2.46,327.1111,161.9465,524.8,0.5609756097560975,0.3170731707317073,2.16,524.8
Midwest Region,1987,1.38,0.77,2.45,327.1111,159.8702,522.6667,0.5632653061224488,0.3142857142857143,2.15,522.6667
Midwest Region,1988,1.38,0.75,2.41,327.1111,155.7178,514.1333,0.5726141078838174,0.3112033195020747,2.13,514.1333
Midwest Region,1989,1.36,0.72,2.35,322.3704,149.4891,501.3333,0.5787234042553192,0.30638297872340425,2.08,501.3333
Midwest Region,1990,1.38,0.74,2.37,327.1111,153.6415,505.6,0.5822784810126581,0.3122362869198312,2.12,505.6
Midwest Region,1991,1.35,0.67,2.25,320.0,139.1079,480.0,0.6000000000000001,0.2977777777777778,2.02,480.0
Midwest Region,1992,1.31,0.68,2.21,310.5185,141.1841,471.4667,0.5927601809954751,0.3076923076923077,1.9900000000000002,471.4667
Midwest Region,1993,1.3,0.67,2.18,308.1481,139.1079,465.0667,0.5963302752293578,0.3073394495412844,1.9700000000000002,465.0667
Midwest Region,1994,1.3,0.63,2.14,308.1481,130.8029,456.5333,0.6074766355140186,0.29439252336448596,1.9300000000000002,456.5333
Midwest Region,1995,1.29,0.62,2.12,305.7778,128.7267,452.2667,0.6084905660377359,0.29245283018867924,1.9100000000000001,452.2667
Midwest Region,1996,1.28,0.62,2.12,303.4074,128.7267,452.2667,0.6037735849056604,0.29245283018867924,1.9,452.2667
Midwest Region,1997,1.26,0.62,2.11,298.6667,128.7267,450.1333,0.5971563981042655,0.29383886255924174,1.88,450.1333
Midwest Region,1998,1.28,0.63,2.14,303.4074,130.8029,456.5333,0.5981308411214953,0.29439252336448596,1.9100000000000001,456.5333
Midwest Region,1999,1.29,0.63,2.15,305.7778,130.8029,458.6667,0.6000000000000001,0.2930232558139535,1.92,458.6667
Midwest Region,2000,1.29,0.63,2.16,305.7778,130.8029,460.8,0.5972222222222222,0.29166666666666663,1.92,460.8
Midwest Region,2001,1.29,0.65,2.17,305.7778,134.9554,462.9333,0.5944700460829494,0.2995391705069125,1.94,462.9333
Midwest Region,2002,1.3,0.64,2.19,308.1481,132.8792,467.2,0.5936073059360731,0.29223744292237447,1.94,467.2
Midwest Region,2003,1.28,0.68,2.23,303.4074,141.1841,475.7333,0.5739910313901345,0.304932735426009,1.96,475.7333
Midwest Region,2004,1.28,0.68,2.22,303.4074,141.1841,473.6,0.5765765765765766,0.3063063063063063,1.96,473.6
Midwest Region,2005,1.27,0.71,2.25,301.037,147.4128,480.0,0.5644444444444444,0.31555555555555553,1.98,480.0
Midwest Region,2006,1.27,0.72,2.27,301.037,149.4891,484.2667,0.5594713656387665,0.3171806167400881,1.99,484.2667
Midwest Region,2007,1.28,0.74,2.32,303.4074,153.6415,494.9333,0.5517241379310346,0.31896551724137934,2.02,494.9333
Midwest Region,2008,1.27,0.76,2.33,301.037,157.794,497.0667,0.5450643776824035,0.3261802575107296,2.0300000000000002,497.0667
Midwest Region,2009,1.25,0.76,2.32,296.2963,157.794,494.9333,0.5387931034482759,0.32758620689655177,2.01,494.9333
Midwest Region,2010,1.23,0.77,2.3,291.5556,159.8702,490.6667,0.5347826086956522,0.3347826086956522,2.0,490.6667
Midwest Region,2011,1.2,0.79,2.31,284.4444,164.0227,492.8,0.5194805194805194,0.341991341991342,1.99,492.8
Midwest Region,2012,1.2,0.82,2.35,284.4444,170.2514,501.3333,0.5106382978723404,0.3489361702127659,2.02,501.3333
Midwest Region,2013,1.17,0.83,2.34,277.3333,172.3277,499.2,0.5,0.3547008547008547,2.0,499.2
Midwest Region,2014,1.16,0.84,2.35,274.963,174.4039,501.3333,0.4936170212765957,0.35744680851063826,2.0,501.3333
Midwest Region,2015,1.15,0.86,2.36,272.5926,178.5564,503.4667,0.4872881355932203,0.364406779661017,2.01,503.4667
Midwest Region,2016,1.14,0.87,2.37,270.2222,180.6326,505.6,0.48101265822784806,0.36708860759493667,2.01,505.6
Midwest Region,2017,1.12,0.9,2.38,265.4815,186.8613,507.7333,0.4705882352941177,0.3781512605042017,2.02,507.7333
Midwest Region,2018,1.1,0.91,2.37,260.7407,188.9376,505.6,0.4641350210970464,0.38396624472573837,2.0100000000000002,505.6
Midwest Region,2019,1.09,0.94,2.39,258.3704,195.1663,509.8667,0.4560669456066946,0.3933054393305439,2.0300000000000002,509.8667
Midwest Region,2020,1.08,1.01,2.47,256.0,209.6999,526.9333,0.43724696356275305,0.4089068825910931,2.09,526.9333
Midwest Region,2021,1.09,1.06,2.52,258.3704,220.0811,537.6,0.43253968253968256,0.42063492063492064,2.1500000000000004,537.6
Midwest Region,2022,1.05,1.06,2.47,248.8889,220.0811,526.9333,0.42510121457489874,0.4291497975708502,2.1100000000000003,526.9333
Midwest Region,2023,1.0,1.07,2.42,237.037,222.1573,516.2667,0.4132231404958678,0.44214876033057854,2.0700000000000003,516.2667
Minnesota,1977,1.31,1.16,2.67,310.5185,240.8435,569.6,0.4906367041198502,0.4344569288389513,2.4699999999999998,569.6
Minnesota,1978,1.32,1.16,2.71,312.8889,240.8435,578.1333,0.4870848708487085,0.4280442804428044,2.48,578.1333
Minnesota,1979,1.36,1.17,2.77,322.3704,242.9197,590.9333,0.4909747292418773,0.42238267148014436,2.5300000000000002,590.9333
Minnesota,1980,1.39,1.2,2.85,329.4815,249.1484,608.0,0.487719298245614,0.42105263157894735,2.59,608.0
Minnesota,1981,1.39,1.18,2.84,329.4815,244.9959,605.8667,0.4894366197183099,0.4154929577464789,2.57,605.8667
Minnesota,1982,1.37,1.11,2.75,324.7407,230.4623,586.6667,0.4981818181818182,0.4036363636363637,2.4800000000000004,586.6667
Minnesota,1983,1.38,1.1,2.74,327.1111,228.3861,584.5333,0.5036496350364963,0.40145985401459855,2.48,584.5333
Minnesota,1984,1.34,1.07,2.69,317.6296,222.1573,573.8667,0.4981412639405205,0.39776951672862454,2.41,573.8667
Minnesota,1985,1.31,1.06,2.68,310.5185,220.0811,571.7333,0.4888059701492537,0.39552238805970147,2.37,571.7333
Minnesota,1986,1.31,0.93,2.57,310.5185,193.09,548.2667,0.509727626459144,0.3618677042801557,2.24,548.2667
Minnesota,1987,1.32,0.94,2.58,312.8889,195.1663,550.4,0.5116279069767442,0.3643410852713178,2.26,550.4
Minnesota,1988,1.31,0.9,2.51,310.5185,186.8613,535.4667,0.5219123505976097,0.35856573705179284,2.21,535.4667
Minnesota,1989,1.29,0.89,2.46,305.7778,184.7851,524.8,0.524390243902439,0.3617886178861789,2.18,524.8
Minnesota,1990,1.32,0.96,2.55,312.8889,199.3187,544.0,0.5176470588235295,0.3764705882352941,2.2800000000000002,544.0
Minnesota,1991,1.3,0.81,2.35,308.1481,168.1752,501.3333,0.5531914893617021,0.3446808510638298,2.1100000000000003,501.3333
Minnesota,1992,1.25,0.85,2.35,296.2963,176.4801,501.3333,0.5319148936170213,0.36170212765957444,2.1,501.3333
Minnesota,1993,1.24,0.84,2.33,293.9259,174.4039,497.0667,0.5321888412017167,0.3605150214592274,2.08,497.0667
Minnesota,1994,1.27,0.83,2.35,301.037,172.3277,501.3333,0.5404255319148936,0.3531914893617021,2.1,501.3333
Minnesota,1995,1.29,0.83,2.38,305.7778,172.3277,507.7333,0.5420168067226891,0.3487394957983193,2.12,507.7333
Minnesota,1996,1.23,0.83,2.32,291.5556,172.3277,494.9333,0.5301724137931034,0.3577586206896552,2.06,494.9333
Minnesota,1997,1.2,0.85,2.31,284.4444,176.4801,492.8,0.5194805194805194,0.36796536796536794,2.05,492.8
Minnesota,1998,1.16,0.84,2.27,274.963,174.4039,484.2667,0.5110132158590308,0.3700440528634361,2.0,484.2667
Minnesota,1999,1.23,0.86,2.36,291.5556,178.5564,503.4667,0.5211864406779662,0.364406779661017,2.09,503.4667
Minnesota,2000,1.24,0.87,2.37,293.9259,180.6326,505.6,0.5232067510548523,0.36708860759493667,2.11,505.6
Minnesota,2001,1.25,0.88,2.39,296.2963,182.7088,509.8667,0.5230125523012552,0.36820083682008364,2.13,509.8667
Minnesota,2002,1.26,0.88,2.41,298.6667,182.7088,514.1333,0.5228215767634854,0.3651452282157676,2.14,514.1333
Minnesota,2003,1.22,0.91,2.43,289.1852,188.9376,518.4,0.5020576131687242,0.3744855967078189,2.13,518.4
Minnesota,2004,1.24,0.94,2.5,293.9259,195.1663,533.3333,0.496,0.376,2.1799999999999997,533.3333
Minnesota,2005,1.18,0.97,2.48,279.7037,201.395,529.0667,0.4758064516129032,0.3911290322580645,2.15,529.0667
Minnesota,2006,1.15,0.93,2.4,272.5926,193.09,512.0,0.47916666666666663,0.3875,2.08,512.0
Minnesota,2007,1.23,1.01,2.6,291.5556,209.6999,554.6667,0.47307692307692306,0.38846153846153847,2.24,554.6667
Minnesota,2008,1.21,1.03,2.6,286.8148,213.8524,554.6667,0.46538461538461534,0.39615384615384613,2.24,554.6667
Minnesota,2009,1.19,1.04,2.59,282.0741,215.9286,552.5333,0.4594594594594595,0.4015444015444016,2.23,552.5333
Minnesota,2010,1.14,0.97,2.44,270.2222,201.395,520.5333,0.4672131147540983,0.3975409836065574,2.11,520.5333
Minnesota,2011,1.13,1.0,2.47,267.8519,207.6237,526.9333,0.45748987854251005,0.4048582995951417,2.13,526.9333
Minnesota,2012,1.18,1.11,2.71,279.7037,230.4623,578.1333,0.4354243542435424,0.40959409594095947,2.29,578.1333
Minnesota,2013,1.14,1.16,2.73,270.2222,240.8435,582.4,0.41758241758241754,0.4249084249084249,2.3,582.4
Minnesota,2014,1.14,1.23,2.81,270.2222,255.3771,599.4667,0.4056939501779359,0.4377224199288256,2.37,599.4667
Minnesota,2015,1.16,1.14,2.73,274.963,236.691,582.4,0.4249084249084249,0.41758241758241754,2.3,582.4
Minnesota,2016,1.15,1.17,2.77,272.5926,242.9197,590.9333,0.41516245487364617,0.42238267148014436,2.32,590.9333
Minnesota,2017,1.15,1.19,2.77,272.5926,247.0722,590.9333,0.41516245487364617,0.4296028880866426,2.34,590.9333
Minnesota,2018,1.14,1.21,2.79,270.2222,251.2247,595.2,0.4086021505376344,0.4336917562724014,2.3499999999999996,595.2
Minnesota,2019,1.12,1.23,2.79,265.4815,255.3771,595.2,0.4014336917562724,0.44086021505376344,2.35,595.2
Minnesota,2020,1.1,1.29,2.83,260.7407,267.8345,603.7333,0.3886925795053004,0.4558303886925795,2.39,603.7333
Minnesota,2021,1.13,1.36,2.91,267.8519,282.3682,620.8,0.3883161512027491,0.46735395189003437,2.49,620.8
Minnesota,2022,1.06,1.4,2.86,251.2593,290.6732,610.1333,0.3706293706293707,0.4895104895104895,2.46,610.1333
Minnesota,2023,1.03,1.47,2.87,244.1481,305.2068,612.2667,0.3588850174216028,0.5121951219512195,2.5,612.2667
Mississippi,1977,1.04,0.83,1.98,246.5185,172.3277,422.4,0.5252525252525253,0.41919191919191917,1.87,422.4
Mississippi,1978,1.11,0.88,2.09,263.1111,182.7088,445.8667,0.5311004784688996,0.4210526315789474,1.9900000000000002,445.8667
Mississippi,1979,1.1,0.81,2.0,260.7407,168.1752,426.6667,0.55,0.405,1.9100000000000001,426.6667
Mississippi,1980,1.13,0.86,2.09,267.8519,178.5564,445.8667,0.5406698564593301,0.4114832535885168,1.9899999999999998,445.8667
Mississippi,1981,1.19,0.84,2.13,282.0741,174.4039,454.4,0.5586854460093896,0.3943661971830986,2.03,454.4
Mississippi,1982,1.18,0.81,2.1,279.7037,168.1752,448.0,0.5619047619047619,0.38571428571428573,1.99,448.0
Mississippi,1983,1.2,0.8,2.1,284.4444,166.0989,448.0,0.5714285714285714,0.38095238095238093,2.0,448.0
Mississippi,1984,1.2,0.77,2.08,284.4444,159.8702,443.7333,0.5769230769230769,0.3701923076923077,1.97,443.7333
Mississippi,1985,1.22,0.74,2.07,289.1852,153.6415,441.6,0.5893719806763286,0.35748792270531404,1.96,441.6
Mississippi,1986,1.28,0.69,2.07,303.4074,143.2603,441.6,0.6183574879227054,0.3333333333333333,1.97,441.6
Mississippi,1987,1.28,0.66,2.04,303.4074,137.0316,435.2,0.6274509803921569,0.3235294117647059,1.94,435.2
Mississippi,1988,1.3,0.67,2.06,308.1481,139.1079,439.4667,0.6310679611650486,0.32524271844660196,1.9700000000000002,439.4667
Mississippi,1989,1.28,0.66,2.04,303.4074,137.0316,435.2,0.6274509803921569,0.3235294117647059,1.94,435.2
Mississippi,1990,1.34,0.65,2.08,317.6296,134.9554,443.7333,0.6442307692307693,0.3125,1.9900000000000002,443.7333
Mississippi,1991,1.32,0.64,2.05,312.8889,132.8792,437.3333,0.6439024390243904,0.31219512195121957,1.96,437.3333
Mississippi,1992,1.35,0.63,2.08,320.0,130.8029,443.7333,0.6490384615384616,0.30288461538461536,1.98,443.7333
Mississippi,1993,1.37,0.63,2.11,324.7407,130.8029,450.1333,0.6492890995260664,0.29857819905213273,2.0,450.1333
Mississippi,1994,1.28,0.63,2.0,303.4074,130.8029,426.6667,0.64,0.315,1.9100000000000001,426.6667
Mississippi,1995,1.37,0.61,2.09,324.7407,126.6504,445.8667,0.6555023923444977,0.291866028708134,1.98,445.8667
Mississippi,1996,1.42,0.62,2.14,336.5926,128.7267,456.5333,0.6635514018691588,0.2897196261682243,2.04,456.5333
Mississippi,1997,1.39,0.61,2.09,329.4815,126.6504,445.8667,0.6650717703349283,0.291866028708134,2.0,445.8667
Mississippi,1998,1.4,0.59,2.08,331.8519,122.498,443.7333,0.673076923076923,0.28365384615384615,1.9899999999999998,443.7333
Mississippi,1999,1.42,0.61,2.14,336.5926,126.6504,456.5333,0.6635514018691588,0.2850467289719626,2.03,456.5333
Mississippi,2000,1.43,0.61,2.14,338.963,126.6504,456.5333,0.6682242990654205,0.2850467289719626,2.04,456.5333
Mississippi,2001,1.4,0.6,2.11,331.8519,124.5742,450.1333,0.6635071090047393,0.2843601895734597,2.0,450.1333
Mississippi,2002,1.41,0.61,2.13,334.2222,126.6504,454.4,0.6619718309859155,0.2863849765258216,2.02,454.4
Mississippi,2003,1.38,0.63,2.13,327.1111,130.8029,454.4,0.647887323943662,0.29577464788732394,2.01,454.4
Mississippi,2004,1.38,0.63,2.14,327.1111,130.8029,456.5333,0.6448598130841121,0.29439252336448596,2.01,456.5333
Mississippi,2005,1.4,0.65,2.18,331.8519,134.9554,465.0667,0.6422018348623852,0.2981651376146789,2.05,465.0667
Mississippi,2006,1.43,0.67,2.23,338.963,139.1079,475.7333,0.6412556053811659,0.3004484304932736,2.1,475.7333
Mississippi,2007,1.45,0.68,2.26,343.7037,141.1841,482.1333,0.6415929203539823,0.3008849557522124,2.13,482.1333
Mississippi,2008,1.44,0.7,2.28,341.3333,145.3366,486.4,0.6315789473684211,0.30701754385964913,2.1399999999999997,486.4
Mississippi,2009,1.41,0.7,2.26,334.2222,145.3366,482.1333,0.6238938053097345,0.30973451327433627,2.11,482.1333
Mississippi,2010,1.37,0.7,2.22,324.7407,145.3366,473.6,0.6171171171171171,0.31531531531531526,2.0700000000000003,473.6
Mississippi,2011,1.36,0.71,2.22,322.3704,147.4128,473.6,0.6126126126126126,0.3198198198198198,2.0700000000000003,473.6
Mississippi,2012,1.37,0.71,2.24,324.7407,147.4128,477.8667,0.6116071428571428,0.31696428571428564,2.08,477.8667
Mississippi,2013,1.35,0.73,2.25,320.0,151.5653,480.0,0.6000000000000001,0.3244444444444444,2.08,480.0
Mississippi,2014,1.33,0.75,2.24,315.2593,155.7178,477.8667,0.59375,0.33482142857142855,2.08,477.8667
Mississippi,2015,1.31,0.77,2.24,310.5185,159.8702,477.8667,0.5848214285714285,0.34375,2.08,477.8667
Mississippi,2016,1.28,0.77,2.23,303.4074,159.8702,475.7333,0.5739910313901345,0.3452914798206278,2.05,475.7333
Mississippi,2017,1.25,0.77,2.2,296.2963,159.8702,469.3333,0.5681818181818181,0.35,2.02,469.3333
Mississippi,2018,1.21,0.78,2.17,286.8148,161.9465,462.9333,0.5576036866359447,0.35944700460829493,1.99,462.9333
Mississippi,2019,1.2,0.83,2.21,284.4444,172.3277,471.4667,0.5429864253393665,0.3755656108597285,2.03,471.4667
Mississippi,2020,1.2,0.99,2.4,284.4444,205.5474,512.0,0.5,0.41250000000000003,2.19,512.0
Mississippi,2021,1.19,1.0,2.41,282.0741,207.6237,514.1333,0.4937759336099585,0.41493775933609955,2.19,514.1333
Mississippi,2022,1.15,0.91,2.25,272.5926,188.9376,480.0,0.5111111111111111,0.40444444444444444,2.06,480.0
Mississippi,2023,1.08,0.9,2.16,256.0,186.8613,460.8,0.5,0.41666666666666663,1.98,460.8
Missouri,1977,1.23,0.83,2.24,291.5556,172.3277,477.8667,0.5491071428571428,0.37053571428571425,2.06,477.8667
Missouri,1978,1.31,0.89,2.39,310.5185,184.7851,509.8667,0.5481171548117155,0.3723849372384937,2.2,509.8667
Missouri,1979,1.36,0.86,2.42,322.3704,178.5564,516.2667,0.5619834710743802,0.35537190082644626,2.22,516.2667
Missouri,1980,1.39,0.84,2.44,329.4815,174.4039,520.5333,0.569672131147541,0.3442622950819672,2.23,520.5333
Missouri,1981,1.41,0.84,2.46,334.2222,174.4039,524.8,0.573170731707317,0.3414634146341463,2.25,524.8
Missouri,1982,1.39,0.79,2.39,329.4815,164.0227,509.8667,0.5815899581589957,0.3305439330543933,2.1799999999999997,509.8667
Missouri,1983,1.38,0.78,2.38,327.1111,161.9465,507.7333,0.5798319327731092,0.3277310924369748,2.16,507.7333
Missouri,1984,1.35,0.68,2.29,320.0,141.1841,488.5333,0.5895196506550219,0.29694323144104806,2.0300000000000002,488.5333
Missouri,1985,1.34,0.77,2.37,317.6296,159.8702,505.6,0.5654008438818565,0.32489451476793246,2.1100000000000003,505.6
Missouri,1986,1.38,0.73,2.39,327.1111,151.5653,509.8667,0.5774058577405857,0.305439330543933,2.11,509.8667
Missouri,1987,1.38,0.73,2.39,327.1111,151.5653,509.8667,0.5774058577405857,0.305439330543933,2.11,509.8667
Missouri,1988,1.35,0.7,2.31,320.0,145.3366,492.8,0.5844155844155844,0.303030303030303,2.05,492.8
Missouri,1989,1.36,0.7,2.28,322.3704,145.3366,486.4,0.5964912280701755,0.30701754385964913,2.06,486.4
Missouri,1990,1.37,0.7,2.3,324.7407,145.3366,490.6667,0.5956521739130436,0.30434782608695654,2.0700000000000003,490.6667
Missouri,1991,1.35,0.64,2.2,320.0,132.8792,469.3333,0.6136363636363636,0.2909090909090909,1.9900000000000002,469.3333
Missouri,1992,1.34,0.69,2.24,317.6296,143.2603,477.8667,0.5982142857142857,0.30803571428571425,2.0300000000000002,477.8667
Missouri,1993,1.33,0.67,2.2,315.2593,139.1079,469.3333,0.6045454545454545,0.30454545454545456,2.0,469.3333
Missouri,1994,1.36,0.66,2.21,322.3704,137.0316,471.4667,0.6153846153846154,0.2986425339366516,2.02,471.4667
Missouri,1995,1.31,0.62,2.14,310.5185,128.7267,456.5333,0.6121495327102804,0.2897196261682243,1.9300000000000002,456.5333
Missouri,1996,1.31,0.57,2.1,310.5185,118.3455,448.0,0.6238095238095238,0.2714285714285714,1.88,448.0
Missouri,1997,1.3,0.63,2.15,308.1481,130.8029,458.6667,0.6046511627906977,0.2930232558139535,1.9300000000000002,458.6667
Missouri,1998,1.33,0.63,2.18,315.2593,130.8029,465.0667,0.6100917431192661,0.2889908256880734,1.96,465.0667
Missouri,1999,1.35,0.66,2.23,320.0,137.0316,475.7333,0.6053811659192826,0.29596412556053814,2.0100000000000002,475.7333
Missouri,2000,1.35,0.67,2.25,320.0,139.1079,480.0,0.6000000000000001,0.2977777777777778,2.02,480.0
Missouri,2001,1.34,0.67,2.25,317.6296,139.1079,480.0,0.5955555555555556,0.2977777777777778,2.0100000000000002,480.0
Missouri,2002,1.36,0.67,2.27,322.3704,139.1079,484.2667,0.5991189427312775,0.29515418502202645,2.0300000000000002,484.2667
Missouri,2003,1.34,0.7,2.29,317.6296,145.3366,488.5333,0.5851528384279476,0.3056768558951965,2.04,488.5333
Missouri,2004,1.33,0.72,2.32,315.2593,149.4891,494.9333,0.5732758620689656,0.3103448275862069,2.05,494.9333
Missouri,2005,1.31,0.73,2.3,310.5185,151.5653,490.6667,0.5695652173913044,0.3173913043478261,2.04,490.6667
Missouri,2006,1.33,0.76,2.37,315.2593,157.794,505.6,0.5611814345991561,0.32067510548523204,2.09,505.6
Missouri,2007,1.33,0.78,2.4,315.2593,161.9465,512.0,0.5541666666666667,0.325,2.1100000000000003,512.0
Missouri,2008,1.32,0.8,2.42,312.8889,166.0989,516.2667,0.5454545454545455,0.3305785123966942,2.12,516.2667
Missouri,2009,1.3,0.83,2.43,308.1481,172.3277,518.4,0.5349794238683128,0.3415637860082304,2.13,518.4
Missouri,2010,1.27,0.81,2.41,301.037,168.1752,514.1333,0.5269709543568465,0.3360995850622407,2.08,514.1333
Missouri,2011,1.24,0.86,2.45,293.9259,178.5564,522.6667,0.5061224489795918,0.3510204081632653,2.1,522.6667
Missouri,2012,1.22,0.86,2.42,289.1852,178.5564,516.2667,0.5041322314049587,0.35537190082644626,2.08,516.2667
Missouri,2013,1.19,0.89,2.44,282.0741,184.7851,520.5333,0.48770491803278687,0.36475409836065575,2.08,520.5333
Missouri,2014,1.16,0.88,2.4,274.963,182.7088,512.0,0.48333333333333334,0.3666666666666667,2.04,512.0
Missouri,2015,1.17,0.97,2.53,277.3333,201.395,539.7333,0.4624505928853755,0.383399209486166,2.1399999999999997,539.7333
Missouri,2016,1.16,0.96,2.49,274.963,199.3187,531.2,0.46586345381526095,0.38554216867469876,2.12,531.2
Missouri,2017,1.13,1.01,2.53,267.8519,209.6999,539.7333,0.44664031620553357,0.39920948616600793,2.1399999999999997,539.7333
Missouri,2018,1.11,1.02,2.51,263.1111,211.7762,535.4667,0.4422310756972112,0.4063745019920319,2.13,535.4667
Missouri,2019,1.09,1.09,2.56,258.3704,226.3098,546.1333,0.42578125,0.42578125,2.18,546.1333
Missouri,2020,1.09,1.21,2.68,258.3704,251.2247,571.7333,0.40671641791044777,0.4514925373134328,2.3,571.7333
Missouri,2021,1.1,1.32,2.81,260.7407,274.0633,599.4667,0.3914590747330961,0.4697508896797153,2.42,599.4667
Missouri,2022,1.05,1.35,2.75,248.8889,280.292,586.6667,0.38181818181818183,0.49090909090909096,2.4000000000000004,586.6667
Missouri,2023,1.01,1.41,2.76,239.4074,292.7494,588.8,0.36594202898550726,0.5108695652173914,2.42,588.8
Montana,1977,1.82,1.1,3.11,431.4074,228.3861,663.4667,0.5852090032154341,0.3536977491961415,2.92,663.4667
Montana,1978,1.82,1.07,3.09,431.4074,222.1573,659.2,0.5889967637540453,0.3462783171521036,2.89,659.2
Montana,1979,1.83,1.05,3.29,433.7778,218.0049,701.8667,0.5562310030395137,0.3191489361702128,2.88,701.8667
Montana,1980,1.82,1.03,3.2,431.4074,213.8524,682.6667,0.56875,0.32187499999999997,2.85,682.6667
Montana,1981,1.9,1.05,3.27,450.3704,218.0049,697.6,0.581039755351682,0.3211009174311927,2.95,697.6
Montana,1982,1.82,1.02,3.16,431.4074,211.7762,674.1333,0.5759493670886076,0.3227848101265823,2.84,674.1333
Montana,1983,1.8,0.99,3.11,426.6667,205.5474,663.4667,0.5787781350482315,0.3183279742765273,2.79,663.4667
Montana,1984,1.71,0.93,2.97,405.3333,193.09,633.6,0.5757575757575757,0.31313131313131315,2.64,633.6
Montana,1985,1.62,0.89,2.84,384.0,184.7851,605.8667,0.5704225352112676,0.31338028169014087,2.5100000000000002,605.8667
Montana,1986,1.6,0.82,2.76,379.2593,170.2514,588.8,0.5797101449275364,0.2971014492753623,2.42,588.8
Montana,1987,1.59,0.78,2.7,376.8889,161.9465,576.0,0.5888888888888889,0.28888888888888886,2.37,576.0
Montana,1988,1.61,0.77,2.7,381.6296,159.8702,576.0,0.5962962962962963,0.28518518518518515,2.38,576.0
Montana,1989,1.59,0.73,2.61,376.8889,151.5653,556.8,0.6091954022988506,0.27969348659003834,2.3200000000000003,556.8
Montana,1990,1.61,0.77,2.67,381.6296,159.8702,569.6,0.602996254681648,0.28838951310861427,2.38,569.6
Montana,1991,1.61,0.76,2.64,381.6296,157.794,563.2,0.6098484848484849,0.28787878787878785,2.37,563.2
Montana,1992,1.59,0.75,2.61,376.8889,155.7178,556.8,0.6091954022988506,0.2873563218390805,2.34,556.8
Montana,1993,1.49,0.73,2.47,353.1852,151.5653,526.9333,0.603238866396761,0.2955465587044534,2.2199999999999998,526.9333
Montana,1994,1.57,0.7,2.51,372.1481,145.3366,535.4667,0.6254980079681276,0.27888446215139445,2.27,535.4667
Montana,1995,1.52,0.78,2.55,360.2963,161.9465,544.0,0.5960784313725491,0.3058823529411765,2.3,544.0
Montana,1996,1.55,0.64,2.45,367.4074,132.8792,522.6667,0.6326530612244897,0.26122448979591834,2.19,522.6667
Montana,1997,1.41,0.64,2.32,334.2222,132.8792,494.9333,0.6077586206896551,0.2758620689655173,2.05,494.9333
Montana,1998,1.53,0.65,2.45,362.6667,134.9554,522.6667,0.6244897959183673,0.2653061224489796,2.18,522.6667
Montana,1999,1.56,0.67,2.51,369.7778,139.1079,535.4667,0.6215139442231077,0.2669322709163347,2.23,535.4667
Montana,2000,1.57,0.68,2.54,372.1481,141.1841,541.8667,0.6181102362204725,0.2677165354330709,2.25,541.8667
Montana,2001,1.58,0.68,2.56,374.5185,141.1841,546.1333,0.6171875,0.265625,2.2600000000000002,546.1333
Montana,2002,1.62,0.7,2.65,384.0,145.3366,565.3333,0.6113207547169812,0.2641509433962264,2.3200000000000003,565.3333
Montana,2003,1.56,0.72,2.62,369.7778,149.4891,558.9333,0.5954198473282443,0.27480916030534347,2.2800000000000002,558.9333
Montana,2004,1.57,0.75,2.66,372.1481,155.7178,567.4667,0.5902255639097744,0.2819548872180451,2.3200000000000003,567.4667
Montana,2005,1.59,0.77,2.78,376.8889,159.8702,593.0667,0.5719424460431656,0.27697841726618705,2.3600000000000003,593.0667
Montana,2006,1.63,0.82,2.87,386.3704,170.2514,612.2667,0.5679442508710801,0.2857142857142857,2.4499999999999997,612.2667
Montana,2007,1.66,0.85,2.94,393.4815,176.4801,627.2,0.564625850340136,0.2891156462585034,2.51,627.2
Montana,2008,1.66,0.87,2.97,393.4815,180.6326,633.6,0.5589225589225588,0.29292929292929293,2.53,633.6
Montana,2009,1.64,0.87,2.96,388.7407,180.6326,631.4667,0.5540540540540541,0.2939189189189189,2.51,631.4667
Montana,2010,1.65,0.88,2.98,391.1111,182.7088,635.7333,0.5536912751677852,0.2953020134228188,2.53,635.7333
Montana,2011,1.61,0.9,2.98,381.6296,186.8613,635.7333,0.540268456375839,0.30201342281879195,2.5100000000000002,635.7333
Montana,2012,1.65,0.94,3.08,391.1111,195.1663,657.0667,0.5357142857142857,0.3051948051948052,2.59,657.0667
Montana,2013,1.64,0.95,3.07,388.7407,197.2425,654.9333,0.5342019543973942,0.30944625407166126,2.59,654.9333
Montana,2014,1.63,0.96,3.09,386.3704,199.3187,659.2,0.5275080906148867,0.31067961165048547,2.59,659.2
Montana,2015,1.63,0.96,3.09,386.3704,199.3187,659.2,0.5275080906148867,0.31067961165048547,2.59,659.2
Montana,2016,1.62,0.98,3.12,384.0,203.4712,665.6,0.5192307692307693,0.3141025641025641,2.6,665.6
Montana,2017,1.61,0.98,3.1,381.6296,203.4712,661.3333,0.5193548387096775,0.3161290322580645,2.59,661.3333
Montana,2018,1.6,0.99,3.1,379.2593,205.5474,661.3333,0.5161290322580645,0.3193548387096774,2.59,661.3333
Montana,2019,1.61,1.02,3.15,381.6296,211.7762,672.0,0.5111111111111112,0.3238095238095238,2.63,672.0
Montana,2020,1.65,1.12,3.31,391.1111,232.5385,706.1333,0.49848942598187307,0.338368580060423,2.77,706.1333
Montana,2021,1.66,1.14,3.33,393.4815,236.691,710.4,0.4984984984984985,0.3423423423423423,2.8,710.4
Montana,2022,1.58,1.14,3.22,374.5185,236.691,686.9333,0.4906832298136646,0.3540372670807453,2.7199999999999998,686.9333
Montana,2023,1.53,1.11,3.12,362.6667,230.4623,665.6,0.49038461538461536,0.3557692307692308,2.64,665.6
Nebraska,1977,1.46,0.91,2.54,346.0741,188.9376,541.8667,0.5748031496062992,0.3582677165354331,2.37,541.8667
Nebraska,1978,1.48,0.9,2.56,350.8148,186.8613,546.1333,0.578125,0.3515625,2.38,546.1333
Nebraska,1979,1.52,0.89,2.59,360.2963,184.7851,552.5333,0.5868725868725869,0.34362934362934366,2.41,552.5333
Nebraska,1980,1.56,0.88,2.63,369.7778,182.7088,561.0667,0.5931558935361217,0.3346007604562738,2.44,561.0667
Nebraska,1981,1.57,0.88,2.65,372.1481,182.7088,565.3333,0.5924528301886793,0.33207547169811324,2.45,565.3333
Nebraska,1982,1.51,0.58,2.37,357.9259,120.4217,505.6,0.6371308016877637,0.24472573839662445,2.09,505.6
Nebraska,1983,1.5,0.8,2.51,355.5556,166.0989,535.4667,0.5976095617529881,0.3187250996015937,2.3,535.4667
Nebraska,1984,1.46,0.77,2.43,346.0741,159.8702,518.4,0.6008230452674896,0.3168724279835391,2.23,518.4
Nebraska,1985,1.41,0.76,2.39,334.2222,157.794,509.8667,0.5899581589958158,0.3179916317991632,2.17,509.8667
Nebraska,1986,1.41,0.69,2.33,334.2222,143.2603,497.0667,0.6051502145922746,0.296137339055794,2.0999999999999996,497.0667
Nebraska,1987,1.43,0.67,2.33,338.963,139.1079,497.0667,0.6137339055793991,0.2875536480686695,2.1,497.0667
Nebraska,1988,1.41,0.66,2.3,334.2222,137.0316,490.6667,0.6130434782608696,0.28695652173913044,2.07,490.6667
Nebraska,1989,1.41,0.64,2.26,334.2222,132.8792,482.1333,0.6238938053097345,0.28318584070796465,2.05,482.1333
Nebraska,1990,1.41,0.64,2.25,334.2222,132.8792,480.0,0.6266666666666666,0.28444444444444444,2.05,480.0
Nebraska,1991,1.4,0.61,2.19,331.8519,126.6504,467.2,0.639269406392694,0.2785388127853881,2.01,467.2
Nebraska,1992,1.37,0.61,2.16,324.7407,126.6504,460.8,0.6342592592592593,0.2824074074074074,1.98,460.8
Nebraska,1993,1.37,0.59,2.14,324.7407,122.498,456.5333,0.6401869158878505,0.2757009345794392,1.96,456.5333
Nebraska,1994,1.39,0.57,2.14,329.4815,118.3455,456.5333,0.6495327102803737,0.26635514018691586,1.96,456.5333
Nebraska,1995,1.35,0.57,2.1,320.0,118.3455,448.0,0.6428571428571429,0.2714285714285714,1.92,448.0
Nebraska,1996,1.35,0.57,2.11,320.0,118.3455,450.1333,0.6398104265402844,0.27014218009478674,1.92,450.1333
Nebraska,1997,1.35,0.56,2.09,320.0,116.2693,445.8667,0.645933014354067,0.2679425837320575,1.9100000000000001,445.8667
Nebraska,1998,1.39,0.58,2.16,329.4815,120.4217,460.8,0.6435185185185184,0.2685185185185185,1.9699999999999998,460.8
Nebraska,1999,1.42,0.6,2.19,336.5926,124.5742,467.2,0.6484018264840182,0.273972602739726,2.02,467.2
Nebraska,2000,1.44,0.62,2.23,341.3333,128.7267,475.7333,0.6457399103139013,0.27802690582959644,2.06,475.7333
Nebraska,2001,1.43,0.6,2.2,338.963,124.5742,469.3333,0.6499999999999999,0.2727272727272727,2.03,469.3333
Nebraska,2002,1.45,0.61,2.23,343.7037,126.6504,475.7333,0.6502242152466368,0.273542600896861,2.06,475.7333
Nebraska,2003,1.43,0.63,2.24,338.963,130.8029,477.8667,0.6383928571428571,0.28125,2.06,477.8667
Nebraska,2004,1.44,0.65,2.28,341.3333,134.9554,486.4,0.6315789473684211,0.28508771929824567,2.09,486.4
Nebraska,2005,1.41,0.68,2.29,334.2222,141.1841,488.5333,0.6157205240174672,0.29694323144104806,2.09,488.5333
Nebraska,2006,1.42,0.71,2.35,336.5926,147.4128,501.3333,0.6042553191489362,0.3021276595744681,2.13,501.3333
Nebraska,2007,1.43,0.67,2.31,338.963,139.1079,492.8,0.619047619047619,0.29004329004329005,2.1,492.8
Nebraska,2008,1.45,0.68,2.33,343.7037,141.1841,497.0667,0.6223175965665235,0.2918454935622318,2.13,497.0667
Nebraska,2009,1.42,0.67,2.29,336.5926,139.1079,488.5333,0.6200873362445415,0.2925764192139738,2.09,488.5333
Nebraska,2010,1.4,0.67,2.28,331.8519,139.1079,486.4,0.6140350877192983,0.29385964912280704,2.07,486.4
Nebraska,2011,1.39,0.69,2.29,329.4815,143.2603,488.5333,0.6069868995633187,0.30131004366812225,2.08,488.5333
Nebraska,2012,1.41,0.69,2.32,334.2222,143.2603,494.9333,0.6077586206896551,0.2974137931034483,2.0999999999999996,494.9333
Nebraska,2013,1.39,0.71,2.32,329.4815,147.4128,494.9333,0.5991379310344828,0.3060344827586207,2.0999999999999996,494.9333
Nebraska,2014,1.37,0.72,2.3,324.7407,149.4891,490.6667,0.5956521739130436,0.3130434782608696,2.09,490.6667
Nebraska,2015,1.34,0.71,2.27,317.6296,147.4128,484.2667,0.5903083700440529,0.31277533039647576,2.05,484.2667
Nebraska,2016,1.3,0.72,2.24,308.1481,149.4891,477.8667,0.5803571428571428,0.3214285714285714,2.02,477.8667
Nebraska,2017,1.26,0.72,2.2,298.6667,149.4891,469.3333,0.5727272727272726,0.3272727272727272,1.98,469.3333
Nebraska,2018,1.22,0.73,2.16,289.1852,151.5653,460.8,0.5648148148148148,0.3379629629629629,1.95,460.8
Nebraska,2019,1.21,0.74,2.17,286.8148,153.6415,462.9333,0.5576036866359447,0.34101382488479265,1.95,462.9333
Nebraska,2020,1.18,0.75,2.14,279.7037,155.7178,456.5333,0.5514018691588785,0.35046728971962615,1.93,456.5333
Nebraska,2021,1.16,0.82,2.19,274.963,170.2514,467.2,0.5296803652968036,0.3744292237442922,1.98,467.2
Nebraska,2022,1.09,0.86,2.16,258.3704,178.5564,460.8,0.5046296296296297,0.39814814814814814,1.9500000000000002,460.8
Nebraska,2023,1.01,0.86,2.07,239.4074,178.5564,441.6,0.4879227053140097,0.41545893719806765,1.87,441.6
Nevada,1977,1.99,3.56,6.32,471.7037,739.1403,1348.2667,0.31487341772151894,0.5632911392405063,5.55,1348.2667
Nevada,1978,2.01,3.34,6.13,476.4444,693.4631,1307.7333,0.3278955954323001,0.5448613376835236,5.35,1307.7333
Nevada,1979,2.07,2.97,5.83,490.6667,616.6423,1243.7333,0.3550600343053173,0.5094339622641509,5.04,1243.7333
Nevada,1980,2.06,2.9,5.75,488.2963,602.1087,1226.6667,0.3582608695652174,0.5043478260869565,4.96,1226.6667
Nevada,1981,2.08,2.71,5.59,493.037,562.6602,1192.5333,0.37209302325581395,0.4847942754919499,4.79,1192.5333
Nevada,1982,2.0,2.5,5.27,474.0741,519.0592,1124.2667,0.3795066413662239,0.4743833017077799,4.5,1124.2667
Nevada,1983,1.96,2.43,5.18,464.5926,504.5255,1105.0667,0.3783783783783784,0.4691119691119692,4.390000000000001,1105.0667
Nevada,1984,1.97,2.32,5.1,466.963,481.6869,1088.0,0.3862745098039216,0.4549019607843137,4.29,1088.0
Nevada,1985,1.96,2.18,4.99,464.5926,452.6196,1064.5333,0.3927855711422845,0.43687374749499,4.140000000000001,1064.5333
Nevada,1986,2.04,2.07,4.97,483.5556,429.781,1060.2667,0.4104627766599598,0.4164989939637827,4.109999999999999,1060.2667
Nevada,1987,2.01,2.05,4.89,476.4444,425.6285,1043.2,0.41104294478527603,0.41922290388548056,4.06,1043.2
Nevada,1988,2.08,1.95,4.8,493.037,404.8662,1024.0,0.43333333333333335,0.40625,4.03,1024.0
Nevada,1989,2.12,1.87,4.7,502.5185,388.2563,1002.6667,0.451063829787234,0.39787234042553193,3.99,1002.6667
Nevada,1990,2.17,1.92,4.78,514.3704,398.6375,1019.7333,0.4539748953974895,0.40167364016736395,4.09,1019.7333
Nevada,1991,2.05,1.63,4.31,485.9259,338.4266,919.4667,0.4756380510440835,0.37819025522041766,3.6799999999999997,919.4667
Nevada,1992,2.02,1.61,4.25,478.8148,334.2741,906.6667,0.4752941176470588,0.3788235294117647,3.63,906.6667
Nevada,1993,1.95,1.54,4.07,462.2222,319.7405,868.2667,0.4791154791154791,0.37837837837837834,3.49,868.2667
Nevada,1994,1.93,1.51,4.0,457.4815,313.5118,853.3333,0.4825,0.3775,3.44,853.3333
Nevada,1995,1.87,1.39,3.84,443.2593,288.5969,819.2,0.4869791666666667,0.36197916666666663,3.26,819.2
Nevada,1996,1.91,1.39,3.89,452.7407,288.5969,829.8667,0.49100257069408737,0.35732647814910024,3.3,829.8667
Nevada,1997,1.84,1.3,3.72,436.1481,269.9108,793.6,0.4946236559139785,0.3494623655913978,3.14,793.6
Nevada,1998,1.8,1.23,3.62,426.6667,255.3771,772.2667,0.4972375690607735,0.33977900552486184,3.0300000000000002,772.2667
Nevada,1999,1.82,1.29,3.74,431.4074,267.8345,797.8667,0.48663101604278075,0.3449197860962567,3.1100000000000003,797.8667
Nevada,2000,1.79,1.26,3.67,424.2963,261.6058,782.9333,0.48773841961852865,0.34332425068119893,3.05,782.9333
Nevada,2001,1.79,1.21,3.59,424.2963,251.2247,765.8667,0.4986072423398329,0.3370473537604457,3.0,765.8667
Nevada,2002,1.74,1.22,3.56,412.4444,253.3009,759.4667,0.4887640449438202,0.34269662921348315,2.96,759.4667
Nevada,2003,1.74,1.23,3.59,412.4444,255.3771,765.8667,0.48467966573816157,0.3426183844011142,2.9699999999999998,765.8667
Nevada,2004,1.73,1.25,3.61,410.0741,259.5296,770.1333,0.47922437673130197,0.3462603878116344,2.98,770.1333
Nevada,2005,1.69,1.21,3.52,400.5926,251.2247,750.9333,0.48011363636363635,0.34375,2.9,750.9333
Nevada,2006,1.71,1.28,3.63,405.3333,265.7583,774.4,0.47107438016528924,0.3526170798898072,2.99,774.4
Nevada,2007,1.66,1.23,3.52,393.4815,255.3771,750.9333,0.47159090909090906,0.3494318181818182,2.8899999999999997,750.9333
Nevada,2008,1.63,1.29,3.53,386.3704,267.8345,753.0667,0.46175637393767704,0.3654390934844193,2.92,753.0667
Nevada,2009,1.53,1.11,3.21,362.6667,230.4623,684.8,0.4766355140186916,0.3457943925233645,2.64,684.8
Nevada,2010,1.49,1.21,3.3,353.1852,251.2247,704.0,0.45151515151515154,0.3666666666666667,2.7,704.0
Nevada,2011,1.45,1.27,3.35,343.7037,263.6821,714.6667,0.43283582089552236,0.37910447761194027,2.7199999999999998,714.6667
Nevada,2012,1.41,1.25,3.28,334.2222,259.5296,699.7333,0.4298780487804878,0.38109756097560976,2.66,699.7333
Nevada,2013,1.41,1.28,3.32,334.2222,265.7583,708.2667,0.4246987951807229,0.3855421686746988,2.69,708.2667
Nevada,2014,1.41,1.31,3.38,334.2222,271.987,721.0667,0.41715976331360943,0.38757396449704146,2.7199999999999998,721.0667
Nevada,2015,1.39,1.3,3.35,329.4815,269.9108,714.6667,0.4149253731343283,0.3880597014925373,2.69,714.6667
Nevada,2016,1.42,1.46,3.5,336.5926,303.1306,746.6667,0.4057142857142857,0.41714285714285715,2.88,746.6667
Nevada,2017,1.4,1.46,3.47,331.8519,303.1306,740.2667,0.4034582132564841,0.42074927953890484,2.86,740.2667
Nevada,2018,1.35,1.46,3.42,320.0,303.1306,729.6,0.3947368421052632,0.4269005847953216,2.81,729.6
Nevada,2019,1.33,1.48,3.41,315.2593,307.283,727.4667,0.39002932551319647,0.4340175953079179,2.81,727.4667
Nevada,2020,1.33,1.52,3.44,315.2593,315.588,733.8667,0.3866279069767442,0.4418604651162791,2.85,733.8667
Nevada,2021,1.35,1.64,3.58,320.0,340.5028,763.7333,0.3770949720670391,0.45810055865921784,2.99,763.7333
Nevada,2022,1.31,1.71,3.6,310.5185,355.0365,768.0,0.3638888888888889,0.475,3.02,768.0
Nevada,2023,1.26,1.73,3.55,298.6667,359.189,757.3333,0.35492957746478876,0.48732394366197185,2.99,757.3333
New Hampshire,1977,1.86,2.88,5.23,440.8889,597.9562,1115.7333,0.35564053537284895,0.5506692160611854,4.74,1115.7333
New Hampshire,1978,1.95,2.88,5.36,462.2222,597.9562,1143.4667,0.3638059701492537,0.5373134328358209,4.83,1143.4667
New Hampshire,1979,1.94,2.56,5.1,459.8519,531.5166,1088.0,0.38039215686274513,0.5019607843137255,4.5,1088.0
New Hampshire,1980,1.93,2.49,5.02,457.4815,516.983,1070.9333,0.38446215139442236,0.49601593625498014,4.42,1070.9333
New Hampshire,1981,1.89,2.43,4.91,448.0,504.5255,1047.4667,0.38492871690427694,0.494908350305499,4.32,1047.4667
New Hampshire,1982,1.9,2.35,4.84,450.3704,487.9157,1032.5333,0.39256198347107435,0.4855371900826447,4.25,1032.5333
New Hampshire,1983,2.17,2.36,5.09,514.3704,489.9919,1085.8667,0.4263261296660118,0.4636542239685658,4.529999999999999,1085.8667
New Hampshire,1984,1.99,2.33,4.92,471.7037,483.7632,1049.6,0.40447154471544716,0.4735772357723577,4.32,1049.6
New Hampshire,1985,1.99,2.22,4.74,471.7037,460.9246,1011.2,0.41983122362869196,0.46835443037974683,4.21,1011.2
New Hampshire,1986,1.93,2.06,4.52,457.4815,427.7048,964.2667,0.42699115044247793,0.4557522123893806,3.99,964.2667
New Hampshire,1987,1.93,1.99,4.42,457.4815,413.1711,942.9333,0.43665158371040724,0.4502262443438914,3.92,942.9333
New Hampshire,1988,1.91,1.94,4.34,452.7407,402.7899,925.8667,0.4400921658986175,0.4470046082949309,3.8499999999999996,925.8667
New Hampshire,1989,1.87,2.0,4.38,443.2593,415.2474,934.4,0.42694063926940645,0.4566210045662101,3.87,934.4
New Hampshire,1990,1.85,1.97,4.3,438.5185,409.0187,917.3333,0.4302325581395349,0.45813953488372094,3.8200000000000003,917.3333
New Hampshire,1991,1.85,1.96,4.3,438.5185,406.9424,917.3333,0.4302325581395349,0.4558139534883721,3.81,917.3333
New Hampshire,1992,1.81,1.96,4.3,429.037,406.9424,917.3333,0.42093023255813955,0.4558139534883721,3.77,917.3333
New Hampshire,1993,1.83,2.01,4.38,433.7778,417.3236,934.4,0.4178082191780822,0.45890410958904104,3.84,934.4
New Hampshire,1994,1.75,1.9,4.13,414.8148,394.485,881.0667,0.42372881355932207,0.46004842615012104,3.65,881.0667
New Hampshire,1995,1.73,1.79,4.02,410.0741,371.6464,857.6,0.4303482587064677,0.4452736318407961,3.52,857.6
New Hampshire,1996,1.78,1.79,4.11,421.9259,371.6464,876.8,0.4330900243309002,0.4355231143552311,3.5700000000000003,876.8
New Hampshire,1997,1.78,1.72,4.04,421.9259,357.1127,861.8667,0.4405940594059406,0.42574257425742573,3.5,861.8667
New Hampshire,1998,1.77,1.67,3.99,419.5556,346.7315,851.2,0.44360902255639095,0.41854636591478694,3.44,851.2
New Hampshire,1999,1.78,1.64,4.07,421.9259,340.5028,868.2667,0.4373464373464373,0.4029484029484029,3.42,868.2667
New Hampshire,2000,1.78,1.63,4.06,421.9259,338.4266,866.1333,0.4384236453201971,0.4014778325123153,3.41,866.1333
New Hampshire,2001,1.75,1.62,4.03,414.8148,336.3504,859.7333,0.43424317617866004,0.40198511166253104,3.37,859.7333
New Hampshire,2002,1.75,1.64,4.09,414.8148,340.5028,872.5333,0.42787286063569685,0.40097799511002447,3.3899999999999997,872.5333
New Hampshire,2003,1.75,1.63,4.09,414.8148,338.4266,872.5333,0.42787286063569685,0.39853300733496333,3.38,872.5333
New Hampshire,2004,1.74,1.67,4.14,412.4444,346.7315,883.2,0.4202898550724638,0.4033816425120773,3.41,883.2
New Hampshire,2005,1.75,1.71,4.2,414.8148,355.0365,896.0,0.41666666666666663,0.40714285714285714,3.46,896.0
New Hampshire,2006,1.73,1.77,4.28,410.0741,367.4939,913.0667,0.4042056074766355,0.41355140186915884,3.5,913.0667
New Hampshire,2007,1.82,1.75,4.36,431.4074,363.3414,930.1333,0.41743119266055045,0.4013761467889908,3.5700000000000003,930.1333
New Hampshire,2008,1.78,1.79,4.39,421.9259,371.6464,936.5333,0.4054669703872438,0.407744874715262,3.5700000000000003,936.5333
New Hampshire,2009,1.79,1.84,4.47,424.2963,382.0276,953.6,0.40044742729306493,0.41163310961968685,3.63,953.6
New Hampshire,2010,1.81,1.85,4.5,429.037,384.1038,960.0,0.40222222222222226,0.41111111111111115,3.66,960.0
New Hampshire,2011,1.86,1.98,4.76,440.8889,411.0949,1015.4667,0.39075630252100846,0.41596638655462187,3.84,1015.4667
New Hampshire,2012,1.9,1.88,4.64,450.3704,390.3325,989.8667,0.40948275862068967,0.4051724137931035,3.78,989.8667
New Hampshire,2013,1.86,1.92,4.67,440.8889,398.6375,996.2667,0.39828693790149894,0.41113490364025695,3.7800000000000002,996.2667
New Hampshire,2014,1.69,1.95,4.53,400.5926,404.8662,966.4,0.37306843267108164,0.4304635761589404,3.6399999999999997,966.4
New Hampshire,2015,1.87,1.95,4.7,443.2593,404.8662,1002.6667,0.39787234042553193,0.4148936170212766,3.8200000000000003,1002.6667
New Hampshire,2016,1.86,1.99,4.74,440.8889,413.1711,1011.2,0.3924050632911392,0.41983122362869196,3.85,1011.2
New Hampshire,2017,1.83,2.01,4.72,433.7778,417.3236,1006.9333,0.3877118644067797,0.4258474576271186,3.84,1006.9333
New Hampshire,2018,1.79,2.04,4.67,424.2963,423.5523,996.2667,0.38329764453961457,0.43683083511777304,3.83,996.2667
New Hampshire,2019,1.58,2.12,4.52,374.5185,440.1622,964.2667,0.34955752212389385,0.46902654867256643,3.7,964.2667
New Hampshire,2020,1.58,2.09,4.51,374.5185,433.9335,962.1333,0.35033259423503327,0.46341463414634143,3.67,962.1333
New Hampshire,2021,1.66,1.8,4.22,393.4815,373.7226,900.2667,0.3933649289099526,0.4265402843601896,3.46,900.2667
New Hampshire,2022,1.66,2.01,4.48,393.4815,417.3236,955.7333,0.37053571428571425,0.4486607142857142,3.67,955.7333
New Hampshire,2023,1.6,1.86,4.2,379.2593,386.18,896.0,0.38095238095238093,0.44285714285714284,3.46,896.0
New Jersey,1977,1.16,1.13,2.69,274.963,234.6148,573.8667,0.4312267657992565,0.42007434944237915,2.29,573.8667
New Jersey,1978,1.17,1.1,2.69,277.3333,228.3861,573.8667,0.43494423791821557,0.4089219330855019,2.27,573.8667
New Jersey,1979,1.18,1.1,2.71,279.7037,228.3861,578.1333,0.4354243542435424,0.40590405904059046,2.2800000000000002,578.1333
New Jersey,1980,1.22,1.13,2.82,289.1852,234.6148,601.6,0.4326241134751773,0.400709219858156,2.3499999999999996,601.6
New Jersey,1981,1.21,1.15,2.87,286.8148,238.7672,612.2667,0.42160278745644597,0.4006968641114982,2.36,612.2667
New Jersey,1982,1.21,1.13,2.87,286.8148,234.6148,612.2667,0.42160278745644597,0.3937282229965156,2.34,612.2667
New Jersey,1983,1.2,1.13,2.85,284.4444,234.6148,608.0,0.42105263157894735,0.3964912280701754,2.33,608.0
New Jersey,1984,1.18,1.1,2.82,279.7037,228.3861,601.6,0.41843971631205673,0.39007092198581567,2.2800000000000002,601.6
New Jersey,1985,1.17,1.07,2.79,277.3333,222.1573,595.2,0.4193548387096774,0.3835125448028674,2.24,595.2
New Jersey,1986,1.17,1.03,2.77,277.3333,213.8524,590.9333,0.42238267148014436,0.37184115523465705,2.2,590.9333
New Jersey,1987,1.18,1.0,2.72,279.7037,207.6237,580.2667,0.43382352941176466,0.3676470588235294,2.1799999999999997,580.2667
New Jersey,1988,1.15,0.93,2.58,272.5926,193.09,550.4,0.4457364341085271,0.3604651162790698,2.08,550.4
New Jersey,1989,1.13,0.95,2.58,267.8519,197.2425,550.4,0.43798449612403095,0.3682170542635659,2.08,550.4
New Jersey,1990,1.15,0.95,2.58,272.5926,197.2425,550.4,0.4457364341085271,0.3682170542635659,2.0999999999999996,550.4
New Jersey,1991,1.09,0.82,2.34,258.3704,170.2514,499.2,0.4658119658119659,0.3504273504273504,1.9100000000000001,499.2
New Jersey,1992,1.07,0.83,2.34,253.6296,172.3277,499.2,0.4572649572649573,0.3547008547008547,1.9,499.2
New Jersey,1993,1.07,0.79,2.29,253.6296,164.0227,488.5333,0.46724890829694327,0.34497816593886466,1.86,488.5333
New Jersey,1994,1.04,0.79,2.27,246.5185,164.0227,484.2667,0.4581497797356828,0.3480176211453745,1.83,484.2667
New Jersey,1995,1.06,0.79,2.28,251.2593,164.0227,486.4,0.46491228070175444,0.34649122807017546,1.85,486.4
New Jersey,1996,1.0,0.76,2.2,237.037,157.794,469.3333,0.45454545454545453,0.3454545454545454,1.76,469.3333
New Jersey,1997,0.99,0.74,2.19,234.6667,153.6415,467.2,0.452054794520548,0.3378995433789954,1.73,467.2
New Jersey,1998,0.98,0.71,2.15,232.2963,147.4128,458.6667,0.4558139534883721,0.3302325581395349,1.69,458.6667
New Jersey,1999,0.97,0.74,2.18,229.9259,153.6415,465.0667,0.4449541284403669,0.33944954128440363,1.71,465.0667
New Jersey,2000,0.97,0.76,2.2,229.9259,157.794,469.3333,0.44090909090909086,0.3454545454545454,1.73,469.3333
New Jersey,2001,0.99,0.75,2.2,234.6667,155.7178,469.3333,0.44999999999999996,0.3409090909090909,1.74,469.3333
New Jersey,2002,0.98,0.77,2.24,232.2963,159.8702,477.8667,0.43749999999999994,0.34375,1.75,477.8667
New Jersey,2003,0.95,0.8,2.24,225.1852,166.0989,477.8667,0.4241071428571428,0.35714285714285715,1.75,477.8667
New Jersey,2004,0.96,0.82,2.3,227.5556,170.2514,490.6667,0.4173913043478261,0.3565217391304348,1.7799999999999998,490.6667
New Jersey,2005,0.95,0.83,2.3,225.1852,172.3277,490.6667,0.41304347826086957,0.36086956521739133,1.7799999999999998,490.6667
New Jersey,2006,0.95,0.85,2.33,225.1852,176.4801,497.0667,0.407725321888412,0.3648068669527897,1.7999999999999998,497.0667
New Jersey,2007,0.93,0.86,2.33,220.4444,178.5564,497.0667,0.39914163090128757,0.3690987124463519,1.79,497.0667
New Jersey,2008,0.93,0.86,2.35,220.4444,178.5564,501.3333,0.39574468085106385,0.3659574468085106,1.79,501.3333
New Jersey,2009,0.91,0.86,2.34,215.7037,178.5564,499.2,0.38888888888888895,0.36752136752136755,1.77,499.2
New Jersey,2010,0.92,0.86,2.35,218.0741,178.5564,501.3333,0.39148936170212767,0.3659574468085106,1.78,501.3333
New Jersey,2011,0.89,0.89,2.37,210.963,184.7851,505.6,0.3755274261603375,0.3755274261603375,1.78,505.6
New Jersey,2012,0.89,0.91,2.4,210.963,188.9376,512.0,0.37083333333333335,0.3791666666666667,1.8,512.0
New Jersey,2013,0.84,0.92,2.37,199.1111,191.0138,505.6,0.3544303797468354,0.3881856540084388,1.76,505.6
New Jersey,2014,0.84,0.93,2.39,199.1111,193.09,509.8667,0.3514644351464435,0.3891213389121339,1.77,509.8667
New Jersey,2015,0.84,0.93,2.37,199.1111,193.09,505.6,0.3544303797468354,0.3924050632911392,1.77,505.6
New Jersey,2016,0.83,0.93,2.36,196.7407,193.09,503.4667,0.3516949152542373,0.39406779661016955,1.76,503.4667
New Jersey,2017,0.8,0.96,2.36,189.6296,199.3187,503.4667,0.33898305084745767,0.4067796610169492,1.76,503.4667
New Jersey,2018,0.8,0.98,2.36,189.6296,203.4712,503.4667,0.33898305084745767,0.4152542372881356,1.78,503.4667
New Jersey,2019,0.8,1.01,2.39,189.6296,209.6999,509.8667,0.33472803347280333,0.4225941422594142,1.81,509.8667
New Jersey,2020,0.78,1.16,2.53,184.8889,240.8435,539.7333,0.30830039525691705,0.45849802371541504,1.94,539.7333
New Jersey,2021,0.82,1.25,2.63,194.3704,259.5296,561.0667,0.311787072243346,0.4752851711026616,2.07,561.0667
New Jersey,2022,0.74,1.29,2.54,175.4074,267.8345,541.8667,0.29133858267716534,0.5078740157480315,2.0300000000000002,541.8667
New Jersey,2023,0.73,1.34,2.55,173.037,278.2157,544.0,0.2862745098039216,0.5254901960784314,2.0700000000000003,544.0
New Mexico,1977,1.62,0.95,2.88,384.0,197.2425,614.4,0.5625000000000001,0.3298611111111111,2.5700000000000003,614.4
New Mexico,1978,1.65,0.96,2.93,391.1111,199.3187,625.0667,0.5631399317406143,0.32764505119453924,2.61,625.0667
New Mexico,1979,1.64,0.97,2.91,388.7407,201.395,620.8,0.5635738831615119,0.3333333333333333,2.61,620.8
New Mexico,1980,1.65,0.99,2.97,391.1111,205.5474,633.6,0.5555555555555555,0.3333333333333333,2.6399999999999997,633.6
New Mexico,1981,1.73,0.95,3.0,410.0741,197.2425,640.0,0.5766666666666667,0.31666666666666665,2.6799999999999997,640.0
New Mexico,1982,1.72,0.93,2.99,407.7037,193.09,637.8667,0.5752508361204013,0.3110367892976589,2.65,637.8667
New Mexico,1983,1.72,0.98,3.01,407.7037,203.4712,642.1333,0.5714285714285715,0.32558139534883723,2.7,642.1333
New Mexico,1984,1.72,0.76,2.76,407.7037,157.794,588.8,0.6231884057971014,0.2753623188405797,2.48,588.8
New Mexico,1985,1.71,0.77,2.84,405.3333,159.8702,605.8667,0.602112676056338,0.2711267605633803,2.48,605.8667
New Mexico,1986,1.66,0.71,2.73,393.4815,147.4128,582.4,0.608058608058608,0.26007326007326004,2.37,582.4
New Mexico,1987,1.65,0.68,2.69,391.1111,141.1841,573.8667,0.6133828996282528,0.25278810408921937,2.33,573.8667
New Mexico,1988,1.66,0.68,2.67,393.4815,141.1841,569.6,0.6217228464419475,0.2546816479400749,2.34,569.6
New Mexico,1989,1.67,0.66,2.62,395.8519,137.0316,558.9333,0.6374045801526717,0.25190839694656486,2.33,558.9333
New Mexico,1990,1.68,0.68,2.64,398.2222,141.1841,563.2,0.6363636363636364,0.25757575757575757,2.36,563.2
New Mexico,1991,1.64,0.64,2.54,388.7407,132.8792,541.8667,0.6456692913385826,0.25196850393700787,2.28,541.8667
New Mexico,1992,1.56,0.66,2.47,369.7778,137.0316,526.9333,0.631578947368421,0.2672064777327935,2.22,526.9333
New Mexico,1993,1.53,0.63,2.39,362.6667,130.8029,509.8667,0.6401673640167364,0.2635983263598326,2.16,509.8667
New Mexico,1994,1.46,0.6,2.25,346.0741,124.5742,480.0,0.6488888888888888,0.26666666666666666,2.06,480.0
New Mexico,1995,1.56,0.6,2.4,369.7778,124.5742,512.0,0.65,0.25,2.16,512.0
New Mexico,1996,1.55,0.59,2.38,367.4074,122.498,507.7333,0.6512605042016807,0.24789915966386555,2.14,507.7333
New Mexico,1997,1.51,0.58,2.33,357.9259,120.4217,497.0667,0.648068669527897,0.24892703862660942,2.09,497.0667
New Mexico,1998,1.49,0.58,2.31,353.1852,120.4217,492.8,0.645021645021645,0.2510822510822511,2.07,492.8
New Mexico,1999,1.53,0.59,2.36,362.6667,122.498,503.4667,0.6483050847457628,0.25,2.12,503.4667
New Mexico,2000,1.53,0.61,2.38,362.6667,126.6504,507.7333,0.6428571428571429,0.2563025210084034,2.14,507.7333
New Mexico,2001,1.54,0.61,2.39,365.037,126.6504,509.8667,0.6443514644351465,0.25523012552301255,2.15,509.8667
New Mexico,2002,1.52,0.61,2.4,360.2963,126.6504,512.0,0.6333333333333334,0.25416666666666665,2.13,512.0
New Mexico,2003,1.52,0.61,2.4,360.2963,126.6504,512.0,0.6333333333333334,0.25416666666666665,2.13,512.0
New Mexico,2004,1.46,0.66,2.36,346.0741,137.0316,503.4667,0.6186440677966102,0.2796610169491526,2.12,503.4667
New Mexico,2005,1.47,0.66,2.42,348.4444,137.0316,516.2667,0.6074380165289256,0.27272727272727276,2.13,516.2667
New Mexico,2006,1.37,0.69,2.36,324.7407,143.2603,503.4667,0.5805084745762713,0.2923728813559322,2.06,503.4667
New Mexico,2007,1.39,0.7,2.39,329.4815,145.3366,509.8667,0.5815899581589957,0.2928870292887029,2.09,509.8667
New Mexico,2008,1.41,0.71,2.43,334.2222,147.4128,518.4,0.5802469135802468,0.2921810699588477,2.12,518.4
New Mexico,2009,1.34,0.72,2.38,317.6296,149.4891,507.7333,0.5630252100840337,0.3025210084033613,2.06,507.7333
New Mexico,2010,1.23,0.74,2.28,291.5556,153.6415,486.4,0.5394736842105263,0.32456140350877194,1.97,486.4
New Mexico,2011,1.32,0.72,2.35,312.8889,149.4891,501.3333,0.5617021276595745,0.30638297872340425,2.04,501.3333
New Mexico,2012,1.24,0.79,2.36,293.9259,164.0227,503.4667,0.5254237288135594,0.33474576271186446,2.0300000000000002,503.4667
New Mexico,2013,1.17,0.84,2.34,277.3333,174.4039,499.2,0.5,0.358974358974359,2.01,499.2
New Mexico,2014,1.29,0.82,2.41,305.7778,170.2514,514.1333,0.5352697095435685,0.3402489626556016,2.11,514.1333
New Mexico,2015,1.02,0.78,2.1,241.7778,161.9465,448.0,0.4857142857142857,0.37142857142857144,1.8,448.0
New Mexico,2016,1.1,0.84,2.26,260.7407,174.4039,482.1333,0.48672566371681425,0.37168141592920356,1.94,482.1333
New Mexico,2017,1.05,0.81,2.16,248.8889,168.1752,460.8,0.4861111111111111,0.375,1.86,460.8
New Mexico,2018,1.07,0.89,2.26,253.6296,184.7851,482.1333,0.4734513274336284,0.39380530973451333,1.96,482.1333
New Mexico,2019,1.17,0.78,2.26,277.3333,161.9465,482.1333,0.5176991150442478,0.3451327433628319,1.95,482.1333
New Mexico,2020,1.2,0.79,2.29,284.4444,164.0227,488.5333,0.5240174672489083,0.34497816593886466,1.99,488.5333
New Mexico,2021,1.21,0.85,2.37,286.8148,176.4801,505.6,0.510548523206751,0.3586497890295358,2.06,505.6
New Mexico,2022,1.18,0.89,2.37,279.7037,184.7851,505.6,0.49789029535864976,0.3755274261603375,2.07,505.6
New Mexico,2023,1.13,0.88,2.31,267.8519,182.7088,492.8,0.4891774891774891,0.38095238095238093,2.01,492.8
New York,1977,1.18,1.18,2.75,279.7037,244.9959,586.6667,0.4290909090909091,0.4290909090909091,2.36,586.6667
New York,1978,1.18,1.18,2.78,279.7037,244.9959,593.0667,0.4244604316546763,0.4244604316546763,2.36,593.0667
New York,1979,1.21,1.17,2.83,286.8148,242.9197,603.7333,0.4275618374558304,0.41342756183745577,2.38,603.7333
New York,1980,1.27,1.17,2.91,301.037,242.9197,620.8,0.436426116838488,0.40206185567010305,2.44,620.8
New York,1981,1.25,1.12,2.83,296.2963,232.5385,603.7333,0.4416961130742049,0.39575971731448767,2.37,603.7333
New York,1982,1.26,1.11,2.85,298.6667,230.4623,608.0,0.4421052631578947,0.38947368421052636,2.37,608.0
New York,1983,1.23,1.05,2.77,291.5556,218.0049,590.9333,0.44404332129963897,0.37906137184115524,2.2800000000000002,590.9333
New York,1984,1.14,1.03,2.67,270.2222,213.8524,569.6,0.42696629213483145,0.3857677902621723,2.17,569.6
New York,1985,1.14,0.98,2.61,270.2222,203.4712,556.8,0.43678160919540227,0.37547892720306514,2.12,556.8
New York,1986,1.12,0.91,2.53,265.4815,188.9376,539.7333,0.4426877470355732,0.3596837944664032,2.0300000000000002,539.7333
New York,1987,1.14,0.9,2.51,270.2222,186.8613,535.4667,0.4541832669322709,0.35856573705179284,2.04,535.4667
New York,1988,1.14,0.86,2.45,270.2222,178.5564,522.6667,0.4653061224489795,0.3510204081632653,2.0,522.6667
New York,1989,1.11,0.81,2.34,263.1111,168.1752,499.2,0.47435897435897445,0.3461538461538462,1.9200000000000002,499.2
New York,1990,1.13,0.76,2.3,267.8519,157.794,490.6667,0.49130434782608695,0.3304347826086957,1.89,490.6667
New York,1991,1.09,0.69,2.14,258.3704,143.2603,456.5333,0.5093457943925234,0.32242990654205606,1.78,456.5333
New York,1992,1.04,0.68,2.09,246.5185,141.1841,445.8667,0.4976076555023924,0.3253588516746412,1.7200000000000002,445.8667
New York,1993,1.0,0.62,1.97,237.037,128.7267,420.2667,0.5076142131979695,0.3147208121827411,1.62,420.2667
New York,1994,0.98,0.6,1.93,232.2963,124.5742,411.7333,0.5077720207253886,0.31088082901554404,1.58,411.7333
New York,1995,1.0,0.57,1.95,237.037,118.3455,416.0,0.5128205128205129,0.29230769230769227,1.5699999999999998,416.0
New York,1996,0.91,0.57,1.84,215.7037,118.3455,392.5333,0.4945652173913043,0.3097826086956521,1.48,392.5333
New York,1997,0.86,0.56,1.79,203.8519,116.2693,381.8667,0.48044692737430167,0.3128491620111732,1.42,381.8667
New York,1998,0.95,0.51,1.84,225.1852,105.8881,392.5333,0.5163043478260869,0.27717391304347827,1.46,392.5333
New York,1999,0.93,0.56,1.85,220.4444,116.2693,394.6667,0.5027027027027027,0.3027027027027027,1.4900000000000002,394.6667
New York,2000,0.92,0.58,1.88,218.0741,120.4217,401.0667,0.4893617021276596,0.30851063829787234,1.5,401.0667
New York,2001,0.96,0.56,1.89,227.5556,116.2693,403.2,0.5079365079365079,0.29629629629629634,1.52,403.2
New York,2002,0.95,0.59,1.92,225.1852,122.498,409.6,0.4947916666666667,0.3072916666666667,1.54,409.6
New York,2003,0.93,0.61,1.94,220.4444,126.6504,413.8667,0.4793814432989691,0.31443298969072164,1.54,413.8667
New York,2004,0.92,0.62,1.96,218.0741,128.7267,418.1333,0.46938775510204084,0.3163265306122449,1.54,418.1333
New York,2005,0.91,0.65,1.99,215.7037,134.9554,424.5333,0.45728643216080406,0.32663316582914576,1.56,424.5333
New York,2006,0.89,0.66,2.01,210.963,137.0316,428.8,0.44278606965174133,0.32835820895522394,1.55,428.8
New York,2007,0.93,0.69,2.1,220.4444,143.2603,448.0,0.44285714285714284,0.3285714285714285,1.62,448.0
New York,2008,0.93,0.68,2.08,220.4444,141.1841,443.7333,0.44711538461538464,0.3269230769230769,1.61,443.7333
New York,2009,0.92,0.7,2.08,218.0741,145.3366,443.7333,0.4423076923076923,0.3365384615384615,1.62,443.7333
New York,2010,0.89,0.71,2.09,210.963,147.4128,445.8667,0.42583732057416274,0.3397129186602871,1.6,445.8667
New York,2011,0.89,0.73,2.11,210.963,151.5653,450.1333,0.4218009478672986,0.3459715639810427,1.62,450.1333
New York,2012,0.91,0.75,2.17,215.7037,155.7178,462.9333,0.41935483870967744,0.3456221198156682,1.6600000000000001,462.9333
New York,2013,0.93,0.77,2.21,220.4444,159.8702,471.4667,0.42081447963800905,0.3484162895927602,1.7000000000000002,471.4667
New York,2014,0.9,0.77,2.2,213.3333,159.8702,469.3333,0.40909090909090906,0.35,1.67,469.3333
New York,2015,0.91,0.77,2.19,215.7037,159.8702,467.2,0.4155251141552512,0.35159817351598177,1.6800000000000002,467.2
New York,2016,0.91,0.79,2.23,215.7037,164.0227,475.7333,0.4080717488789238,0.3542600896860987,1.7000000000000002,475.7333
New York,2017,0.9,0.79,2.23,213.3333,164.0227,475.7333,0.40358744394618834,0.3542600896860987,1.69,475.7333
New York,2018,0.88,0.81,2.21,208.5926,168.1752,471.4667,0.3981900452488688,0.36651583710407243,1.69,471.4667
New York,2019,0.88,0.81,2.22,208.5926,168.1752,473.6,0.39639639639639634,0.36486486486486486,1.69,473.6
New York,2020,0.81,0.85,2.14,192.0,176.4801,456.5333,0.37850467289719625,0.397196261682243,1.6600000000000001,456.5333
New York,2021,0.88,0.89,2.26,208.5926,184.7851,482.1333,0.3893805309734514,0.39380530973451333,1.77,482.1333
New York,2022,0.83,0.96,2.25,196.7407,199.3187,480.0,0.3688888888888889,0.42666666666666664,1.79,480.0
New York,2023,0.81,0.98,2.24,192.0,203.4712,477.8667,0.36160714285714285,0.43749999999999994,1.79,477.8667
North Carolina,1977,0.98,0.81,1.98,232.2963,168.1752,422.4,0.494949494949495,0.4090909090909091,1.79,422.4
North Carolina,1978,1.02,0.83,2.04,241.7778,172.3277,435.2,0.5,0.4068627450980392,1.85,435.2
North Carolina,1979,1.04,0.84,2.09,246.5185,174.4039,445.8667,0.4976076555023924,0.4019138755980861,1.88,445.8667
North Carolina,1980,1.1,0.85,2.16,260.7407,176.4801,460.8,0.5092592592592593,0.3935185185185185,1.9500000000000002,460.8
North Carolina,1981,1.1,0.86,2.16,260.7407,178.5564,460.8,0.5092592592592593,0.39814814814814814,1.96,460.8
North Carolina,1982,1.07,0.85,2.13,253.6296,176.4801,454.4,0.5023474178403756,0.39906103286384975,1.92,454.4
North Carolina,1983,1.11,0.8,2.12,263.1111,166.0989,452.2667,0.5235849056603774,0.37735849056603776,1.9100000000000001,452.2667
North Carolina,1984,1.11,0.78,2.13,263.1111,161.9465,454.4,0.5211267605633804,0.36619718309859156,1.8900000000000001,454.4
North Carolina,1985,1.1,0.76,2.13,260.7407,157.794,454.4,0.5164319248826291,0.35680751173708924,1.86,454.4
North Carolina,1986,1.11,0.74,2.15,263.1111,153.6415,458.6667,0.516279069767442,0.34418604651162793,1.85,458.6667
North Carolina,1987,1.11,0.71,2.09,263.1111,147.4128,445.8667,0.5311004784688996,0.3397129186602871,1.82,445.8667
North Carolina,1988,1.11,0.68,2.08,263.1111,141.1841,443.7333,0.5336538461538461,0.3269230769230769,1.79,443.7333
North Carolina,1989,1.13,0.66,2.05,267.8519,137.0316,437.3333,0.551219512195122,0.3219512195121952,1.79,437.3333
North Carolina,1990,1.16,0.65,2.08,274.963,134.9554,443.7333,0.5576923076923076,0.3125,1.81,443.7333
North Carolina,1991,1.11,0.6,1.96,263.1111,124.5742,418.1333,0.5663265306122449,0.30612244897959184,1.71,418.1333
North Carolina,1992,1.14,0.59,1.96,270.2222,122.498,418.1333,0.5816326530612245,0.3010204081632653,1.73,418.1333
North Carolina,1993,1.14,0.56,1.92,270.2222,116.2693,409.6,0.59375,0.2916666666666667,1.7,409.6
North Carolina,1994,1.14,0.54,1.89,270.2222,112.1168,403.2,0.6031746031746031,0.28571428571428575,1.68,403.2
North Carolina,1995,1.12,0.53,1.87,265.4815,110.0406,398.9333,0.5989304812834225,0.28342245989304815,1.6500000000000001,398.9333
North Carolina,1996,1.21,0.53,1.98,286.8148,110.0406,422.4,0.611111111111111,0.2676767676767677,1.74,422.4
North Carolina,1997,1.22,0.52,1.97,289.1852,107.9643,420.2667,0.6192893401015228,0.2639593908629442,1.74,420.2667
North Carolina,1998,1.21,0.5,1.94,286.8148,103.8118,413.8667,0.6237113402061856,0.2577319587628866,1.71,413.8667
North Carolina,1999,1.21,0.51,1.96,286.8148,105.8881,418.1333,0.6173469387755102,0.2602040816326531,1.72,418.1333
North Carolina,2000,1.22,0.52,1.98,289.1852,107.9643,422.4,0.6161616161616161,0.26262626262626265,1.74,422.4
North Carolina,2001,1.24,0.51,2.0,293.9259,105.8881,426.6667,0.62,0.255,1.75,426.6667
North Carolina,2002,1.25,0.5,2.02,296.2963,103.8118,430.9333,0.6188118811881188,0.24752475247524752,1.75,430.9333
North Carolina,2003,1.21,0.52,2.0,286.8148,107.9643,426.6667,0.605,0.26,1.73,426.6667
North Carolina,2004,1.16,0.53,1.99,274.963,110.0406,424.5333,0.5829145728643216,0.2663316582914573,1.69,424.5333
North Carolina,2005,1.13,0.54,1.96,267.8519,112.1168,418.1333,0.5765306122448979,0.2755102040816327,1.67,418.1333
North Carolina,2006,1.14,0.54,2.01,270.2222,112.1168,428.8,0.5671641791044776,0.2686567164179105,1.68,428.8
North Carolina,2007,1.15,0.56,2.04,272.5926,116.2693,435.2,0.5637254901960784,0.27450980392156865,1.71,435.2
North Carolina,2008,1.13,0.57,2.03,267.8519,118.3455,433.0667,0.5566502463054187,0.28078817733990147,1.6999999999999997,433.0667
North Carolina,2009,1.1,0.57,2.01,260.7407,118.3455,428.8,0.5472636815920399,0.2835820895522388,1.67,428.8
North Carolina,2010,1.07,0.57,2.0,253.6296,118.3455,426.6667,0.535,0.285,1.6400000000000001,426.6667
North Carolina,2011,1.05,0.58,2.01,248.8889,120.4217,428.8,0.5223880597014926,0.2885572139303483,1.63,428.8
North Carolina,2012,1.06,0.6,2.04,251.2593,124.5742,435.2,0.5196078431372549,0.29411764705882354,1.6600000000000001,435.2
North Carolina,2013,1.04,0.6,2.04,246.5185,124.5742,435.2,0.5098039215686274,0.29411764705882354,1.6400000000000001,435.2
North Carolina,2014,1.05,0.61,2.07,248.8889,126.6504,441.6,0.5072463768115942,0.2946859903381643,1.6600000000000001,441.6
North Carolina,2015,1.05,0.63,2.1,248.8889,130.8029,448.0,0.5,0.3,1.6800000000000002,448.0
North Carolina,2016,1.05,0.64,2.12,248.8889,132.8792,452.2667,0.49528301886792453,0.3018867924528302,1.69,452.2667
North Carolina,2017,1.05,0.65,2.13,248.8889,134.9554,454.4,0.4929577464788733,0.3051643192488263,1.7000000000000002,454.4
North Carolina,2018,1.04,0.68,2.17,246.5185,141.1841,462.9333,0.47926267281105994,0.3133640552995392,1.7200000000000002,462.9333
North Carolina,2019,1.04,0.7,2.2,246.5185,145.3366,469.3333,0.4727272727272727,0.3181818181818181,1.74,469.3333
North Carolina,2020,1.08,0.79,2.35,256.0,164.0227,501.3333,0.4595744680851064,0.33617021276595743,1.87,501.3333
North Carolina,2021,1.07,0.82,2.39,253.6296,170.2514,509.8667,0.4476987447698745,0.3430962343096234,1.8900000000000001,509.8667
North Carolina,2022,1.03,0.83,2.35,244.1481,172.3277,501.3333,0.43829787234042555,0.3531914893617021,1.8599999999999999,501.3333
North Carolina,2023,1.0,0.82,2.28,237.037,170.2514,486.4,0.4385964912280702,0.35964912280701755,1.8199999999999998,486.4
North Dakota,1977,1.35,1.12,2.62,320.0,232.5385,558.9333,0.5152671755725191,0.4274809160305344,2.47,558.9333
North Dakota,1978,1.45,1.15,2.76,343.7037,238.7672,588.8,0.5253623188405797,0.4166666666666667,2.5999999999999996,588.8
North Dakota,1979,1.46,1.1,2.72,346.0741,228.3861,580.2667,0.5367647058823529,0.40441176470588236,2.56,580.2667
North Dakota,1980,1.52,1.13,2.82,360.2963,234.6148,601.6,0.5390070921985816,0.400709219858156,2.65,601.6
North Dakota,1981,1.53,1.14,2.85,362.6667,236.691,608.0,0.5368421052631579,0.39999999999999997,2.67,608.0
North Dakota,1982,1.52,1.09,2.79,360.2963,226.3098,595.2,0.5448028673835126,0.3906810035842294,2.6100000000000003,595.2
North Dakota,1983,1.49,1.05,2.71,353.1852,218.0049,578.1333,0.5498154981549815,0.3874538745387454,2.54,578.1333
North Dakota,1984,1.41,0.99,2.56,334.2222,205.5474,546.1333,0.55078125,0.38671875,2.4,546.1333
North Dakota,1985,1.34,0.96,2.5,317.6296,199.3187,533.3333,0.536,0.384,2.3,533.3333
North Dakota,1986,1.34,0.87,2.44,317.6296,180.6326,520.5333,0.5491803278688525,0.35655737704918034,2.21,520.5333
North Dakota,1987,1.37,0.89,2.47,324.7407,184.7851,526.9333,0.5546558704453441,0.36032388663967607,2.2600000000000002,526.9333
North Dakota,1988,1.41,0.88,2.48,334.2222,182.7088,529.0667,0.5685483870967741,0.3548387096774194,2.29,529.0667
North Dakota,1989,1.41,0.86,2.44,334.2222,178.5564,520.5333,0.5778688524590164,0.3524590163934426,2.27,520.5333
North Dakota,1990,1.47,0.93,2.56,348.4444,193.09,546.1333,0.57421875,0.36328125,2.4,546.1333
North Dakota,1991,1.43,0.86,2.44,338.963,178.5564,520.5333,0.5860655737704918,0.3524590163934426,2.29,520.5333
North Dakota,1992,1.38,0.85,2.39,327.1111,176.4801,509.8667,0.5774058577405857,0.35564853556485354,2.23,509.8667
North Dakota,1993,1.37,0.84,2.36,324.7407,174.4039,503.4667,0.5805084745762713,0.3559322033898305,2.21,503.4667
North Dakota,1994,1.39,0.78,2.32,329.4815,161.9465,494.9333,0.5991379310344828,0.3362068965517242,2.17,494.9333
North Dakota,1995,1.36,0.77,2.28,322.3704,159.8702,486.4,0.5964912280701755,0.3377192982456141,2.13,486.4
North Dakota,1996,1.4,0.77,2.3,331.8519,159.8702,490.6667,0.6086956521739131,0.3347826086956522,2.17,490.6667
North Dakota,1997,1.4,0.77,2.3,331.8519,159.8702,490.6667,0.6086956521739131,0.3347826086956522,2.17,490.6667
North Dakota,1998,1.45,0.76,2.35,343.7037,157.794,501.3333,0.6170212765957447,0.3234042553191489,2.21,501.3333
North Dakota,1999,1.48,0.78,2.41,350.8148,161.9465,514.1333,0.6141078838174273,0.3236514522821577,2.26,514.1333
North Dakota,2000,1.47,0.79,2.4,348.4444,164.0227,512.0,0.6125,0.3291666666666667,2.26,512.0
North Dakota,2001,1.46,0.81,2.42,346.0741,168.1752,516.2667,0.6033057851239669,0.33471074380165294,2.27,516.2667
North Dakota,2002,1.51,0.83,2.5,357.9259,172.3277,533.3333,0.604,0.33199999999999996,2.34,533.3333
North Dakota,2003,1.53,0.86,2.56,362.6667,178.5564,546.1333,0.59765625,0.3359375,2.39,546.1333
North Dakota,2004,1.49,0.82,2.49,353.1852,170.2514,531.2,0.5983935742971886,0.32931726907630515,2.31,531.2
North Dakota,2005,1.48,0.94,2.6,350.8148,195.1663,554.6667,0.5692307692307692,0.36153846153846153,2.42,554.6667
North Dakota,2006,1.5,1.0,2.7,355.5556,207.6237,576.0,0.5555555555555555,0.37037037037037035,2.5,576.0
North Dakota,2007,1.53,1.06,2.82,362.6667,220.0811,601.6,0.5425531914893618,0.3758865248226951,2.59,601.6
North Dakota,2008,1.6,1.11,2.94,379.2593,230.4623,627.2,0.54421768707483,0.3775510204081633,2.71,627.2
North Dakota,2009,1.59,1.13,2.96,376.8889,234.6148,631.4667,0.5371621621621622,0.38175675675675674,2.7199999999999998,631.4667
North Dakota,2010,1.49,1.19,2.93,353.1852,247.0722,625.0667,0.5085324232081911,0.40614334470989755,2.6799999999999997,625.0667
North Dakota,2011,1.66,1.26,3.18,393.4815,261.6058,678.4,0.5220125786163522,0.3962264150943396,2.92,678.4
North Dakota,2012,1.75,1.38,3.43,414.8148,286.5207,731.7333,0.5102040816326531,0.4023323615160349,3.13,731.7333
North Dakota,2013,1.69,1.38,3.39,400.5926,286.5207,723.2,0.49852507374631266,0.4070796460176991,3.07,723.2
North Dakota,2014,1.68,1.4,3.43,398.2222,290.6732,731.7333,0.48979591836734687,0.4081632653061224,3.08,731.7333
North Dakota,2015,1.58,1.33,3.26,374.5185,276.1395,695.4667,0.4846625766871166,0.4079754601226994,2.91,695.4667
North Dakota,2016,1.51,1.29,3.14,357.9259,267.8345,669.8667,0.48089171974522293,0.410828025477707,2.8,669.8667
North Dakota,2017,1.51,1.3,3.15,357.9259,269.9108,672.0,0.4793650793650794,0.41269841269841273,2.81,672.0
North Dakota,2018,1.5,1.33,3.16,355.5556,276.1395,674.1333,0.47468354430379744,0.4208860759493671,2.83,674.1333
North Dakota,2019,1.48,1.37,3.18,350.8148,284.4444,678.4,0.4654088050314465,0.4308176100628931,2.85,678.4
North Dakota,2020,1.45,1.42,3.2,343.7037,294.8256,682.6667,0.45312499999999994,0.44375,2.87,682.6667
North Dakota,2021,1.49,1.48,3.29,353.1852,307.283,701.8667,0.45288753799392095,0.44984802431610943,2.9699999999999998,701.8667
North Dakota,2022,1.39,1.62,3.32,329.4815,336.3504,708.2667,0.4186746987951807,0.48795180722891573,3.01,708.2667
North Dakota,2023,1.33,1.78,3.4,315.2593,369.5702,725.3333,0.39117647058823535,0.5235294117647059,3.1100000000000003,725.3333
Northeast Region,1977,1.25,1.1,2.69,296.2963,228.3861,573.8667,0.4646840148698885,0.4089219330855019,2.35,573.8667
Northeast Region,1978,1.26,1.1,2.73,298.6667,228.3861,582.4,0.46153846153846156,0.40293040293040294,2.3600000000000003,582.4
Northeast Region,1979,1.29,1.09,2.76,305.7778,226.3098,588.8,0.4673913043478261,0.3949275362318841,2.38,588.8
Northeast Region,1980,1.33,1.09,2.83,315.2593,226.3098,603.7333,0.46996466431095407,0.38515901060070673,2.42,603.7333
Northeast Region,1981,1.31,1.07,2.8,310.5185,222.1573,597.3333,0.4678571428571429,0.3821428571428572,2.38,597.3333
Northeast Region,1982,1.31,1.06,2.8,310.5185,220.0811,597.3333,0.4678571428571429,0.3785714285714286,2.37,597.3333
Northeast Region,1983,1.31,1.03,2.76,310.5185,213.8524,588.8,0.47463768115942034,0.3731884057971015,2.34,588.8
Northeast Region,1984,1.25,1.01,2.7,296.2963,209.6999,576.0,0.4629629629629629,0.37407407407407406,2.26,576.0
Northeast Region,1985,1.25,0.98,2.66,296.2963,203.4712,567.4667,0.4699248120300752,0.3684210526315789,2.23,567.4667
Northeast Region,1986,1.24,0.93,2.62,293.9259,193.09,558.9333,0.47328244274809156,0.3549618320610687,2.17,558.9333
Northeast Region,1987,1.25,0.91,2.59,296.2963,188.9376,552.5333,0.48262548262548266,0.35135135135135137,2.16,552.5333
Northeast Region,1988,1.25,0.86,2.51,296.2963,178.5564,535.4667,0.4980079681274901,0.3426294820717132,2.11,535.4667
Northeast Region,1989,1.22,0.84,2.44,289.1852,174.4039,520.5333,0.5,0.3442622950819672,2.06,520.5333
Northeast Region,1990,1.23,0.8,2.41,291.5556,166.0989,514.1333,0.5103734439834025,0.33195020746887965,2.0300000000000002,514.1333
Northeast Region,1991,1.19,0.73,2.26,282.0741,151.5653,482.1333,0.5265486725663717,0.3230088495575221,1.92,482.1333
Northeast Region,1992,1.14,0.72,2.21,270.2222,149.4891,471.4667,0.5158371040723981,0.3257918552036199,1.8599999999999999,471.4667
Northeast Region,1993,1.13,0.68,2.15,267.8519,141.1841,458.6667,0.5255813953488372,0.3162790697674419,1.81,458.6667
Northeast Region,1994,1.11,0.67,2.12,263.1111,139.1079,452.2667,0.5235849056603774,0.3160377358490566,1.7800000000000002,452.2667
Northeast Region,1995,1.11,0.64,2.11,263.1111,132.8792,450.1333,0.5260663507109006,0.3033175355450237,1.75,450.1333
Northeast Region,1996,1.07,0.64,2.06,253.6296,132.8792,439.4667,0.5194174757281553,0.3106796116504854,1.71,439.4667
Northeast Region,1997,1.07,0.63,2.06,253.6296,130.8029,439.4667,0.5194174757281553,0.3058252427184466,1.7000000000000002,439.4667
Northeast Region,1998,1.07,0.61,2.05,253.6296,126.6504,437.3333,0.5219512195121953,0.29756097560975614,1.6800000000000002,437.3333
Northeast Region,1999,1.07,0.63,2.08,253.6296,130.8029,443.7333,0.514423076923077,0.30288461538461536,1.7000000000000002,443.7333
Northeast Region,2000,1.08,0.66,2.12,256.0,137.0316,452.2667,0.5094339622641509,0.3113207547169811,1.7400000000000002,452.2667
Northeast Region,2001,1.1,0.64,2.13,260.7407,132.8792,454.4,0.5164319248826291,0.3004694835680751,1.7400000000000002,454.4
Northeast Region,2002,1.1,0.66,2.16,260.7407,137.0316,460.8,0.5092592592592593,0.3055555555555555,1.7600000000000002,460.8
Northeast Region,2003,1.08,0.68,2.17,256.0,141.1841,462.9333,0.4976958525345623,0.3133640552995392,1.7600000000000002,462.9333
Northeast Region,2004,1.07,0.7,2.2,253.6296,145.3366,469.3333,0.48636363636363633,0.3181818181818181,1.77,469.3333
Northeast Region,2005,1.07,0.72,2.22,253.6296,149.4891,473.6,0.48198198198198194,0.3243243243243243,1.79,473.6
Northeast Region,2006,1.07,0.73,2.25,253.6296,151.5653,480.0,0.47555555555555556,0.3244444444444444,1.8,480.0
Northeast Region,2007,1.09,0.75,2.31,258.3704,155.7178,492.8,0.47186147186147187,0.3246753246753247,1.84,492.8
Northeast Region,2008,1.09,0.76,2.31,258.3704,157.794,492.8,0.47186147186147187,0.329004329004329,1.85,492.8
Northeast Region,2009,1.07,0.77,2.31,253.6296,159.8702,492.8,0.46320346320346323,0.3333333333333333,1.84,492.8
Northeast Region,2010,1.06,0.78,2.33,251.2593,161.9465,497.0667,0.4549356223175966,0.33476394849785407,1.84,497.0667
Northeast Region,2011,1.05,0.8,2.36,248.8889,166.0989,503.4667,0.44491525423728817,0.33898305084745767,1.85,503.4667
Northeast Region,2012,1.06,0.82,2.39,251.2593,170.2514,509.8667,0.4435146443514644,0.3430962343096234,1.88,509.8667
Northeast Region,2013,1.06,0.83,2.4,251.2593,172.3277,512.0,0.4416666666666667,0.3458333333333333,1.8900000000000001,512.0
Northeast Region,2014,1.03,0.84,2.4,244.1481,174.4039,512.0,0.4291666666666667,0.35,1.87,512.0
Northeast Region,2015,1.04,0.85,2.4,246.5185,176.4801,512.0,0.43333333333333335,0.3541666666666667,1.8900000000000001,512.0
Northeast Region,2016,1.03,0.87,2.42,244.1481,180.6326,516.2667,0.4256198347107438,0.359504132231405,1.9,516.2667
Northeast Region,2017,1.02,0.88,2.42,241.7778,182.7088,516.2667,0.42148760330578516,0.36363636363636365,1.9,516.2667
Northeast Region,2018,1.0,0.9,2.41,237.037,186.8613,514.1333,0.41493775933609955,0.37344398340248963,1.9,514.1333
Northeast Region,2019,1.0,0.92,2.44,237.037,191.0138,520.5333,0.4098360655737705,0.3770491803278689,1.92,520.5333
Northeast Region,2020,0.96,0.95,2.41,227.5556,197.2425,514.1333,0.3983402489626556,0.39419087136929454,1.91,514.1333
Northeast Region,2021,1.01,1.04,2.54,239.4074,215.9286,541.8667,0.39763779527559057,0.4094488188976378,2.05,541.8667
Northeast Region,2022,0.96,1.1,2.52,227.5556,228.3861,537.6,0.38095238095238093,0.43650793650793657,2.06,537.6
Northeast Region,2023,0.93,1.13,2.5,220.4444,234.6148,533.3333,0.372,0.45199999999999996,2.06,533.3333
Ohio,1977,1.16,0.7,2.03,274.963,145.3366,433.0667,0.5714285714285714,0.3448275862068966,1.8599999999999999,433.0667
Ohio,1978,1.19,0.7,2.08,282.0741,145.3366,443.7333,0.5721153846153846,0.3365384615384615,1.89,443.7333
Ohio,1979,1.35,0.7,2.25,320.0,145.3366,480.0,0.6000000000000001,0.3111111111111111,2.05,480.0
Ohio,1980,1.39,0.72,2.33,329.4815,149.4891,497.0667,0.5965665236051502,0.30901287553648066,2.11,497.0667
Ohio,1981,1.35,0.68,2.25,320.0,141.1841,480.0,0.6000000000000001,0.3022222222222222,2.0300000000000002,480.0
Ohio,1982,1.4,0.66,2.28,331.8519,137.0316,486.4,0.6140350877192983,0.2894736842105263,2.06,486.4
Ohio,1983,1.36,0.65,2.23,322.3704,134.9554,475.7333,0.609865470852018,0.2914798206278027,2.0100000000000002,475.7333
Ohio,1984,1.41,0.61,2.27,334.2222,126.6504,484.2667,0.6211453744493391,0.2687224669603524,2.02,484.2667
Ohio,1985,1.37,0.59,2.21,324.7407,122.498,471.4667,0.6199095022624435,0.2669683257918552,1.96,471.4667
Ohio,1986,1.32,0.6,2.18,312.8889,124.5742,465.0667,0.6055045871559633,0.2752293577981651,1.92,465.0667
Ohio,1987,1.35,0.59,2.18,320.0,122.498,465.0667,0.6192660550458715,0.2706422018348624,1.94,465.0667
Ohio,1988,1.35,0.55,2.13,320.0,114.193,454.4,0.6338028169014085,0.25821596244131456,1.9000000000000001,454.4
Ohio,1989,1.36,0.51,2.09,322.3704,105.8881,445.8667,0.6507177033492824,0.24401913875598089,1.87,445.8667
Ohio,1990,1.34,0.53,2.09,317.6296,110.0406,445.8667,0.6411483253588518,0.25358851674641153,1.87,445.8667
Ohio,1991,1.33,0.51,2.03,315.2593,105.8881,433.0667,0.6551724137931035,0.2512315270935961,1.84,433.0667
Ohio,1992,1.32,0.5,1.98,312.8889,103.8118,422.4,0.6666666666666667,0.25252525252525254,1.82,422.4
Ohio,1993,1.29,0.5,1.95,305.7778,103.8118,416.0,0.6615384615384615,0.25641025641025644,1.79,416.0
Ohio,1994,1.31,0.37,1.85,310.5185,76.8208,394.6667,0.7081081081081081,0.19999999999999998,1.6800000000000002,394.6667
Ohio,1995,1.29,0.43,1.89,305.7778,89.2782,403.2,0.6825396825396826,0.22751322751322753,1.72,403.2
Ohio,1996,1.36,0.43,1.97,322.3704,89.2782,420.2667,0.6903553299492386,0.2182741116751269,1.79,420.2667
Ohio,1997,1.28,0.43,1.9,303.4074,89.2782,405.3333,0.6736842105263159,0.22631578947368422,1.71,405.3333
Ohio,1998,1.3,0.44,1.94,308.1481,91.3544,413.8667,0.6701030927835052,0.2268041237113402,1.74,413.8667
Ohio,1999,1.32,0.37,1.9,312.8889,76.8208,405.3333,0.6947368421052632,0.19473684210526315,1.69,405.3333
Ohio,2000,1.32,0.38,1.91,312.8889,78.897,407.4667,0.6910994764397906,0.19895287958115185,1.7000000000000002,407.4667
Ohio,2001,1.34,0.39,1.93,317.6296,80.9732,411.7333,0.694300518134715,0.20207253886010365,1.73,411.7333
Ohio,2002,1.35,0.39,1.95,320.0,80.9732,416.0,0.6923076923076924,0.2,1.7400000000000002,416.0
Ohio,2003,1.34,0.4,1.95,317.6296,83.0495,416.0,0.6871794871794872,0.20512820512820515,1.7400000000000002,416.0
Ohio,2004,1.34,0.42,1.97,317.6296,87.2019,420.2667,0.6802030456852792,0.2131979695431472,1.76,420.2667
Ohio,2005,1.34,0.43,2.0,317.6296,89.2782,426.6667,0.67,0.215,1.77,426.6667
Ohio,2006,1.33,0.44,2.01,315.2593,91.3544,428.8,0.6616915422885573,0.21890547263681595,1.77,428.8
Ohio,2007,1.34,0.45,2.04,317.6296,93.4307,435.2,0.6568627450980392,0.22058823529411764,1.79,435.2
Ohio,2008,1.33,0.46,2.05,315.2593,95.5069,437.3333,0.6487804878048782,0.22439024390243906,1.79,437.3333
Ohio,2009,1.3,0.47,2.03,308.1481,97.5831,433.0667,0.6403940886699508,0.23152709359605914,1.77,433.0667
Ohio,2010,1.29,0.48,2.02,305.7778,99.6594,430.9333,0.6386138613861386,0.2376237623762376,1.77,430.9333
Ohio,2011,1.24,0.5,2.02,293.9259,103.8118,430.9333,0.6138613861386139,0.24752475247524752,1.74,430.9333
Ohio,2012,1.23,0.51,2.03,291.5556,105.8881,433.0667,0.6059113300492611,0.2512315270935961,1.74,433.0667
Ohio,2013,1.22,0.53,2.04,289.1852,110.0406,435.2,0.5980392156862745,0.25980392156862747,1.75,435.2
Ohio,2014,1.19,0.54,2.03,282.0741,112.1168,433.0667,0.5862068965517242,0.26600985221674883,1.73,433.0667
Ohio,2015,1.17,0.56,2.03,277.3333,116.2693,433.0667,0.5763546798029557,0.2758620689655173,1.73,433.0667
Ohio,2016,1.15,0.58,2.03,272.5926,120.4217,433.0667,0.5665024630541872,0.2857142857142857,1.73,433.0667
Ohio,2017,1.12,0.6,2.02,265.4815,124.5742,430.9333,0.5544554455445545,0.297029702970297,1.7200000000000002,430.9333
Ohio,2018,1.1,0.62,2.03,260.7407,128.7267,433.0667,0.5418719211822661,0.3054187192118227,1.7200000000000002,433.0667
Ohio,2019,1.1,0.64,2.05,260.7407,132.8792,437.3333,0.5365853658536587,0.31219512195121957,1.7400000000000002,437.3333
Ohio,2020,1.1,0.7,2.11,260.7407,145.3366,450.1333,0.5213270142180095,0.33175355450236965,1.8,450.1333
Ohio,2021,1.11,0.73,2.15,263.1111,151.5653,458.6667,0.516279069767442,0.3395348837209302,1.84,458.6667
Ohio,2022,1.08,0.71,2.1,256.0,147.4128,448.0,0.5142857142857143,0.33809523809523806,1.79,448.0
Ohio,2023,1.03,0.7,2.03,244.1481,145.3366,433.0667,0.5073891625615764,0.3448275862068966,1.73,433.0667
Oklahoma,1977,1.04,0.77,1.95,246.5185,159.8702,416.0,0.5333333333333333,0.3948717948717949,1.81,416.0
Oklahoma,1978,1.05,0.8,2.0,248.8889,166.0989,426.6667,0.525,0.4,1.85,426.6667
Oklahoma,1979,1.03,0.78,1.94,244.1481,161.9465,413.8667,0.5309278350515464,0.4020618556701031,1.81,413.8667
Oklahoma,1980,1.07,0.71,1.94,253.6296,147.4128,413.8667,0.5515463917525774,0.36597938144329895,1.78,413.8667
Oklahoma,1981,1.14,0.83,2.13,270.2222,172.3277,454.4,0.5352112676056338,0.38967136150234744,1.9699999999999998,454.4
Oklahoma,1982,1.15,0.82,2.14,272.5926,170.2514,456.5333,0.5373831775700934,0.3831775700934579,1.9699999999999998,456.5333
Oklahoma,1983,1.04,0.77,1.97,246.5185,159.8702,420.2667,0.5279187817258884,0.39086294416243655,1.81,420.2667
Oklahoma,1984,1.0,0.74,1.91,237.037,153.6415,407.4667,0.5235602094240838,0.387434554973822,1.74,407.4667
Oklahoma,1985,1.05,0.68,1.88,248.8889,141.1841,401.0667,0.5585106382978724,0.3617021276595745,1.73,401.0667
Oklahoma,1986,1.06,0.62,1.84,251.2593,128.7267,392.5333,0.5760869565217391,0.33695652173913043,1.6800000000000002,392.5333
Oklahoma,1987,1.06,0.58,1.79,251.2593,120.4217,381.8667,0.5921787709497207,0.3240223463687151,1.6400000000000001,381.8667
Oklahoma,1988,1.07,0.52,1.73,253.6296,107.9643,369.0667,0.6184971098265897,0.30057803468208094,1.59,369.0667
Oklahoma,1989,1.08,0.54,1.75,256.0,112.1168,373.3333,0.6171428571428572,0.3085714285714286,1.62,373.3333
Oklahoma,1990,1.12,0.55,1.81,265.4815,114.193,386.1333,0.6187845303867404,0.30386740331491713,1.6700000000000002,386.1333
Oklahoma,1991,1.09,0.54,1.76,258.3704,112.1168,375.4667,0.6193181818181819,0.3068181818181818,1.6300000000000001,375.4667
Oklahoma,1992,1.13,0.55,1.81,267.8519,114.193,386.1333,0.6243093922651933,0.30386740331491713,1.68,386.1333
Oklahoma,1993,1.11,0.48,1.7,263.1111,99.6594,362.6667,0.6529411764705884,0.2823529411764706,1.59,362.6667
Oklahoma,1994,1.15,0.5,1.78,272.5926,103.8118,379.7333,0.646067415730337,0.2808988764044944,1.65,379.7333
Oklahoma,1995,1.1,0.44,1.66,260.7407,91.3544,354.1333,0.6626506024096387,0.26506024096385544,1.54,354.1333
Oklahoma,1996,1.09,0.45,1.66,258.3704,93.4307,354.1333,0.6566265060240964,0.27108433734939763,1.54,354.1333
Oklahoma,1997,1.1,0.43,1.65,260.7407,89.2782,352.0,0.6666666666666667,0.2606060606060606,1.53,352.0
Oklahoma,1998,1.12,0.43,1.68,265.4815,89.2782,358.4,0.6666666666666667,0.25595238095238093,1.55,358.4
Oklahoma,1999,1.11,0.44,1.68,263.1111,91.3544,358.4,0.6607142857142858,0.2619047619047619,1.55,358.4
Oklahoma,2000,1.12,0.44,1.69,265.4815,91.3544,360.5333,0.6627218934911243,0.2603550295857988,1.56,360.5333
Oklahoma,2001,1.11,0.43,1.65,263.1111,89.2782,352.0,0.6727272727272728,0.2606060606060606,1.54,352.0
Oklahoma,2002,1.12,0.58,1.82,265.4815,120.4217,388.2667,0.6153846153846154,0.31868131868131866,1.7000000000000002,388.2667
Oklahoma,2003,1.06,0.74,1.93,251.2593,153.6415,411.7333,0.5492227979274612,0.383419689119171,1.8,411.7333
Oklahoma,2004,1.11,0.46,1.7,263.1111,95.5069,362.6667,0.6529411764705884,0.2705882352941177,1.57,362.6667
Oklahoma,2005,1.09,0.55,1.8,258.3704,114.193,384.0,0.6055555555555556,0.3055555555555556,1.6400000000000001,384.0
Oklahoma,2006,1.13,0.56,1.87,267.8519,116.2693,398.9333,0.60427807486631,0.29946524064171126,1.69,398.9333
Oklahoma,2007,1.17,0.57,1.91,277.3333,118.3455,407.4667,0.612565445026178,0.29842931937172773,1.7399999999999998,407.4667
Oklahoma,2008,1.22,0.58,1.97,289.1852,120.4217,420.2667,0.6192893401015228,0.29441624365482233,1.7999999999999998,420.2667
Oklahoma,2009,1.17,0.58,1.93,277.3333,120.4217,411.7333,0.6062176165803108,0.3005181347150259,1.75,411.7333
Oklahoma,2010,1.16,0.58,1.92,274.963,120.4217,409.6,0.6041666666666666,0.3020833333333333,1.7399999999999998,409.6
Oklahoma,2011,1.14,0.59,1.92,270.2222,122.498,409.6,0.59375,0.3072916666666667,1.73,409.6
Oklahoma,2012,1.14,0.61,1.94,270.2222,126.6504,413.8667,0.5876288659793814,0.31443298969072164,1.75,413.8667
Oklahoma,2013,1.11,0.62,1.93,263.1111,128.7267,411.7333,0.5751295336787565,0.3212435233160622,1.73,411.7333
Oklahoma,2014,1.09,0.63,1.91,258.3704,130.8029,407.4667,0.5706806282722514,0.3298429319371728,1.7200000000000002,407.4667
Oklahoma,2015,1.07,0.62,1.89,253.6296,128.7267,403.2,0.5661375661375662,0.3280423280423281,1.69,403.2
Oklahoma,2016,1.05,0.64,1.89,248.8889,132.8792,403.2,0.5555555555555556,0.33862433862433866,1.69,403.2
Oklahoma,2017,1.03,0.65,1.87,244.1481,134.9554,398.9333,0.5508021390374331,0.34759358288770054,1.6800000000000002,398.9333
Oklahoma,2018,1.0,0.65,1.85,237.037,134.9554,394.6667,0.5405405405405405,0.35135135135135137,1.65,394.6667
Oklahoma,2019,0.99,0.66,1.85,234.6667,137.0316,394.6667,0.5351351351351351,0.3567567567567568,1.65,394.6667
Oklahoma,2020,0.99,0.68,1.86,234.6667,141.1841,396.8,0.532258064516129,0.3655913978494624,1.67,396.8
Oklahoma,2021,0.99,0.73,1.9,234.6667,151.5653,405.3333,0.5210526315789474,0.3842105263157895,1.72,405.3333
Oklahoma,2022,0.94,0.74,1.87,222.8148,153.6415,398.9333,0.5026737967914437,0.3957219251336898,1.68,398.9333
Oklahoma,2023,0.89,0.73,1.8,210.963,151.5653,384.0,0.49444444444444446,0.40555555555555556,1.62,384.0
Oregon,1977,1.3,0.94,2.7,308.1481,195.1663,576.0,0.48148148148148145,0.3481481481481481,2.24,576.0
Oregon,1978,1.32,0.96,2.74,312.8889,199.3187,584.5333,0.4817518248175182,0.3503649635036496,2.2800000000000002,584.5333
Oregon,1979,1.36,0.94,2.77,322.3704,195.1663,590.9333,0.4909747292418773,0.33935018050541516,2.3,590.9333
Oregon,1980,1.36,0.94,2.81,322.3704,195.1663,599.4667,0.4839857651245552,0.33451957295373663,2.3,599.4667
Oregon,1981,1.37,0.92,2.79,324.7407,191.0138,595.2,0.4910394265232975,0.32974910394265233,2.29,595.2
Oregon,1982,1.32,0.88,2.72,312.8889,182.7088,580.2667,0.4852941176470588,0.32352941176470584,2.2,580.2667
Oregon,1983,1.32,0.85,2.7,312.8889,176.4801,576.0,0.4888888888888889,0.31481481481481477,2.17,576.0
Oregon,1984,1.28,0.82,2.63,303.4074,170.2514,561.0667,0.48669201520912553,0.311787072243346,2.1,561.0667
Oregon,1985,1.25,0.77,2.58,296.2963,159.8702,550.4,0.4844961240310077,0.29844961240310075,2.02,550.4
Oregon,1986,1.28,0.74,2.57,303.4074,153.6415,548.2667,0.49805447470817127,0.2879377431906615,2.02,548.2667
Oregon,1987,1.28,0.73,2.54,303.4074,151.5653,541.8667,0.5039370078740157,0.2874015748031496,2.01,541.8667
Oregon,1988,1.29,0.72,2.52,305.7778,149.4891,537.6,0.5119047619047619,0.2857142857142857,2.01,537.6
Oregon,1989,1.28,0.7,2.46,303.4074,145.3366,524.8,0.5203252032520326,0.2845528455284553,1.98,524.8
Oregon,1990,1.32,0.73,2.51,312.8889,151.5653,535.4667,0.5258964143426296,0.2908366533864542,2.05,535.4667
Oregon,1991,1.28,0.67,2.38,303.4074,139.1079,507.7333,0.5378151260504203,0.28151260504201686,1.9500000000000002,507.7333
Oregon,1992,1.29,0.67,2.41,305.7778,139.1079,514.1333,0.5352697095435685,0.27800829875518673,1.96,514.1333
Oregon,1993,1.24,0.64,2.31,293.9259,132.8792,492.8,0.5367965367965368,0.27705627705627706,1.88,492.8
Oregon,1994,1.23,0.62,2.21,291.5556,128.7267,471.4667,0.5565610859728507,0.28054298642533937,1.85,471.4667
Oregon,1995,1.21,0.59,2.23,286.8148,122.498,475.7333,0.5426008968609866,0.2645739910313901,1.7999999999999998,475.7333
Oregon,1996,1.23,0.61,2.27,291.5556,126.6504,484.2667,0.5418502202643172,0.2687224669603524,1.8399999999999999,484.2667
Oregon,1997,1.19,0.6,2.24,282.0741,124.5742,477.8667,0.5312499999999999,0.26785714285714285,1.79,477.8667
Oregon,1998,1.2,0.61,2.25,284.4444,126.6504,480.0,0.5333333333333333,0.2711111111111111,1.81,480.0
Oregon,1999,1.21,0.63,2.27,286.8148,130.8029,484.2667,0.5330396475770925,0.2775330396475771,1.8399999999999999,484.2667
Oregon,2000,1.2,0.64,2.28,284.4444,132.8792,486.4,0.5263157894736842,0.28070175438596495,1.8399999999999999,486.4
Oregon,2001,1.22,0.65,2.3,289.1852,134.9554,490.6667,0.5304347826086957,0.28260869565217395,1.87,490.6667
Oregon,2002,1.22,0.66,2.34,289.1852,137.0316,499.2,0.5213675213675214,0.2820512820512821,1.88,499.2
Oregon,2003,1.2,0.69,2.36,284.4444,143.2603,503.4667,0.5084745762711864,0.2923728813559322,1.89,503.4667
Oregon,2004,1.23,0.72,2.44,291.5556,149.4891,520.5333,0.5040983606557377,0.29508196721311475,1.95,520.5333
Oregon,2005,1.16,0.75,2.4,274.963,155.7178,512.0,0.48333333333333334,0.3125,1.91,512.0
Oregon,2006,1.32,0.78,2.59,312.8889,161.9465,552.5333,0.5096525096525097,0.30115830115830117,2.1,552.5333
Oregon,2007,1.35,0.81,2.65,320.0,168.1752,565.3333,0.5094339622641509,0.3056603773584906,2.16,565.3333
Oregon,2008,1.22,0.83,2.54,289.1852,172.3277,541.8667,0.48031496062992124,0.32677165354330706,2.05,541.8667
Oregon,2009,1.28,0.82,2.59,303.4074,170.2514,552.5333,0.4942084942084942,0.3166023166023166,2.1,552.5333
Oregon,2010,1.19,0.83,2.51,282.0741,172.3277,535.4667,0.47410358565737054,0.3306772908366534,2.02,535.4667
Oregon,2011,1.18,0.85,2.59,279.7037,176.4801,552.5333,0.4555984555984556,0.3281853281853282,2.03,552.5333
Oregon,2012,1.21,0.89,2.66,286.8148,184.7851,567.4667,0.45488721804511273,0.33458646616541354,2.1,567.4667
Oregon,2013,1.2,0.89,2.66,284.4444,184.7851,567.4667,0.45112781954887216,0.33458646616541354,2.09,567.4667
Oregon,2014,1.23,0.9,2.7,291.5556,186.8613,576.0,0.4555555555555555,0.3333333333333333,2.13,576.0
Oregon,2015,1.23,0.9,2.71,291.5556,186.8613,578.1333,0.45387453874538747,0.33210332103321033,2.13,578.1333
Oregon,2016,1.24,0.92,2.76,293.9259,191.0138,588.8,0.44927536231884063,0.33333333333333337,2.16,588.8
Oregon,2017,1.24,0.93,2.76,293.9259,193.09,588.8,0.44927536231884063,0.3369565217391305,2.17,588.8
Oregon,2018,1.21,0.95,2.74,286.8148,197.2425,584.5333,0.44160583941605835,0.34671532846715325,2.16,584.5333
Oregon,2019,1.16,0.98,2.71,274.963,203.4712,578.1333,0.4280442804428044,0.36162361623616235,2.1399999999999997,578.1333
Oregon,2020,1.13,1.04,2.71,267.8519,215.9286,578.1333,0.4169741697416974,0.3837638376383764,2.17,578.1333
Oregon,2021,1.1,1.04,2.81,260.7407,215.9286,599.4667,0.3914590747330961,0.37010676156583633,2.14,599.4667
Oregon,2022,1.21,1.02,2.8,286.8148,211.7762,597.3333,0.43214285714285716,0.3642857142857143,2.23,597.3333
Oregon,2023,1.32,1.0,2.88,312.8889,207.6237,614.4,0.45833333333333337,0.3472222222222222,2.3200000000000003,614.4
Pennsylvania,1977,1.34,0.74,2.27,317.6296,153.6415,484.2667,0.5903083700440529,0.32599118942731276,2.08,484.2667
Pennsylvania,1978,1.35,0.73,2.3,320.0,151.5653,490.6667,0.5869565217391305,0.3173913043478261,2.08,490.6667
Pennsylvania,1979,1.4,0.72,2.34,331.8519,149.4891,499.2,0.5982905982905983,0.3076923076923077,2.12,499.2
Pennsylvania,1980,1.45,0.71,2.39,343.7037,147.4128,509.8667,0.606694560669456,0.2970711297071129,2.16,509.8667
Pennsylvania,1981,1.42,0.72,2.38,336.5926,149.4891,507.7333,0.5966386554621849,0.3025210084033613,2.1399999999999997,507.7333
Pennsylvania,1982,1.44,0.7,2.37,341.3333,145.3366,505.6,0.6075949367088607,0.2953586497890295,2.1399999999999997,505.6
Pennsylvania,1983,1.41,0.67,2.31,334.2222,139.1079,492.8,0.6103896103896104,0.29004329004329005,2.08,492.8
Pennsylvania,1984,1.38,0.67,2.26,327.1111,139.1079,482.1333,0.6106194690265487,0.2964601769911505,2.05,482.1333
Pennsylvania,1985,1.38,0.65,2.23,327.1111,134.9554,475.7333,0.6188340807174888,0.2914798206278027,2.03,475.7333
Pennsylvania,1986,1.4,0.64,2.25,331.8519,132.8792,480.0,0.6222222222222222,0.28444444444444444,2.04,480.0
Pennsylvania,1987,1.4,0.62,2.22,331.8519,128.7267,473.6,0.6306306306306305,0.27927927927927926,2.02,473.6
Pennsylvania,1988,1.41,0.54,2.14,334.2222,112.1168,456.5333,0.6588785046728971,0.25233644859813087,1.95,456.5333
Pennsylvania,1989,1.38,0.57,2.13,327.1111,118.3455,454.4,0.647887323943662,0.2676056338028169,1.9499999999999997,454.4
Pennsylvania,1990,1.42,0.55,2.15,336.5926,114.193,458.6667,0.6604651162790698,0.2558139534883721,1.97,458.6667
Pennsylvania,1991,1.36,0.52,2.05,322.3704,107.9643,437.3333,0.6634146341463416,0.25365853658536586,1.8800000000000001,437.3333
Pennsylvania,1992,1.3,0.51,1.99,308.1481,105.8881,424.5333,0.6532663316582915,0.2562814070351759,1.81,424.5333
Pennsylvania,1993,1.31,0.48,1.96,310.5185,99.6594,418.1333,0.6683673469387755,0.24489795918367346,1.79,418.1333
Pennsylvania,1994,1.28,0.47,1.93,303.4074,97.5831,411.7333,0.6632124352331606,0.24352331606217617,1.75,411.7333
Pennsylvania,1995,1.26,0.45,1.88,298.6667,93.4307,401.0667,0.6702127659574468,0.2393617021276596,1.71,401.0667
Pennsylvania,1996,1.26,0.45,1.88,298.6667,93.4307,401.0667,0.6702127659574468,0.2393617021276596,1.71,401.0667
Pennsylvania,1997,1.33,0.45,1.95,315.2593,93.4307,416.0,0.6820512820512821,0.23076923076923078,1.78,416.0
Pennsylvania,1998,1.21,0.45,1.85,286.8148,93.4307,394.6667,0.654054054054054,0.24324324324324323,1.66,394.6667
Pennsylvania,1999,1.27,0.46,1.92,301.037,95.5069,409.6,0.6614583333333334,0.23958333333333334,1.73,409.6
Pennsylvania,2000,1.29,0.47,1.96,305.7778,97.5831,418.1333,0.6581632653061225,0.23979591836734693,1.76,418.1333
Pennsylvania,2001,1.33,0.48,2.02,315.2593,99.6594,430.9333,0.6584158415841584,0.2376237623762376,1.81,430.9333
Pennsylvania,2002,1.35,0.49,2.06,320.0,101.7356,439.4667,0.6553398058252428,0.2378640776699029,1.84,439.4667
Pennsylvania,2003,1.31,0.51,2.04,310.5185,105.8881,435.2,0.6421568627450981,0.25,1.82,435.2
Pennsylvania,2004,1.3,0.53,2.06,308.1481,110.0406,439.4667,0.6310679611650486,0.25728155339805825,1.83,439.4667
Pennsylvania,2005,1.32,0.55,2.11,312.8889,114.193,450.1333,0.6255924170616114,0.26066350710900477,1.87,450.1333
Pennsylvania,2006,1.32,0.55,2.1,312.8889,114.193,448.0,0.6285714285714286,0.2619047619047619,1.87,448.0
Pennsylvania,2007,1.35,0.58,2.18,320.0,120.4217,465.0667,0.6192660550458715,0.2660550458715596,1.9300000000000002,465.0667
Pennsylvania,2008,1.36,0.61,2.23,322.3704,126.6504,475.7333,0.609865470852018,0.273542600896861,1.9700000000000002,475.7333
Pennsylvania,2009,1.37,0.63,2.27,324.7407,130.8029,484.2667,0.6035242290748899,0.2775330396475771,2.0,484.2667
Pennsylvania,2010,1.37,0.64,2.3,324.7407,132.8792,490.6667,0.5956521739130436,0.2782608695652174,2.0100000000000002,490.6667
Pennsylvania,2011,1.37,0.66,2.33,324.7407,137.0316,497.0667,0.5879828326180258,0.2832618025751073,2.0300000000000002,497.0667
Pennsylvania,2012,1.36,0.67,2.34,322.3704,139.1079,499.2,0.5811965811965812,0.28632478632478636,2.0300000000000002,499.2
Pennsylvania,2013,1.34,0.68,2.33,317.6296,141.1841,497.0667,0.575107296137339,0.2918454935622318,2.02,497.0667
Pennsylvania,2014,1.32,0.7,2.34,312.8889,145.3366,499.2,0.5641025641025642,0.29914529914529914,2.02,499.2
Pennsylvania,2015,1.31,0.7,2.33,310.5185,145.3366,497.0667,0.5622317596566524,0.3004291845493562,2.01,497.0667
Pennsylvania,2016,1.31,0.72,2.36,310.5185,149.4891,503.4667,0.5550847457627119,0.3050847457627119,2.0300000000000002,503.4667
Pennsylvania,2017,1.3,0.72,2.35,308.1481,149.4891,501.3333,0.5531914893617021,0.30638297872340425,2.02,501.3333
Pennsylvania,2018,1.29,0.72,2.34,305.7778,149.4891,499.2,0.5512820512820513,0.3076923076923077,2.01,499.2
Pennsylvania,2019,1.32,0.74,2.39,312.8889,153.6415,509.8667,0.5523012552301255,0.30962343096234307,2.06,509.8667
Pennsylvania,2020,1.31,0.66,2.29,310.5185,137.0316,488.5333,0.5720524017467249,0.28820960698689957,1.9700000000000002,488.5333
Pennsylvania,2021,1.35,0.8,2.46,320.0,166.0989,524.8,0.5487804878048781,0.3252032520325204,2.1500000000000004,524.8
Pennsylvania,2022,1.34,0.83,2.47,317.6296,172.3277,526.9333,0.5425101214574899,0.33603238866396756,2.17,526.9333
Pennsylvania,2023,1.31,0.85,2.44,310.5185,176.4801,520.5333,0.5368852459016393,0.3483606557377049,2.16,520.5333
Rhode Island,1977,1.35,1.09,2.86,320.0,226.3098,610.1333,0.4720279720279721,0.38111888111888115,2.4400000000000004,610.1333
Rhode Island,1978,1.37,1.13,2.98,324.7407,234.6148,635.7333,0.45973154362416113,0.3791946308724832,2.5,635.7333
Rhode Island,1979,1.42,1.08,2.98,336.5926,224.2336,635.7333,0.47651006711409394,0.36241610738255037,2.5,635.7333
Rhode Island,1980,1.46,1.13,3.13,346.0741,234.6148,667.7333,0.46645367412140576,0.36102236421725237,2.59,667.7333
Rhode Island,1981,1.36,1.04,2.92,322.3704,215.9286,622.9333,0.4657534246575343,0.35616438356164387,2.4000000000000004,622.9333
Rhode Island,1982,1.34,1.04,2.94,317.6296,215.9286,627.2,0.45578231292517013,0.35374149659863946,2.38,627.2
Rhode Island,1983,1.48,1.06,3.04,350.8148,220.0811,648.5333,0.4868421052631579,0.3486842105263158,2.54,648.5333
Rhode Island,1984,1.37,1.03,2.92,324.7407,213.8524,622.9333,0.46917808219178087,0.3527397260273973,2.4000000000000004,622.9333
Rhode Island,1985,1.4,1.03,2.93,331.8519,213.8524,625.0667,0.477815699658703,0.3515358361774744,2.4299999999999997,625.0667
Rhode Island,1986,1.4,0.92,2.85,331.8519,191.0138,608.0,0.49122807017543857,0.32280701754385965,2.32,608.0
Rhode Island,1987,1.39,0.93,2.83,329.4815,193.09,603.7333,0.49116607773851584,0.3286219081272085,2.32,603.7333
Rhode Island,1988,1.38,0.96,2.82,327.1111,199.3187,601.6,0.48936170212765956,0.3404255319148936,2.34,601.6
Rhode Island,1989,1.35,0.86,2.67,320.0,178.5564,569.6,0.5056179775280899,0.32209737827715357,2.21,569.6
Rhode Island,1990,1.31,0.79,2.54,310.5185,164.0227,541.8667,0.515748031496063,0.3110236220472441,2.1,541.8667
Rhode Island,1991,1.33,0.71,2.41,315.2593,147.4128,514.1333,0.5518672199170125,0.29460580912863066,2.04,514.1333
Rhode Island,1992,1.24,0.7,2.33,293.9259,145.3366,497.0667,0.5321888412017167,0.3004291845493562,1.94,497.0667
Rhode Island,1993,1.22,0.69,2.27,289.1852,143.2603,484.2667,0.5374449339207048,0.3039647577092511,1.91,484.2667
Rhode Island,1994,1.23,0.66,2.27,291.5556,137.0316,484.2667,0.5418502202643172,0.29074889867841414,1.8900000000000001,484.2667
Rhode Island,1995,1.18,0.63,2.19,279.7037,130.8029,467.2,0.5388127853881278,0.2876712328767123,1.81,467.2
Rhode Island,1996,1.16,0.66,2.24,274.963,137.0316,477.8667,0.5178571428571428,0.29464285714285715,1.8199999999999998,477.8667
Rhode Island,1997,1.22,0.64,2.3,289.1852,132.8792,490.6667,0.5304347826086957,0.2782608695652174,1.8599999999999999,490.6667
Rhode Island,1998,1.14,0.63,2.24,270.2222,130.8029,477.8667,0.5089285714285713,0.28125,1.77,477.8667
Rhode Island,1999,1.14,0.69,2.29,270.2222,143.2603,488.5333,0.4978165938864628,0.30131004366812225,1.8299999999999998,488.5333
Rhode Island,2000,1.16,0.7,2.31,274.963,145.3366,492.8,0.5021645021645021,0.303030303030303,1.8599999999999999,492.8
Rhode Island,2001,1.19,0.7,2.36,282.0741,145.3366,503.4667,0.5042372881355932,0.2966101694915254,1.89,503.4667
Rhode Island,2002,1.17,0.74,2.4,277.3333,153.6415,512.0,0.4875,0.30833333333333335,1.91,512.0
Rhode Island,2003,1.13,0.8,2.45,267.8519,166.0989,522.6667,0.4612244897959183,0.32653061224489793,1.93,522.6667
Rhode Island,2004,1.13,0.8,2.42,267.8519,166.0989,516.2667,0.4669421487603305,0.3305785123966942,1.93,516.2667
Rhode Island,2005,0.98,0.82,2.29,232.2963,170.2514,488.5333,0.4279475982532751,0.3580786026200873,1.7999999999999998,488.5333
Rhode Island,2006,1.07,0.83,2.41,253.6296,172.3277,514.1333,0.44398340248962653,0.3443983402489626,1.9,514.1333
Rhode Island,2007,1.1,0.82,2.45,260.7407,170.2514,522.6667,0.4489795918367347,0.33469387755102037,1.92,522.6667
Rhode Island,2008,1.09,0.84,2.46,258.3704,174.4039,524.8,0.44308943089430897,0.3414634146341463,1.9300000000000002,524.8
Rhode Island,2009,1.07,0.85,2.47,253.6296,176.4801,526.9333,0.4331983805668016,0.3441295546558704,1.92,526.9333
Rhode Island,2010,1.06,0.92,2.54,251.2593,191.0138,541.8667,0.4173228346456693,0.36220472440944884,1.98,541.8667
Rhode Island,2011,1.04,0.94,2.55,246.5185,195.1663,544.0,0.407843137254902,0.3686274509803922,1.98,544.0
Rhode Island,2012,1.03,0.97,2.58,244.1481,201.395,550.4,0.3992248062015504,0.375968992248062,2.0,550.4
Rhode Island,2013,1.0,0.98,2.56,237.037,203.4712,546.1333,0.390625,0.3828125,1.98,546.1333
Rhode Island,2014,1.01,0.86,2.39,239.4074,178.5564,509.8667,0.4225941422594142,0.3598326359832636,1.87,509.8667
Rhode Island,2015,0.96,0.99,2.52,227.5556,205.5474,537.6,0.38095238095238093,0.39285714285714285,1.95,537.6
Rhode Island,2016,0.94,1.05,2.57,222.8148,218.0049,548.2667,0.3657587548638132,0.40856031128404674,1.99,548.2667
Rhode Island,2017,0.93,1.09,2.6,220.4444,226.3098,554.6667,0.3576923076923077,0.41923076923076924,2.02,554.6667
Rhode Island,2018,0.9,1.15,2.63,213.3333,238.7672,561.0667,0.3422053231939164,0.43726235741444863,2.05,561.0667
Rhode Island,2019,0.87,1.16,2.58,206.2222,240.8435,550.4,0.3372093023255814,0.44961240310077516,2.03,550.4
Rhode Island,2020,0.79,1.28,2.61,187.2593,265.7583,556.8,0.30268199233716475,0.49042145593869735,2.0700000000000003,556.8
Rhode Island,2021,0.82,1.5,2.86,194.3704,311.4355,610.1333,0.2867132867132867,0.5244755244755245,2.32,610.1333
Rhode Island,2022,0.74,1.53,2.79,175.4074,317.6642,595.2,0.26523297491039427,0.5483870967741935,2.27,595.2
Rhode Island,2023,0.68,1.6,2.75,161.1852,332.1979,586.6667,0.24727272727272728,0.5818181818181819,2.2800000000000002,586.6667
South Carolina,1977,1.12,1.09,2.37,265.4815,226.3098,505.6,0.47257383966244726,0.459915611814346,2.21,505.6
South Carolina,1978,1.14,1.15,2.45,270.2222,238.7672,522.6667,0.4653061224489795,0.4693877551020407,2.29,522.6667
South Carolina,1979,1.18,1.12,2.45,279.7037,232.5385,522.6667,0.48163265306122444,0.45714285714285713,2.3,522.6667
South Carolina,1980,1.22,1.06,2.45,289.1852,220.0811,522.6667,0.49795918367346936,0.43265306122448977,2.2800000000000002,522.6667
South Carolina,1981,1.24,1.04,2.48,293.9259,215.9286,529.0667,0.5,0.41935483870967744,2.2800000000000002,529.0667
South Carolina,1982,1.23,0.99,2.43,291.5556,205.5474,518.4,0.5061728395061728,0.4074074074074074,2.2199999999999998,518.4
South Carolina,1983,1.27,1.02,2.49,301.037,211.7762,531.2,0.5100401606425703,0.40963855421686746,2.29,531.2
South Carolina,1984,1.27,1.01,2.52,301.037,209.6999,537.6,0.503968253968254,0.4007936507936508,2.2800000000000002,537.6
South Carolina,1985,1.28,1.0,2.53,303.4074,207.6237,539.7333,0.5059288537549408,0.3952569169960475,2.2800000000000002,539.7333
South Carolina,1986,1.31,0.93,2.52,310.5185,193.09,537.6,0.5198412698412699,0.36904761904761907,2.24,537.6
South Carolina,1987,1.35,0.89,2.52,320.0,184.7851,537.6,0.5357142857142857,0.3531746031746032,2.24,537.6
South Carolina,1988,1.38,0.9,2.54,327.1111,186.8613,541.8667,0.5433070866141732,0.3543307086614173,2.28,541.8667
South Carolina,1989,1.39,0.86,2.49,329.4815,178.5564,531.2,0.5582329317269076,0.34538152610441764,2.25,531.2
South Carolina,1990,1.44,0.92,2.61,341.3333,191.0138,556.8,0.5517241379310345,0.35249042145593873,2.36,556.8
South Carolina,1991,1.34,0.84,2.41,317.6296,174.4039,514.1333,0.5560165975103735,0.34854771784232363,2.18,514.1333
South Carolina,1992,1.34,0.79,2.33,317.6296,164.0227,497.0667,0.575107296137339,0.33905579399141633,2.13,497.0667
South Carolina,1993,1.36,0.75,2.3,322.3704,155.7178,490.6667,0.5913043478260871,0.32608695652173914,2.1100000000000003,490.6667
South Carolina,1994,1.38,0.74,2.29,327.1111,153.6415,488.5333,0.6026200873362445,0.3231441048034934,2.12,488.5333
South Carolina,1995,1.33,0.68,2.2,315.2593,141.1841,469.3333,0.6045454545454545,0.3090909090909091,2.0100000000000002,469.3333
South Carolina,1996,1.38,0.71,2.3,327.1111,147.4128,490.6667,0.6,0.30869565217391304,2.09,490.6667
South Carolina,1997,1.48,0.71,2.4,350.8148,147.4128,512.0,0.6166666666666667,0.29583333333333334,2.19,512.0
South Carolina,1998,1.44,0.72,2.37,341.3333,149.4891,505.6,0.6075949367088607,0.30379746835443033,2.16,505.6
South Carolina,1999,1.48,0.72,2.41,350.8148,149.4891,514.1333,0.6141078838174273,0.2987551867219917,2.2,514.1333
South Carolina,2000,1.49,0.72,2.43,353.1852,149.4891,518.4,0.6131687242798354,0.2962962962962963,2.21,518.4
South Carolina,2001,1.4,0.65,2.27,331.8519,134.9554,484.2667,0.6167400881057268,0.28634361233480177,2.05,484.2667
South Carolina,2002,1.4,0.67,2.3,331.8519,139.1079,490.6667,0.6086956521739131,0.291304347826087,2.07,490.6667
South Carolina,2003,1.38,0.74,2.35,327.1111,153.6415,501.3333,0.5872340425531914,0.3148936170212766,2.12,501.3333
South Carolina,2004,1.39,0.76,2.38,329.4815,157.794,507.7333,0.5840336134453782,0.319327731092437,2.15,507.7333
South Carolina,2005,1.43,0.75,2.42,338.963,155.7178,516.2667,0.5909090909090909,0.30991735537190085,2.1799999999999997,516.2667
South Carolina,2006,1.45,0.76,2.45,343.7037,157.794,522.6667,0.5918367346938775,0.31020408163265306,2.21,522.6667
South Carolina,2007,1.42,0.76,2.42,336.5926,157.794,516.2667,0.5867768595041322,0.3140495867768595,2.1799999999999997,516.2667
South Carolina,2008,1.39,0.76,2.4,329.4815,157.794,512.0,0.5791666666666666,0.3166666666666667,2.15,512.0
South Carolina,2009,1.35,0.76,2.34,320.0,157.794,499.2,0.576923076923077,0.3247863247863248,2.1100000000000003,499.2
South Carolina,2010,1.31,0.76,2.31,310.5185,157.794,492.8,0.5670995670995671,0.329004329004329,2.0700000000000003,492.8
South Carolina,2011,1.29,0.78,2.31,305.7778,161.9465,492.8,0.5584415584415584,0.33766233766233766,2.0700000000000003,492.8
South Carolina,2012,1.28,0.79,2.32,303.4074,164.0227,494.9333,0.5517241379310346,0.3405172413793104,2.0700000000000003,494.9333
South Carolina,2013,1.26,0.8,2.31,298.6667,166.0989,492.8,0.5454545454545454,0.3463203463203463,2.06,492.8
South Carolina,2014,1.23,0.8,2.28,291.5556,166.0989,486.4,0.5394736842105263,0.3508771929824562,2.0300000000000002,486.4
South Carolina,2015,1.21,0.79,2.25,286.8148,164.0227,480.0,0.5377777777777778,0.35111111111111115,2.0,480.0
South Carolina,2016,1.18,0.8,2.23,279.7037,166.0989,475.7333,0.5291479820627802,0.3587443946188341,1.98,475.7333
South Carolina,2017,1.14,0.8,2.19,270.2222,166.0989,467.2,0.5205479452054794,0.36529680365296807,1.94,467.2
South Carolina,2018,1.11,0.8,2.16,263.1111,166.0989,460.8,0.513888888888889,0.37037037037037035,1.9100000000000001,460.8
South Carolina,2019,1.08,0.81,2.14,256.0,168.1752,456.5333,0.5046728971962617,0.37850467289719625,1.8900000000000001,456.5333
South Carolina,2020,1.08,0.84,2.16,256.0,174.4039,460.8,0.5,0.38888888888888884,1.92,460.8
South Carolina,2021,1.06,0.88,2.19,251.2593,182.7088,467.2,0.4840182648401827,0.4018264840182649,1.94,467.2
South Carolina,2022,1.01,0.88,2.13,239.4074,182.7088,454.4,0.47417840375586856,0.4131455399061033,1.8900000000000001,454.4
South Carolina,2023,0.94,0.86,2.03,222.8148,178.5564,433.0667,0.46305418719211827,0.4236453201970444,1.7999999999999998,433.0667
South Dakota,1977,1.16,1.07,2.39,274.963,222.1573,509.8667,0.4853556485355648,0.4476987447698745,2.23,509.8667
South Dakota,1978,1.2,1.05,2.42,284.4444,218.0049,516.2667,0.49586776859504134,0.4338842975206612,2.25,516.2667
South Dakota,1979,1.23,1.04,2.44,291.5556,215.9286,520.5333,0.5040983606557377,0.42622950819672134,2.27,520.5333
South Dakota,1980,1.3,1.07,2.56,308.1481,222.1573,546.1333,0.5078125,0.41796875,2.37,546.1333
South Dakota,1981,1.31,1.04,2.54,310.5185,215.9286,541.8667,0.515748031496063,0.4094488188976378,2.35,541.8667
South Dakota,1982,1.29,0.97,2.44,305.7778,201.395,520.5333,0.5286885245901639,0.3975409836065574,2.26,520.5333
South Dakota,1983,1.31,0.96,2.44,310.5185,199.3187,520.5333,0.5368852459016393,0.39344262295081966,2.27,520.5333
South Dakota,1984,1.28,0.9,2.35,303.4074,186.8613,501.3333,0.5446808510638298,0.3829787234042553,2.18,501.3333
South Dakota,1985,1.23,0.95,2.35,291.5556,197.2425,501.3333,0.5234042553191489,0.40425531914893614,2.1799999999999997,501.3333
South Dakota,1986,1.26,0.83,2.29,298.6667,172.3277,488.5333,0.5502183406113537,0.36244541484716153,2.09,488.5333
South Dakota,1987,1.27,0.81,2.28,301.037,168.1752,486.4,0.5570175438596492,0.3552631578947369,2.08,486.4
South Dakota,1988,1.25,0.79,2.21,296.2963,164.0227,471.4667,0.5656108597285068,0.3574660633484163,2.04,471.4667
South Dakota,1989,1.3,0.72,2.17,308.1481,149.4891,462.9333,0.599078341013825,0.3317972350230415,2.02,462.9333
South Dakota,1990,1.36,0.8,2.34,322.3704,166.0989,499.2,0.5811965811965812,0.34188034188034194,2.16,499.2
South Dakota,1991,1.37,0.76,2.27,324.7407,157.794,484.2667,0.6035242290748899,0.33480176211453744,2.13,484.2667
South Dakota,1992,1.37,0.74,2.26,324.7407,153.6415,482.1333,0.6061946902654868,0.3274336283185841,2.1100000000000003,482.1333
South Dakota,1993,1.35,0.73,2.2,320.0,151.5653,469.3333,0.6136363636363636,0.3318181818181818,2.08,469.3333
South Dakota,1994,1.38,0.73,2.24,327.1111,151.5653,477.8667,0.6160714285714285,0.3258928571428571,2.11,477.8667
South Dakota,1995,1.35,0.73,2.21,320.0,151.5653,471.4667,0.6108597285067874,0.33031674208144796,2.08,471.4667
South Dakota,1996,1.33,0.68,2.15,315.2593,141.1841,458.6667,0.6186046511627907,0.3162790697674419,2.0100000000000002,458.6667
South Dakota,1997,1.33,0.69,2.15,315.2593,143.2603,458.6667,0.6186046511627907,0.3209302325581395,2.02,458.6667
South Dakota,1998,1.41,0.68,2.23,334.2222,141.1841,475.7333,0.632286995515695,0.304932735426009,2.09,475.7333
South Dakota,1999,1.43,0.7,2.27,338.963,145.3366,484.2667,0.6299559471365639,0.3083700440528634,2.13,484.2667
South Dakota,2000,1.46,0.69,2.3,346.0741,143.2603,490.6667,0.6347826086956522,0.3,2.15,490.6667
South Dakota,2001,1.49,0.71,2.35,353.1852,147.4128,501.3333,0.6340425531914894,0.3021276595744681,2.2,501.3333
South Dakota,2002,1.51,0.67,2.34,357.9259,139.1079,499.2,0.6452991452991453,0.28632478632478636,2.18,499.2
South Dakota,2003,1.52,0.74,2.41,360.2963,153.6415,514.1333,0.6307053941908713,0.30705394190871366,2.26,514.1333
South Dakota,2004,1.51,0.76,2.45,357.9259,157.794,522.6667,0.6163265306122448,0.31020408163265306,2.27,522.6667
South Dakota,2005,1.5,0.83,2.52,355.5556,172.3277,537.6,0.5952380952380952,0.32936507936507936,2.33,537.6
South Dakota,2006,1.51,0.79,2.5,357.9259,164.0227,533.3333,0.604,0.316,2.3,533.3333
South Dakota,2007,1.52,0.87,2.61,360.2963,180.6326,556.8,0.5823754789272031,0.33333333333333337,2.39,556.8
South Dakota,2008,1.57,0.87,2.66,372.1481,180.6326,567.4667,0.5902255639097744,0.3270676691729323,2.44,567.4667
South Dakota,2009,1.54,0.89,2.65,365.037,184.7851,565.3333,0.5811320754716981,0.3358490566037736,2.43,565.3333
South Dakota,2010,1.53,0.92,2.69,362.6667,191.0138,573.8667,0.5687732342007435,0.34200743494423796,2.45,573.8667
South Dakota,2011,1.52,0.97,2.77,360.2963,201.395,590.9333,0.5487364620938628,0.35018050541516244,2.49,590.9333
South Dakota,2012,1.54,0.96,2.76,365.037,199.3187,588.8,0.5579710144927537,0.34782608695652173,2.5,588.8
South Dakota,2013,1.53,1.02,2.82,362.6667,211.7762,601.6,0.5425531914893618,0.3617021276595745,2.55,601.6
South Dakota,2014,1.5,0.99,2.75,355.5556,205.5474,586.6667,0.5454545454545454,0.36,2.49,586.6667
South Dakota,2015,1.49,1.03,2.81,353.1852,213.8524,599.4667,0.5302491103202847,0.3665480427046263,2.52,599.4667
South Dakota,2016,1.46,1.1,2.88,346.0741,228.3861,614.4,0.5069444444444444,0.3819444444444445,2.56,614.4
South Dakota,2017,1.53,1.02,2.85,362.6667,211.7762,608.0,0.5368421052631579,0.35789473684210527,2.55,608.0
South Dakota,2018,1.37,0.77,2.37,324.7407,159.8702,505.6,0.5780590717299579,0.32489451476793246,2.14,505.6
South Dakota,2019,1.35,0.77,2.35,320.0,159.8702,501.3333,0.574468085106383,0.3276595744680851,2.12,501.3333
South Dakota,2020,1.34,0.78,2.35,317.6296,161.9465,501.3333,0.5702127659574469,0.33191489361702126,2.12,501.3333
South Dakota,2021,1.33,0.8,2.35,315.2593,166.0989,501.3333,0.5659574468085107,0.3404255319148936,2.13,501.3333
South Dakota,2022,1.26,0.8,2.26,298.6667,166.0989,482.1333,0.5575221238938054,0.3539823008849558,2.06,482.1333
South Dakota,2023,1.19,0.77,2.16,282.0741,159.8702,460.8,0.5509259259259258,0.35648148148148145,1.96,460.8
South Region,1977,1.21,0.98,2.37,286.8148,203.4712,505.6,0.510548523206751,0.41350210970464135,2.19,505.6
South Region,1978,1.25,1.0,2.44,296.2963,207.6237,520.5333,0.5122950819672131,0.4098360655737705,2.25,520.5333
South Region,1979,1.27,0.99,2.46,301.037,205.5474,524.8,0.516260162601626,0.4024390243902439,2.26,524.8
South Region,1980,1.3,0.97,2.5,308.1481,201.395,533.3333,0.52,0.388,2.27,533.3333
South Region,1981,1.36,0.98,2.58,322.3704,203.4712,550.4,0.5271317829457365,0.3798449612403101,2.34,550.4
South Region,1982,1.37,0.94,2.54,324.7407,195.1663,541.8667,0.5393700787401575,0.37007874015748027,2.31,541.8667
South Region,1983,1.36,0.91,2.52,322.3704,188.9376,537.6,0.5396825396825398,0.3611111111111111,2.27,537.6
South Region,1984,1.34,0.9,2.51,317.6296,186.8613,535.4667,0.5338645418326694,0.35856573705179284,2.24,535.4667
South Region,1985,1.34,0.86,2.47,317.6296,178.5564,526.9333,0.5425101214574899,0.3481781376518218,2.2,526.9333
South Region,1986,1.36,0.79,2.43,322.3704,164.0227,518.4,0.5596707818930041,0.32510288065843623,2.1500000000000004,518.4
South Region,1987,1.34,0.77,2.39,317.6296,159.8702,509.8667,0.5606694560669456,0.32217573221757323,2.1100000000000003,509.8667
South Region,1988,1.34,0.74,2.35,317.6296,153.6415,501.3333,0.5702127659574469,0.3148936170212766,2.08,501.3333
South Region,1989,1.33,0.74,2.33,315.2593,153.6415,497.0667,0.5708154506437768,0.31759656652360513,2.0700000000000003,497.0667
South Region,1990,1.36,0.74,2.36,322.3704,153.6415,503.4667,0.576271186440678,0.3135593220338983,2.1,503.4667
South Region,1991,1.31,0.69,2.23,310.5185,143.2603,475.7333,0.5874439461883408,0.3094170403587444,2.0,475.7333
South Region,1992,1.33,0.69,2.26,315.2593,143.2603,482.1333,0.5884955752212391,0.30530973451327437,2.02,482.1333
South Region,1993,1.33,0.66,2.2,315.2593,137.0316,469.3333,0.6045454545454545,0.3,1.9900000000000002,469.3333
South Region,1994,1.31,0.64,2.16,310.5185,132.8792,460.8,0.6064814814814815,0.2962962962962963,1.9500000000000002,460.8
South Region,1995,1.29,0.61,2.12,305.7778,126.6504,452.2667,0.6084905660377359,0.28773584905660377,1.9,452.2667
South Region,1996,1.3,0.61,2.15,308.1481,126.6504,458.6667,0.6046511627906977,0.2837209302325581,1.9100000000000001,458.6667
South Region,1997,1.3,0.6,2.13,308.1481,124.5742,454.4,0.6103286384976526,0.28169014084507044,1.9,454.4
South Region,1998,1.3,0.6,2.13,308.1481,124.5742,454.4,0.6103286384976526,0.28169014084507044,1.9,454.4
South Region,1999,1.3,0.6,2.15,308.1481,124.5742,458.6667,0.6046511627906977,0.27906976744186046,1.9,458.6667
South Region,2000,1.3,0.61,2.17,308.1481,126.6504,462.9333,0.599078341013825,0.28110599078341014,1.9100000000000001,462.9333
South Region,2001,1.29,0.6,2.14,305.7778,124.5742,456.5333,0.602803738317757,0.2803738317757009,1.8900000000000001,456.5333
South Region,2002,1.28,0.62,2.16,303.4074,128.7267,460.8,0.5925925925925926,0.28703703703703703,1.9,460.8
South Region,2003,1.27,0.64,2.18,301.037,132.8792,465.0667,0.5825688073394495,0.2935779816513761,1.9100000000000001,465.0667
South Region,2004,1.27,0.64,2.19,301.037,132.8792,467.2,0.5799086757990868,0.29223744292237447,1.9100000000000001,467.2
South Region,2005,1.26,0.65,2.2,298.6667,134.9554,469.3333,0.5727272727272726,0.2954545454545454,1.9100000000000001,469.3333
South Region,2006,1.27,0.67,2.23,301.037,139.1079,475.7333,0.5695067264573991,0.3004484304932736,1.94,475.7333
South Region,2007,1.26,0.68,2.24,298.6667,141.1841,477.8667,0.5625,0.30357142857142855,1.94,477.8667
South Region,2008,1.25,0.68,2.23,296.2963,141.1841,475.7333,0.5605381165919282,0.304932735426009,1.9300000000000002,475.7333
South Region,2009,1.21,0.69,2.21,286.8148,143.2603,471.4667,0.5475113122171945,0.31221719457013575,1.9,471.4667
South Region,2010,1.17,0.7,2.19,277.3333,145.3366,467.2,0.5342465753424658,0.319634703196347,1.8699999999999999,467.2
South Region,2011,1.16,0.71,2.21,274.963,147.4128,471.4667,0.5248868778280543,0.3212669683257918,1.8699999999999999,471.4667
South Region,2012,1.18,0.73,2.25,279.7037,151.5653,480.0,0.5244444444444444,0.3244444444444444,1.91,480.0
South Region,2013,1.16,0.74,2.24,274.963,153.6415,477.8667,0.5178571428571428,0.33035714285714285,1.9,477.8667
South Region,2014,1.11,0.75,2.22,263.1111,155.7178,473.6,0.5,0.33783783783783783,1.86,473.6
South Region,2015,1.12,0.77,2.24,265.4815,159.8702,477.8667,0.5,0.34375,1.8900000000000001,477.8667
South Region,2016,1.11,0.79,2.27,263.1111,164.0227,484.2667,0.4889867841409692,0.3480176211453745,1.9000000000000001,484.2667
South Region,2017,1.09,0.8,2.26,258.3704,166.0989,482.1333,0.4823008849557523,0.3539823008849558,1.8900000000000001,482.1333
South Region,2018,1.06,0.81,2.23,251.2593,168.1752,475.7333,0.4753363228699552,0.36322869955156956,1.87,475.7333
South Region,2019,1.05,0.84,2.26,248.8889,174.4039,482.1333,0.4646017699115045,0.37168141592920356,1.8900000000000001,482.1333
South Region,2020,1.06,0.9,2.35,251.2593,186.8613,501.3333,0.451063829787234,0.3829787234042553,1.96,501.3333
South Region,2021,1.07,0.98,2.44,253.6296,203.4712,520.5333,0.43852459016393447,0.4016393442622951,2.05,520.5333
South Region,2022,1.02,1.0,2.39,241.7778,207.6237,509.8667,0.42677824267782427,0.41841004184100417,2.02,509.8667
South Region,2023,0.98,1.0,2.35,232.2963,207.6237,501.3333,0.41702127659574467,0.425531914893617,1.98,501.3333
Tennessee,1977,1.07,0.69,1.86,253.6296,143.2603,396.8,0.5752688172043011,0.3709677419354838,1.76,396.8
Tennessee,1978,1.12,0.7,1.93,265.4815,145.3366,411.7333,0.5803108808290156,0.3626943005181347,1.82,411.7333
Tennessee,1979,1.1,0.7,1.91,260.7407,145.3366,407.4667,0.5759162303664922,0.36649214659685864,1.8,407.4667
Tennessee,1980,1.1,0.69,1.91,260.7407,143.2603,407.4667,0.5759162303664922,0.3612565445026178,1.79,407.4667
Tennessee,1981,1.14,0.71,1.98,270.2222,147.4128,422.4,0.5757575757575757,0.35858585858585856,1.8499999999999999,422.4
Tennessee,1982,1.13,0.7,1.97,267.8519,145.3366,420.2667,0.5736040609137055,0.35532994923857864,1.8299999999999998,420.2667
Tennessee,1983,1.11,0.7,1.95,263.1111,145.3366,416.0,0.5692307692307693,0.358974358974359,1.81,416.0
Tennessee,1984,1.11,0.7,1.97,263.1111,145.3366,420.2667,0.5634517766497462,0.35532994923857864,1.81,420.2667
Tennessee,1985,1.12,0.68,1.97,265.4815,141.1841,420.2667,0.5685279187817259,0.3451776649746193,1.8000000000000003,420.2667
Tennessee,1986,1.18,0.63,1.98,279.7037,130.8029,422.4,0.5959595959595959,0.3181818181818182,1.81,422.4
Tennessee,1987,1.19,0.63,1.97,282.0741,130.8029,420.2667,0.6040609137055838,0.3197969543147208,1.8199999999999998,420.2667
Tennessee,1988,1.22,0.61,1.97,289.1852,126.6504,420.2667,0.6192893401015228,0.3096446700507614,1.83,420.2667
Tennessee,1989,1.2,0.6,1.93,284.4444,124.5742,411.7333,0.6217616580310881,0.31088082901554404,1.7999999999999998,411.7333
Tennessee,1990,1.22,0.6,1.96,289.1852,124.5742,418.1333,0.6224489795918368,0.30612244897959184,1.8199999999999998,418.1333
Tennessee,1991,1.19,0.54,1.87,282.0741,112.1168,398.9333,0.6363636363636364,0.2887700534759358,1.73,398.9333
Tennessee,1992,1.21,0.56,1.9,286.8148,116.2693,405.3333,0.6368421052631579,0.2947368421052632,1.77,405.3333
Tennessee,1993,1.2,0.54,1.87,284.4444,112.1168,398.9333,0.641711229946524,0.2887700534759358,1.74,398.9333
Tennessee,1994,1.18,0.53,1.86,279.7037,110.0406,396.8,0.6344086021505375,0.2849462365591398,1.71,396.8
Tennessee,1995,1.17,0.51,1.83,277.3333,105.8881,390.4,0.6393442622950819,0.2786885245901639,1.68,390.4
Tennessee,1996,1.14,0.51,1.8,270.2222,105.8881,384.0,0.6333333333333333,0.2833333333333333,1.65,384.0
Tennessee,1997,1.15,0.5,1.8,272.5926,103.8118,384.0,0.6388888888888888,0.2777777777777778,1.65,384.0
Tennessee,1998,1.19,0.5,1.84,282.0741,103.8118,392.5333,0.6467391304347826,0.2717391304347826,1.69,392.5333
Tennessee,1999,1.19,0.49,1.83,282.0741,101.7356,390.4,0.6502732240437158,0.26775956284153,1.68,390.4
Tennessee,2000,1.19,0.51,1.85,282.0741,105.8881,394.6667,0.6432432432432432,0.2756756756756757,1.7,394.6667
Tennessee,2001,1.15,0.5,1.81,272.5926,103.8118,386.1333,0.6353591160220994,0.27624309392265195,1.65,386.1333
Tennessee,2002,1.17,0.51,1.86,277.3333,105.8881,396.8,0.629032258064516,0.27419354838709675,1.68,396.8
Tennessee,2003,1.27,0.52,1.96,301.037,107.9643,418.1333,0.6479591836734694,0.2653061224489796,1.79,418.1333
Tennessee,2004,1.22,0.53,1.93,289.1852,110.0406,411.7333,0.6321243523316062,0.2746113989637306,1.75,411.7333
Tennessee,2005,1.19,0.55,1.92,282.0741,114.193,409.6,0.6197916666666666,0.28645833333333337,1.74,409.6
Tennessee,2006,1.14,0.56,1.89,270.2222,116.2693,403.2,0.6031746031746031,0.29629629629629634,1.7,403.2
Tennessee,2007,1.13,0.56,1.9,267.8519,116.2693,405.3333,0.5947368421052631,0.2947368421052632,1.69,405.3333
Tennessee,2008,1.1,0.57,1.87,260.7407,118.3455,398.9333,0.5882352941176471,0.30481283422459887,1.67,398.9333
Tennessee,2009,1.05,0.57,1.83,248.8889,118.3455,390.4,0.5737704918032787,0.31147540983606553,1.62,390.4
Tennessee,2010,1.04,0.61,1.88,246.5185,126.6504,401.0667,0.5531914893617021,0.324468085106383,1.65,401.0667
Tennessee,2011,1.13,0.66,2.04,267.8519,137.0316,435.2,0.5539215686274509,0.3235294117647059,1.79,435.2
Tennessee,2012,1.07,0.68,2.0,253.6296,141.1841,426.6667,0.535,0.34,1.75,426.6667
Tennessee,2013,1.05,0.7,2.0,248.8889,145.3366,426.6667,0.525,0.35,1.75,426.6667
Tennessee,2014,1.04,0.73,2.02,246.5185,151.5653,430.9333,0.5148514851485149,0.3613861386138614,1.77,430.9333
Tennessee,2015,1.04,0.76,2.06,246.5185,157.794,439.4667,0.5048543689320388,0.36893203883495146,1.8,439.4667
Tennessee,2016,1.02,0.79,2.14,241.7778,164.0227,456.5333,0.4766355140186916,0.3691588785046729,1.81,456.5333
Tennessee,2017,0.99,0.81,2.11,234.6667,168.1752,450.1333,0.46919431279620855,0.38388625592417064,1.8,450.1333
Tennessee,2018,0.98,0.84,2.14,232.2963,174.4039,456.5333,0.4579439252336448,0.3925233644859813,1.8199999999999998,456.5333
Tennessee,2019,0.98,0.88,2.19,232.2963,182.7088,467.2,0.4474885844748858,0.4018264840182649,1.8599999999999999,467.2
Tennessee,2020,0.97,0.98,2.3,229.9259,203.4712,490.6667,0.4217391304347826,0.42608695652173917,1.95,490.6667
Tennessee,2021,1.02,1.06,2.43,241.7778,220.0811,518.4,0.41975308641975306,0.43621399176954734,2.08,518.4
Tennessee,2022,1.02,1.07,2.42,241.7778,222.1573,516.2667,0.42148760330578516,0.44214876033057854,2.09,516.2667
Tennessee,2023,0.96,1.07,2.36,227.5556,222.1573,503.4667,0.4067796610169492,0.45338983050847464,2.0300000000000002,503.4667
Texas,1977,1.59,0.78,2.51,376.8889,161.9465,535.4667,0.6334661354581674,0.31075697211155384,2.37,535.4667
Texas,1978,1.64,0.82,2.6,388.7407,170.2514,554.6667,0.6307692307692307,0.3153846153846154,2.46,554.6667
Texas,1979,1.7,0.84,2.68,402.963,174.4039,571.7333,0.6343283582089552,0.3134328358208955,2.54,571.7333
Texas,1980,1.75,0.8,2.77,414.8148,166.0989,590.9333,0.631768953068592,0.2888086642599278,2.55,590.9333
Texas,1981,1.84,0.85,2.94,436.1481,176.4801,627.2,0.6258503401360545,0.2891156462585034,2.69,627.2
Texas,1982,1.83,0.84,2.84,433.7778,174.4039,605.8667,0.6443661971830986,0.29577464788732394,2.67,605.8667
Texas,1983,1.72,0.79,2.78,407.7037,164.0227,593.0667,0.6187050359712231,0.2841726618705036,2.51,593.0667
Texas,1984,1.73,0.79,2.8,410.0741,164.0227,597.3333,0.6178571428571429,0.2821428571428572,2.52,597.3333
Texas,1985,1.68,0.73,2.71,398.2222,151.5653,578.1333,0.6199261992619925,0.2693726937269373,2.41,578.1333
Texas,1986,1.67,0.65,2.63,395.8519,134.9554,561.0667,0.6349809885931559,0.24714828897338406,2.32,561.0667
Texas,1987,1.62,0.61,2.52,384.0,126.6504,537.6,0.6428571428571429,0.24206349206349206,2.23,537.6
Texas,1988,1.61,0.59,2.47,381.6296,122.498,526.9333,0.6518218623481781,0.23886639676113358,2.2,526.9333
Texas,1989,1.62,0.58,2.46,384.0,120.4217,524.8,0.6585365853658537,0.23577235772357721,2.2,524.8
Texas,1990,1.64,0.58,2.47,388.7407,120.4217,526.9333,0.6639676113360323,0.23481781376518215,2.2199999999999998,526.9333
Texas,1991,1.6,0.55,2.4,379.2593,114.193,512.0,0.6666666666666667,0.22916666666666669,2.1500000000000004,512.0
Texas,1992,1.65,0.55,2.45,391.1111,114.193,522.6667,0.6734693877551019,0.22448979591836735,2.2,522.6667
Texas,1993,1.6,0.53,2.33,379.2593,110.0406,497.0667,0.6866952789699571,0.2274678111587983,2.13,497.0667
Texas,1994,1.6,0.51,2.31,379.2593,105.8881,492.8,0.6926406926406926,0.22077922077922077,2.1100000000000003,492.8
Texas,1995,1.58,0.5,2.27,374.5185,103.8118,484.2667,0.696035242290749,0.22026431718061673,2.08,484.2667
Texas,1996,1.57,0.49,2.26,372.1481,101.7356,482.1333,0.6946902654867257,0.2168141592920354,2.06,482.1333
Texas,1997,1.56,0.47,2.22,369.7778,97.5831,473.6,0.7027027027027026,0.2117117117117117,2.0300000000000002,473.6
Texas,1998,1.52,0.5,2.21,360.2963,103.8118,471.4667,0.6877828054298643,0.22624434389140272,2.02,471.4667
Texas,1999,1.54,0.49,2.23,365.037,101.7356,475.7333,0.6905829596412556,0.21973094170403587,2.0300000000000002,475.7333
Texas,2000,1.53,0.5,2.25,362.6667,103.8118,480.0,0.68,0.2222222222222222,2.0300000000000002,480.0
Texas,2001,1.51,0.49,2.21,357.9259,101.7356,471.4667,0.6832579185520362,0.22171945701357465,2.0,471.4667
Texas,2002,1.49,0.5,2.21,353.1852,103.8118,471.4667,0.6742081447963801,0.22624434389140272,1.99,471.4667
Texas,2003,1.46,0.51,2.19,346.0741,105.8881,467.2,0.6666666666666666,0.23287671232876714,1.97,467.2
Texas,2004,1.45,0.52,2.21,343.7037,107.9643,471.4667,0.6561085972850679,0.23529411764705885,1.97,471.4667
Texas,2005,1.43,0.53,2.2,338.963,110.0406,469.3333,0.6499999999999999,0.2409090909090909,1.96,469.3333
Texas,2006,1.43,0.55,2.24,338.963,114.193,477.8667,0.6383928571428571,0.24553571428571427,1.98,477.8667
Texas,2007,1.41,0.56,2.24,334.2222,116.2693,477.8667,0.6294642857142856,0.25,1.97,477.8667
Texas,2008,1.43,0.58,2.28,338.963,120.4217,486.4,0.6271929824561404,0.2543859649122807,2.01,486.4
Texas,2009,1.41,0.58,2.26,334.2222,120.4217,482.1333,0.6238938053097345,0.25663716814159293,1.9899999999999998,482.1333
Texas,2010,1.35,0.59,2.23,320.0,122.498,475.7333,0.6053811659192826,0.2645739910313901,1.94,475.7333
Texas,2011,1.35,0.61,2.27,320.0,126.6504,484.2667,0.5947136563876653,0.2687224669603524,1.96,484.2667
Texas,2012,1.33,0.63,2.28,315.2593,130.8029,486.4,0.5833333333333334,0.27631578947368424,1.96,486.4
Texas,2013,1.3,0.63,2.25,308.1481,130.8029,480.0,0.5777777777777778,0.28,1.9300000000000002,480.0
Texas,2014,1.25,0.65,2.23,296.2963,134.9554,475.7333,0.5605381165919282,0.2914798206278027,1.9,475.7333
Texas,2015,1.28,0.67,2.28,303.4074,139.1079,486.4,0.5614035087719299,0.29385964912280704,1.9500000000000002,486.4
Texas,2016,1.3,0.69,2.33,308.1481,143.2603,497.0667,0.5579399141630901,0.296137339055794,1.99,497.0667
Texas,2017,1.27,0.72,2.34,301.037,149.4891,499.2,0.5427350427350428,0.3076923076923077,1.99,499.2
Texas,2018,1.21,0.71,2.26,286.8148,147.4128,482.1333,0.5353982300884956,0.3141592920353982,1.92,482.1333
Texas,2019,1.21,0.74,2.28,286.8148,153.6415,486.4,0.5307017543859649,0.32456140350877194,1.95,486.4
Texas,2020,1.25,0.82,2.42,296.2963,170.2514,516.2667,0.5165289256198348,0.33884297520661155,2.07,516.2667
Texas,2021,1.24,0.88,2.47,293.9259,182.7088,526.9333,0.5020242914979757,0.3562753036437247,2.12,526.9333
Texas,2022,1.15,0.89,2.36,272.5926,184.7851,503.4667,0.4872881355932203,0.37711864406779666,2.04,503.4667
Texas,2023,1.15,0.88,2.34,272.5926,182.7088,499.2,0.49145299145299143,0.3760683760683761,2.03,499.2
Us Total,1977,1.27,1.04,2.6,301.037,215.9286,554.6667,0.48846153846153845,0.4,2.31,554.6667
Us Total,1978,1.3,1.05,2.66,308.1481,218.0049,567.4667,0.48872180451127817,0.39473684210526316,2.35,567.4667
Us Total,1979,1.34,1.04,2.7,317.6296,215.9286,576.0,0.4962962962962963,0.3851851851851852,2.38,576.0
Us Total,1980,1.37,1.04,2.75,324.7407,215.9286,586.6667,0.4981818181818182,0.3781818181818182,2.41,586.6667
Us Total,1981,1.39,1.02,2.76,329.4815,211.7762,588.8,0.5036231884057971,0.3695652173913044,2.41,588.8
Us Total,1982,1.38,0.98,2.72,327.1111,203.4712,580.2667,0.5073529411764706,0.36029411764705876,2.36,580.2667
Us Total,1983,1.37,0.96,2.69,324.7407,199.3187,573.8667,0.5092936802973979,0.35687732342007433,2.33,573.8667
Us Total,1984,1.35,0.94,2.65,320.0,195.1663,565.3333,0.5094339622641509,0.35471698113207545,2.29,565.3333
Us Total,1985,1.33,0.91,2.62,315.2593,188.9376,558.9333,0.5076335877862596,0.3473282442748092,2.24,558.9333
Us Total,1986,1.35,0.84,2.58,320.0,174.4039,550.4,0.5232558139534884,0.3255813953488372,2.19,550.4
Us Total,1987,1.34,0.83,2.55,317.6296,172.3277,544.0,0.5254901960784314,0.3254901960784314,2.17,544.0
Us Total,1988,1.33,0.79,2.49,315.2593,164.0227,531.2,0.5341365461847389,0.3172690763052209,2.12,531.2
Us Total,1989,1.32,0.78,2.43,312.8889,161.9465,518.4,0.5432098765432098,0.32098765432098764,2.1,518.4
Us Total,1990,1.34,0.77,2.45,317.6296,159.8702,522.6667,0.5469387755102041,0.3142857142857143,2.1100000000000003,522.6667
Us Total,1991,1.29,0.71,2.3,305.7778,147.4128,490.6667,0.5608695652173914,0.30869565217391304,2.0,490.6667
Us Total,1992,1.29,0.71,2.3,305.7778,147.4128,490.6667,0.5608695652173914,0.30869565217391304,2.0,490.6667
Us Total,1993,1.26,0.68,2.23,298.6667,141.1841,475.7333,0.5650224215246636,0.304932735426009,1.94,475.7333
Us Total,1994,1.25,0.65,2.18,296.2963,134.9554,465.0667,0.573394495412844,0.2981651376146789,1.9,465.0667
Us Total,1995,1.24,0.63,2.15,293.9259,130.8029,458.6667,0.5767441860465117,0.2930232558139535,1.87,458.6667
Us Total,1996,1.23,0.63,2.16,291.5556,130.8029,460.8,0.5694444444444444,0.29166666666666663,1.8599999999999999,460.8
Us Total,1997,1.22,0.62,2.15,289.1852,128.7267,458.6667,0.5674418604651162,0.28837209302325584,1.8399999999999999,458.6667
Us Total,1998,1.22,0.62,2.15,289.1852,128.7267,458.6667,0.5674418604651162,0.28837209302325584,1.8399999999999999,458.6667
Us Total,1999,1.23,0.63,2.17,291.5556,130.8029,462.9333,0.5668202764976958,0.2903225806451613,1.8599999999999999,462.9333
Us Total,2000,1.23,0.64,2.19,291.5556,132.8792,467.2,0.5616438356164384,0.29223744292237447,1.87,467.2
Us Total,2001,1.23,0.64,2.18,291.5556,132.8792,465.0667,0.5642201834862385,0.2935779816513761,1.87,465.0667
Us Total,2002,1.23,0.64,2.2,291.5556,132.8792,469.3333,0.5590909090909091,0.2909090909090909,1.87,469.3333
Us Total,2003,1.21,0.67,2.22,286.8148,139.1079,473.6,0.545045045045045,0.3018018018018018,1.88,473.6
Us Total,2004,1.21,0.68,2.24,286.8148,141.1841,477.8667,0.5401785714285714,0.30357142857142855,1.8900000000000001,477.8667
Us Total,2005,1.2,0.7,2.25,284.4444,145.3366,480.0,0.5333333333333333,0.3111111111111111,1.9,480.0
Us Total,2006,1.2,0.71,2.28,284.4444,147.4128,486.4,0.5263157894736842,0.31140350877192985,1.91,486.4
Us Total,2007,1.21,0.72,2.31,286.8148,149.4891,492.8,0.5238095238095238,0.3116883116883117,1.93,492.8
Us Total,2008,1.2,0.73,2.31,284.4444,151.5653,492.8,0.5194805194805194,0.31601731601731603,1.93,492.8
Us Total,2009,1.17,0.73,2.29,277.3333,151.5653,488.5333,0.5109170305676856,0.3187772925764192,1.9,488.5333
Us Total,2010,1.14,0.74,2.26,270.2222,153.6415,482.1333,0.504424778761062,0.3274336283185841,1.88,482.1333
Us Total,2011,1.12,0.76,2.29,265.4815,157.794,488.5333,0.48908296943231444,0.3318777292576419,1.8800000000000001,488.5333
Us Total,2012,1.13,0.78,2.34,267.8519,161.9465,499.2,0.4829059829059829,0.33333333333333337,1.91,499.2
Us Total,2013,1.12,0.79,2.33,265.4815,164.0227,497.0667,0.48068669527897,0.33905579399141633,1.9100000000000001,497.0667
Us Total,2014,1.1,0.8,2.32,260.7407,166.0989,494.9333,0.4741379310344828,0.3448275862068966,1.9000000000000001,494.9333
Us Total,2015,1.09,0.81,2.33,258.3704,168.1752,497.0667,0.4678111587982833,0.3476394849785408,1.9000000000000001,497.0667
Us Total,2016,1.08,0.83,2.35,256.0,172.3277,501.3333,0.4595744680851064,0.3531914893617021,1.9100000000000001,501.3333
Us Total,2017,1.06,0.85,2.35,251.2593,176.4801,501.3333,0.451063829787234,0.36170212765957444,1.9100000000000001,501.3333
Us Total,2018,1.05,0.87,2.35,248.8889,180.6326,501.3333,0.44680851063829785,0.3702127659574468,1.92,501.3333
Us Total,2019,1.05,0.89,2.38,248.8889,184.7851,507.7333,0.44117647058823534,0.3739495798319328,1.94,507.7333
Us Total,2020,1.05,0.95,2.44,248.8889,197.2425,520.5333,0.43032786885245905,0.38934426229508196,2.0,520.5333
Us Total,2021,1.07,1.03,2.54,253.6296,213.8524,541.8667,0.42125984251968507,0.40551181102362205,2.1,541.8667
Us Total,2022,1.03,1.06,2.51,244.1481,220.0811,535.4667,0.4103585657370518,0.4223107569721116,2.09,535.4667
Us Total,2023,0.99,1.08,2.48,234.6667,224.2336,529.0667,0.39919354838709675,0.435483870967742,2.0700000000000003,529.0667
Utah,1977,0.94,0.57,1.64,222.8148,118.3455,349.8667,0.573170731707317,0.3475609756097561,1.5099999999999998,349.8667
Utah,1978,0.93,0.59,1.66,220.4444,122.498,354.1333,0.5602409638554218,0.35542168674698793,1.52,354.1333
Utah,1979,0.94,0.59,1.68,222.8148,122.498,358.4,0.5595238095238095,0.35119047619047616,1.5299999999999998,358.4
Utah,1980,0.96,0.6,1.7,227.5556,124.5742,362.6667,0.5647058823529412,0.35294117647058826,1.56,362.6667
Utah,1981,1.02,0.59,1.75,241.7778,122.498,373.3333,0.5828571428571429,0.33714285714285713,1.6099999999999999,373.3333
Utah,1982,1.01,0.55,1.7,239.4074,114.193,362.6667,0.5941176470588235,0.3235294117647059,1.56,362.6667
Utah,1983,0.89,0.51,1.54,210.963,105.8881,328.5333,0.577922077922078,0.33116883116883117,1.4,328.5333
Utah,1984,0.89,0.52,1.55,210.963,107.9643,330.6667,0.5741935483870968,0.33548387096774196,1.4100000000000001,330.6667
Utah,1985,0.89,0.53,1.57,210.963,110.0406,334.9333,0.5668789808917197,0.3375796178343949,1.42,334.9333
Utah,1986,0.88,0.52,1.57,208.5926,107.9643,334.9333,0.5605095541401274,0.33121019108280253,1.4,334.9333
Utah,1987,0.84,0.49,1.49,199.1111,101.7356,317.8667,0.5637583892617449,0.32885906040268453,1.33,317.8667
Utah,1988,0.82,0.48,1.45,194.3704,99.6594,309.3333,0.5655172413793104,0.3310344827586207,1.2999999999999998,309.3333
Utah,1989,0.81,0.47,1.41,192.0,97.5831,300.8,0.574468085106383,0.3333333333333333,1.28,300.8
Utah,1990,0.8,0.46,1.39,189.6296,95.5069,296.5333,0.5755395683453238,0.3309352517985612,1.26,296.5333
Utah,1991,0.8,0.43,1.34,189.6296,89.2782,285.8667,0.5970149253731343,0.3208955223880597,1.23,285.8667
Utah,1992,0.79,0.42,1.33,187.2593,87.2019,283.7333,0.5939849624060151,0.3157894736842105,1.21,283.7333
Utah,1993,0.78,0.39,1.28,184.8889,80.9732,273.0667,0.609375,0.3046875,1.17,273.0667
Utah,1994,0.76,0.38,1.24,180.1481,78.897,264.5333,0.6129032258064516,0.3064516129032258,1.1400000000000001,264.5333
Utah,1995,0.71,0.37,1.19,168.2963,76.8208,253.8667,0.5966386554621849,0.31092436974789917,1.08,253.8667
Utah,1996,0.73,0.37,1.23,173.037,76.8208,262.4,0.5934959349593496,0.3008130081300813,1.1,262.4
Utah,1997,0.75,0.39,1.27,177.7778,80.9732,270.9333,0.5905511811023622,0.30708661417322836,1.1400000000000001,270.9333
Utah,1998,0.77,0.37,1.27,182.5185,76.8208,270.9333,0.6062992125984252,0.29133858267716534,1.1400000000000001,270.9333
Utah,1999,0.74,0.38,1.25,175.4074,78.897,266.6667,0.592,0.304,1.12,266.6667
Utah,2000,0.75,0.4,1.29,177.7778,83.0495,275.2,0.5813953488372093,0.31007751937984496,1.15,275.2
Utah,2001,0.77,0.39,1.3,182.5185,80.9732,277.3333,0.5923076923076923,0.3,1.1600000000000001,277.3333
Utah,2002,0.77,0.39,1.3,182.5185,80.9732,277.3333,0.5923076923076923,0.3,1.1600000000000001,277.3333
Utah,2003,0.76,0.39,1.3,180.1481,80.9732,277.3333,0.5846153846153846,0.3,1.15,277.3333
Utah,2004,0.76,0.39,1.3,180.1481,80.9732,277.3333,0.5846153846153846,0.3,1.15,277.3333
Utah,2005,0.7,0.41,1.27,165.9259,85.1257,270.9333,0.5511811023622046,0.3228346456692913,1.1099999999999999,270.9333
Utah,2006,0.73,0.44,1.33,173.037,91.3544,283.7333,0.5488721804511277,0.3308270676691729,1.17,283.7333
Utah,2007,0.77,0.44,1.38,182.5185,91.3544,294.4,0.5579710144927537,0.31884057971014496,1.21,294.4
Utah,2008,0.76,0.47,1.41,180.1481,97.5831,300.8,0.5390070921985816,0.3333333333333333,1.23,300.8
Utah,2009,0.72,0.47,1.36,170.6667,97.5831,290.1333,0.5294117647058822,0.3455882352941176,1.19,290.1333
Utah,2010,0.7,0.47,1.35,165.9259,97.5831,288.0,0.5185185185185185,0.3481481481481481,1.17,288.0
Utah,2011,0.68,0.49,1.36,161.1852,101.7356,290.1333,0.5,0.36029411764705876,1.17,290.1333
Utah,2012,0.69,0.5,1.37,163.5556,103.8118,292.2667,0.5036496350364963,0.36496350364963503,1.19,292.2667
Utah,2013,0.67,0.51,1.37,158.8148,105.8881,292.2667,0.48905109489051096,0.3722627737226277,1.1800000000000002,292.2667
Utah,2014,0.66,0.52,1.37,156.4444,107.9643,292.2667,0.4817518248175182,0.3795620437956204,1.1800000000000002,292.2667
Utah,2015,0.65,0.54,1.4,154.0741,112.1168,298.6667,0.46428571428571436,0.3857142857142858,1.19,298.6667
Utah,2016,0.63,0.52,1.34,149.3333,107.9643,285.8667,0.47014925373134325,0.3880597014925373,1.15,285.8667
Utah,2017,0.61,0.56,1.36,144.5926,116.2693,290.1333,0.44852941176470584,0.411764705882353,1.17,290.1333
Utah,2018,0.58,0.57,1.35,137.4815,118.3455,288.0,0.4296296296296296,0.42222222222222217,1.15,288.0
Utah,2019,0.56,0.57,1.33,132.7407,118.3455,283.7333,0.4210526315789474,0.4285714285714285,1.13,283.7333
Utah,2020,0.54,0.61,1.35,128.0,126.6504,288.0,0.4,0.45185185185185184,1.15,288.0
Utah,2021,0.53,0.6,1.31,125.6296,124.5742,279.4667,0.40458015267175573,0.4580152671755725,1.13,279.4667
Utah,2022,0.5,0.57,1.23,118.5185,118.3455,262.4,0.4065040650406504,0.46341463414634143,1.0699999999999998,262.4
Utah,2023,0.46,0.59,1.21,109.037,122.498,258.1333,0.38016528925619836,0.48760330578512395,1.05,258.1333
Vermont,1977,1.4,1.55,3.38,331.8519,321.8167,721.0667,0.41420118343195267,0.45857988165680474,2.95,721.0667
Vermont,1978,1.5,1.56,3.52,355.5556,323.8929,750.9333,0.42613636363636365,0.4431818181818182,3.06,750.9333
Vermont,1979,1.53,1.47,3.46,362.6667,305.2068,738.1333,0.44219653179190754,0.42485549132947975,3.0,738.1333
Vermont,1980,1.43,1.38,3.29,338.963,286.5207,701.8667,0.43465045592705165,0.41945288753799387,2.8099999999999996,701.8667
Vermont,1981,1.49,1.34,3.32,353.1852,278.2157,708.2667,0.4487951807228916,0.4036144578313253,2.83,708.2667
Vermont,1982,1.48,1.24,3.22,350.8148,257.4534,686.9333,0.45962732919254656,0.3850931677018633,2.7199999999999998,686.9333
Vermont,1983,1.53,1.2,3.23,362.6667,249.1484,689.0667,0.4736842105263158,0.3715170278637771,2.73,689.0667
Vermont,1984,1.49,1.16,3.15,353.1852,240.8435,672.0,0.473015873015873,0.3682539682539682,2.65,672.0
Vermont,1985,1.51,1.1,3.17,357.9259,228.3861,676.2667,0.4763406940063092,0.34700315457413256,2.6100000000000003,676.2667
Vermont,1986,1.57,1.06,3.22,372.1481,220.0811,686.9333,0.48757763975155277,0.32919254658385094,2.63,686.9333
Vermont,1987,1.58,1.0,3.18,374.5185,207.6237,678.4,0.4968553459119497,0.31446540880503143,2.58,678.4
Vermont,1988,1.54,0.95,3.05,365.037,197.2425,650.6667,0.5049180327868853,0.3114754098360656,2.49,650.6667
Vermont,1989,1.49,0.89,2.91,353.1852,184.7851,620.8,0.5120274914089347,0.3058419243986254,2.38,620.8
Vermont,1990,1.47,0.85,2.8,348.4444,176.4801,597.3333,0.525,0.3035714285714286,2.32,597.3333
Vermont,1991,1.41,0.82,2.69,334.2222,170.2514,573.8667,0.5241635687732342,0.3048327137546468,2.23,573.8667
Vermont,1992,1.35,0.78,2.57,320.0,161.9465,548.2667,0.5252918287937743,0.30350194552529186,2.13,548.2667
Vermont,1993,1.34,0.74,2.52,317.6296,153.6415,537.6,0.5317460317460317,0.29365079365079366,2.08,537.6
Vermont,1994,1.34,0.74,2.5,317.6296,153.6415,533.3333,0.536,0.296,2.08,533.3333
Vermont,1995,1.28,0.66,2.35,303.4074,137.0316,501.3333,0.5446808510638298,0.28085106382978725,1.94,501.3333
Vermont,1996,1.35,0.64,2.42,320.0,132.8792,516.2667,0.5578512396694215,0.2644628099173554,1.9900000000000002,516.2667
Vermont,1997,1.3,0.63,2.38,308.1481,130.8029,507.7333,0.546218487394958,0.2647058823529412,1.9300000000000002,507.7333
Vermont,1998,1.31,0.62,2.39,310.5185,128.7267,509.8667,0.5481171548117155,0.2594142259414226,1.9300000000000002,509.8667
Vermont,1999,1.32,0.62,2.42,312.8889,128.7267,516.2667,0.5454545454545455,0.256198347107438,1.94,516.2667
Vermont,2000,1.32,0.63,2.43,312.8889,130.8029,518.4,0.5432098765432098,0.25925925925925924,1.9500000000000002,518.4
Vermont,2001,1.34,0.63,2.45,317.6296,130.8029,522.6667,0.5469387755102041,0.2571428571428571,1.9700000000000002,522.6667
Vermont,2002,1.34,0.63,2.48,317.6296,130.8029,529.0667,0.5403225806451614,0.2540322580645161,1.9700000000000002,529.0667
Vermont,2003,1.34,0.65,2.51,317.6296,134.9554,535.4667,0.5338645418326694,0.25896414342629487,1.9900000000000002,535.4667
Vermont,2004,1.34,0.66,2.56,317.6296,137.0316,546.1333,0.5234375,0.2578125,2.0,546.1333
Vermont,2005,1.44,0.68,2.69,341.3333,141.1841,573.8667,0.5353159851301115,0.25278810408921937,2.12,573.8667
Vermont,2006,1.45,0.69,2.73,343.7037,143.2603,582.4,0.5311355311355311,0.25274725274725274,2.1399999999999997,582.4
Vermont,2007,1.46,0.7,2.78,346.0741,145.3366,593.0667,0.525179856115108,0.2517985611510791,2.16,593.0667
Vermont,2008,1.45,0.71,2.79,343.7037,147.4128,595.2,0.5197132616487455,0.2544802867383512,2.16,595.2
Vermont,2009,1.43,0.7,2.77,338.963,145.3366,590.9333,0.516245487364621,0.2527075812274368,2.13,590.9333
Vermont,2010,1.44,0.71,2.8,341.3333,147.4128,597.3333,0.5142857142857143,0.25357142857142856,2.15,597.3333
Vermont,2011,1.46,0.71,2.85,346.0741,147.4128,608.0,0.5122807017543859,0.24912280701754383,2.17,608.0
Vermont,2012,1.51,0.71,2.93,357.9259,147.4128,625.0667,0.515358361774744,0.24232081911262796,2.2199999999999998,625.0667
Vermont,2013,1.55,0.72,3.01,367.4074,149.4891,642.1333,0.5149501661129569,0.23920265780730898,2.27,642.1333
Vermont,2014,1.56,0.72,3.06,369.7778,149.4891,652.8,0.5098039215686274,0.23529411764705882,2.2800000000000002,652.8
Vermont,2015,1.57,0.73,3.08,372.1481,151.5653,657.0667,0.5097402597402597,0.237012987012987,2.3,657.0667
Vermont,2016,1.57,0.73,3.09,372.1481,151.5653,659.2,0.5080906148867315,0.23624595469255663,2.3,659.2
Vermont,2017,1.55,0.74,3.09,367.4074,153.6415,659.2,0.5016181229773463,0.2394822006472492,2.29,659.2
Vermont,2018,1.53,0.76,3.06,362.6667,157.794,652.8,0.5,0.24836601307189543,2.29,652.8
Vermont,2019,1.58,0.77,3.11,374.5185,159.8702,663.4667,0.5080385852090032,0.24758842443729906,2.35,663.4667
Vermont,2020,1.58,0.81,3.12,374.5185,168.1752,665.6,0.5064102564102564,0.25961538461538464,2.39,665.6
Vermont,2021,1.59,0.81,3.14,376.8889,168.1752,669.8667,0.5063694267515924,0.25796178343949044,2.4000000000000004,669.8667
Vermont,2022,1.55,0.8,3.08,367.4074,166.0989,657.0667,0.5032467532467533,0.25974025974025977,2.35,657.0667
Vermont,2023,1.5,0.77,2.96,355.5556,159.8702,631.4667,0.5067567567567568,0.26013513513513514,2.27,631.4667
Virginia,1977,1.17,0.89,2.27,277.3333,184.7851,484.2667,0.5154185022026432,0.3920704845814978,2.06,484.2667
Virginia,1978,1.2,0.89,2.3,284.4444,184.7851,490.6667,0.5217391304347826,0.3869565217391305,2.09,490.6667
Virginia,1979,1.21,0.9,2.36,286.8148,186.8613,503.4667,0.5127118644067796,0.38135593220338987,2.11,503.4667
Virginia,1980,1.23,0.9,2.38,291.5556,186.8613,507.7333,0.5168067226890757,0.3781512605042017,2.13,507.7333
Virginia,1981,1.23,0.89,2.39,291.5556,184.7851,509.8667,0.5146443514644351,0.3723849372384937,2.12,509.8667
Virginia,1982,1.46,0.86,2.59,346.0741,178.5564,552.5333,0.5637065637065637,0.33204633204633205,2.32,552.5333
Virginia,1983,1.47,0.82,2.56,348.4444,170.2514,546.1333,0.57421875,0.3203125,2.29,546.1333
Virginia,1984,1.46,0.8,2.55,346.0741,166.0989,544.0,0.5725490196078432,0.3137254901960785,2.26,544.0
Virginia,1985,1.45,0.79,2.54,343.7037,164.0227,541.8667,0.5708661417322834,0.3110236220472441,2.24,541.8667
Virginia,1986,1.52,0.73,2.52,360.2963,151.5653,537.6,0.6031746031746031,0.28968253968253965,2.25,537.6
Virginia,1987,1.39,0.7,2.35,329.4815,145.3366,501.3333,0.5914893617021276,0.2978723404255319,2.09,501.3333
Virginia,1988,1.31,0.67,2.24,310.5185,139.1079,477.8667,0.5848214285714285,0.29910714285714285,1.98,477.8667
Virginia,1989,1.23,0.65,2.18,291.5556,134.9554,465.0667,0.5642201834862385,0.2981651376146789,1.88,465.0667
Virginia,1990,1.25,0.62,2.18,296.2963,128.7267,465.0667,0.573394495412844,0.2844036697247706,1.87,465.0667
Virginia,1991,1.2,0.58,2.06,284.4444,120.4217,439.4667,0.5825242718446602,0.2815533980582524,1.7799999999999998,439.4667
Virginia,1992,1.25,0.57,2.1,296.2963,118.3455,448.0,0.5952380952380952,0.2714285714285714,1.8199999999999998,448.0
Virginia,1993,1.24,0.54,2.05,293.9259,112.1168,437.3333,0.6048780487804879,0.26341463414634153,1.78,437.3333
Virginia,1994,1.2,0.51,1.99,284.4444,105.8881,424.5333,0.6030150753768844,0.2562814070351759,1.71,424.5333
Virginia,1995,1.15,0.5,1.94,272.5926,103.8118,413.8667,0.5927835051546392,0.2577319587628866,1.65,413.8667
Virginia,1996,1.12,0.49,1.91,265.4815,101.7356,407.4667,0.5863874345549739,0.25654450261780104,1.61,407.4667
Virginia,1997,1.11,0.48,1.88,263.1111,99.6594,401.0667,0.5904255319148937,0.2553191489361702,1.59,401.0667
Virginia,1998,1.17,0.47,1.95,277.3333,97.5831,416.0,0.6,0.24102564102564103,1.64,416.0
Virginia,1999,1.18,0.48,1.97,279.7037,99.6594,420.2667,0.5989847715736041,0.24365482233502536,1.66,420.2667
Virginia,2000,1.16,0.49,1.97,274.963,101.7356,420.2667,0.5888324873096447,0.24873096446700507,1.65,420.2667
Virginia,2001,1.15,0.5,1.97,272.5926,103.8118,420.2667,0.583756345177665,0.25380710659898476,1.65,420.2667
Virginia,2002,1.15,0.51,2.0,272.5926,105.8881,426.6667,0.575,0.255,1.66,426.6667
Virginia,2003,1.14,0.52,2.02,270.2222,107.9643,430.9333,0.5643564356435643,0.25742574257425743,1.66,430.9333
Virginia,2004,1.14,0.53,2.04,270.2222,110.0406,435.2,0.5588235294117646,0.25980392156862747,1.67,435.2
Virginia,2005,1.13,0.54,2.05,267.8519,112.1168,437.3333,0.551219512195122,0.26341463414634153,1.67,437.3333
Virginia,2006,1.13,0.56,2.08,267.8519,116.2693,443.7333,0.5432692307692307,0.2692307692307693,1.69,443.7333
Virginia,2007,1.13,0.57,2.1,267.8519,118.3455,448.0,0.5380952380952381,0.2714285714285714,1.6999999999999997,448.0
Virginia,2008,1.12,0.58,2.12,265.4815,120.4217,452.2667,0.5283018867924528,0.27358490566037735,1.7000000000000002,452.2667
Virginia,2009,1.1,0.58,2.11,260.7407,120.4217,450.1333,0.5213270142180095,0.27488151658767773,1.6800000000000002,450.1333
Virginia,2010,1.08,0.6,2.12,256.0,124.5742,452.2667,0.5094339622641509,0.2830188679245283,1.6800000000000002,452.2667
Virginia,2011,1.05,0.61,2.12,248.8889,126.6504,452.2667,0.49528301886792453,0.28773584905660377,1.6600000000000001,452.2667
Virginia,2012,1.04,0.62,2.13,246.5185,128.7267,454.4,0.4882629107981221,0.2910798122065728,1.6600000000000001,454.4
Virginia,2013,1.02,0.62,2.1,241.7778,128.7267,448.0,0.4857142857142857,0.29523809523809524,1.6400000000000001,448.0
Virginia,2014,1.01,0.63,2.11,239.4074,130.8029,450.1333,0.4786729857819906,0.29857819905213273,1.6400000000000001,450.1333
Virginia,2015,1.0,0.65,2.13,237.037,134.9554,454.4,0.4694835680751174,0.3051643192488263,1.65,454.4
Virginia,2016,1.0,0.66,2.14,237.037,137.0316,456.5333,0.4672897196261682,0.308411214953271,1.6600000000000001,456.5333
Virginia,2017,0.96,0.67,2.13,227.5556,139.1079,454.4,0.4507042253521127,0.3145539906103287,1.63,454.4
Virginia,2018,0.94,0.7,2.13,222.8148,145.3366,454.4,0.4413145539906103,0.32863849765258213,1.64,454.4
Virginia,2019,0.95,0.72,2.16,225.1852,149.4891,460.8,0.43981481481481477,0.3333333333333333,1.67,460.8
Virginia,2020,0.96,0.78,2.26,227.5556,161.9465,482.1333,0.42477876106194695,0.3451327433628319,1.74,482.1333
Virginia,2021,0.94,0.79,2.26,222.8148,164.0227,482.1333,0.41592920353982304,0.34955752212389385,1.73,482.1333
Virginia,2022,0.9,0.78,2.19,213.3333,161.9465,467.2,0.4109589041095891,0.35616438356164387,1.6800000000000002,467.2
Virginia,2023,0.84,0.78,2.12,199.1111,161.9465,452.2667,0.3962264150943396,0.36792452830188677,1.62,452.2667
Washington,1977,1.34,1.06,2.85,317.6296,220.0811,608.0,0.47017543859649125,0.3719298245614035,2.4000000000000004,608.0
Washington,1978,1.36,1.07,2.91,322.3704,222.1573,620.8,0.46735395189003437,0.36769759450171824,2.43,620.8
Washington,1979,1.39,1.08,2.94,329.4815,224.2336,627.2,0.4727891156462585,0.3673469387755102,2.4699999999999998,627.2
Washington,1980,1.51,1.08,3.1,357.9259,224.2336,661.3333,0.48709677419354835,0.34838709677419355,2.59,661.3333
Washington,1981,1.38,1.04,2.96,327.1111,215.9286,631.4667,0.4662162162162162,0.35135135135135137,2.42,631.4667
Washington,1982,1.32,0.98,2.83,312.8889,203.4712,603.7333,0.4664310954063604,0.34628975265017664,2.3,603.7333
Washington,1983,1.29,0.94,2.76,305.7778,195.1663,588.8,0.4673913043478261,0.34057971014492755,2.23,588.8
Washington,1984,1.23,0.91,2.7,291.5556,188.9376,576.0,0.4555555555555555,0.337037037037037,2.14,576.0
Washington,1985,1.21,0.87,2.67,286.8148,180.6326,569.6,0.45318352059925093,0.3258426966292135,2.08,569.6
Washington,1986,1.23,0.82,2.66,291.5556,170.2514,567.4667,0.46240601503759393,0.3082706766917293,2.05,567.4667
Washington,1987,1.24,0.79,2.59,293.9259,164.0227,552.5333,0.4787644787644788,0.3050193050193051,2.0300000000000002,552.5333
Washington,1988,1.23,0.77,2.51,291.5556,159.8702,535.4667,0.4900398406374502,0.3067729083665339,2.0,535.4667
Washington,1989,1.25,0.76,2.47,296.2963,157.794,526.9333,0.5060728744939271,0.30769230769230765,2.01,526.9333
Washington,1990,1.27,0.76,2.49,301.037,157.794,531.2,0.5100401606425703,0.3052208835341365,2.0300000000000002,531.2
Washington,1991,1.23,0.73,2.39,291.5556,151.5653,509.8667,0.5146443514644351,0.305439330543933,1.96,509.8667
Washington,1992,1.26,0.72,2.44,298.6667,149.4891,520.5333,0.5163934426229508,0.29508196721311475,1.98,520.5333
Washington,1993,1.19,0.69,2.27,282.0741,143.2603,484.2667,0.5242290748898678,0.3039647577092511,1.88,484.2667
Washington,1994,1.18,0.65,2.23,279.7037,134.9554,475.7333,0.5291479820627802,0.2914798206278027,1.83,475.7333
Washington,1995,1.17,0.63,2.2,277.3333,130.8029,469.3333,0.5318181818181817,0.2863636363636363,1.7999999999999998,469.3333
Washington,1996,1.09,0.63,2.12,258.3704,130.8029,452.2667,0.5141509433962265,0.2971698113207547,1.7200000000000002,452.2667
Washington,1997,1.09,0.63,2.15,258.3704,130.8029,458.6667,0.5069767441860465,0.2930232558139535,1.7200000000000002,458.6667
Washington,1998,1.12,0.63,2.14,265.4815,130.8029,456.5333,0.5233644859813085,0.29439252336448596,1.75,456.5333
Washington,1999,1.11,0.63,2.14,263.1111,130.8029,456.5333,0.5186915887850467,0.29439252336448596,1.7400000000000002,456.5333
Washington,2000,1.11,0.66,2.18,263.1111,137.0316,465.0667,0.5091743119266056,0.30275229357798167,1.77,465.0667
Washington,2001,1.09,0.65,2.15,258.3704,134.9554,458.6667,0.5069767441860465,0.3023255813953489,1.7400000000000002,458.6667
Washington,2002,1.09,0.66,2.17,258.3704,137.0316,462.9333,0.5023041474654378,0.30414746543778803,1.75,462.9333
Washington,2003,1.07,0.68,2.21,253.6296,141.1841,471.4667,0.48416289592760187,0.3076923076923077,1.75,471.4667
Washington,2004,1.11,0.66,2.3,263.1111,137.0316,490.6667,0.482608695652174,0.28695652173913044,1.77,490.6667
Washington,2005,1.11,0.68,2.34,263.1111,141.1841,499.2,0.47435897435897445,0.2905982905982906,1.79,499.2
Washington,2006,1.08,0.72,2.28,256.0,149.4891,486.4,0.4736842105263159,0.31578947368421056,1.8,486.4
Washington,2007,1.14,0.74,2.38,270.2222,153.6415,507.7333,0.4789915966386554,0.31092436974789917,1.88,507.7333
Washington,2008,1.11,0.75,2.37,263.1111,155.7178,505.6,0.46835443037974683,0.3164556962025316,1.86,505.6
Washington,2009,1.1,0.74,2.34,260.7407,153.6415,499.2,0.47008547008547014,0.3162393162393163,1.84,499.2
Washington,2010,1.01,0.73,2.25,239.4074,151.5653,480.0,0.4488888888888889,0.3244444444444444,1.74,480.0
Washington,2011,0.97,0.75,2.25,229.9259,155.7178,480.0,0.4311111111111111,0.3333333333333333,1.72,480.0
Washington,2012,0.96,0.76,2.26,227.5556,157.794,482.1333,0.42477876106194695,0.336283185840708,1.72,482.1333
Washington,2013,0.95,0.76,2.24,225.1852,157.794,477.8667,0.4241071428571428,0.33928571428571425,1.71,477.8667
Washington,2014,0.97,0.76,2.26,229.9259,157.794,482.1333,0.42920353982300885,0.336283185840708,1.73,482.1333
Washington,2015,0.97,0.77,2.26,229.9259,159.8702,482.1333,0.42920353982300885,0.34070796460176994,1.74,482.1333
Washington,2016,0.96,0.78,2.26,227.5556,161.9465,482.1333,0.42477876106194695,0.3451327433628319,1.74,482.1333
Washington,2017,0.93,0.79,2.23,220.4444,164.0227,475.7333,0.41704035874439466,0.3542600896860987,1.7200000000000002,475.7333
Washington,2018,0.91,0.81,2.22,215.7037,168.1752,473.6,0.4099099099099099,0.36486486486486486,1.7200000000000002,473.6
Washington,2019,0.89,0.82,2.22,210.963,170.2514,473.6,0.40090090090090086,0.3693693693693693,1.71,473.6
Washington,2020,0.88,0.87,2.25,208.5926,180.6326,480.0,0.39111111111111113,0.38666666666666666,1.75,480.0
Washington,2021,0.88,0.9,2.29,208.5926,186.8613,488.5333,0.38427947598253276,0.39301310043668125,1.78,488.5333
Washington,2022,0.85,0.9,2.24,201.4815,186.8613,477.8667,0.37946428571428564,0.40178571428571425,1.75,477.8667
Washington,2023,0.81,0.88,2.17,192.0,182.7088,462.9333,0.3732718894009217,0.4055299539170507,1.69,462.9333
West Region,1977,1.35,1.2,3.08,320.0,249.1484,657.0667,0.4383116883116883,0.3896103896103896,2.55,657.0667
West Region,1978,1.39,1.23,3.18,329.4815,255.3771,678.4,0.43710691823899367,0.38679245283018865,2.62,678.4
West Region,1979,1.45,1.2,3.22,343.7037,249.1484,686.9333,0.45031055900621114,0.37267080745341613,2.65,686.9333
West Region,1980,1.47,1.19,3.24,348.4444,247.0722,691.2,0.45370370370370366,0.3672839506172839,2.66,691.2
West Region,1981,1.49,1.16,3.24,353.1852,240.8435,691.2,0.45987654320987653,0.3580246913580246,2.65,691.2
West Region,1982,1.44,1.1,3.13,341.3333,228.3861,667.7333,0.46006389776357826,0.3514376996805112,2.54,667.7333
West Region,1983,1.42,1.07,3.1,336.5926,222.1573,661.3333,0.4580645161290322,0.34516129032258064,2.49,661.3333
West Region,1984,1.4,1.03,3.04,331.8519,213.8524,648.5333,0.4605263157894737,0.33881578947368424,2.4299999999999997,648.5333
West Region,1985,1.37,0.99,3.01,324.7407,205.5474,642.1333,0.45514950166112966,0.3289036544850499,2.3600000000000003,642.1333
West Region,1986,1.39,0.92,2.96,329.4815,191.0138,631.4667,0.46959459459459457,0.3108108108108108,2.31,631.4667
West Region,1987,1.38,0.89,2.89,327.1111,184.7851,616.5333,0.4775086505190311,0.3079584775086505,2.27,616.5333
West Region,1988,1.36,0.86,2.79,322.3704,178.5564,595.2,0.48745519713261654,0.3082437275985663,2.22,595.2
West Region,1989,1.35,0.84,2.69,320.0,174.4039,573.8667,0.5018587360594796,0.31226765799256506,2.19,573.8667
West Region,1990,1.37,0.84,2.71,324.7407,174.4039,578.1333,0.5055350553505535,0.3099630996309963,2.21,578.1333
West Region,1991,1.3,0.76,2.5,308.1481,157.794,533.3333,0.52,0.304,2.06,533.3333
West Region,1992,1.33,0.76,2.54,315.2593,157.794,541.8667,0.5236220472440946,0.2992125984251969,2.09,541.8667
West Region,1993,1.26,0.72,2.39,298.6667,149.4891,509.8667,0.5271966527196652,0.30125523012552297,1.98,509.8667
West Region,1994,1.2,0.7,2.31,284.4444,145.3366,492.8,0.5194805194805194,0.303030303030303,1.9,492.8
West Region,1995,1.23,0.66,2.29,291.5556,137.0316,488.5333,0.537117903930131,0.28820960698689957,1.8900000000000001,488.5333
West Region,1996,1.22,0.67,2.32,289.1852,139.1079,494.9333,0.5258620689655172,0.2887931034482759,1.8900000000000001,494.9333
West Region,1997,1.2,0.65,2.3,284.4444,134.9554,490.6667,0.5217391304347826,0.28260869565217395,1.85,490.6667
West Region,1998,1.19,0.64,2.26,282.0741,132.8792,482.1333,0.5265486725663717,0.28318584070796465,1.83,482.1333
West Region,1999,1.2,0.65,2.29,284.4444,134.9554,488.5333,0.5240174672489083,0.2838427947598253,1.85,488.5333
West Region,2000,1.21,0.68,2.32,286.8148,141.1841,494.9333,0.521551724137931,0.2931034482758621,1.8900000000000001,494.9333
West Region,2001,1.19,0.68,2.3,282.0741,141.1841,490.6667,0.5173913043478261,0.29565217391304355,1.87,490.6667
West Region,2002,1.18,0.68,2.3,279.7037,141.1841,490.6667,0.5130434782608696,0.29565217391304355,1.8599999999999999,490.6667
West Region,2003,1.17,0.69,2.32,277.3333,143.2603,494.9333,0.5043103448275862,0.2974137931034483,1.8599999999999999,494.9333
West Region,2004,1.17,0.71,2.35,277.3333,147.4128,501.3333,0.49787234042553186,0.3021276595744681,1.88,501.3333
West Region,2005,1.14,0.73,2.36,270.2222,151.5653,503.4667,0.4830508474576271,0.3093220338983051,1.8699999999999999,503.4667
West Region,2006,1.13,0.76,2.4,267.8519,157.794,512.0,0.4708333333333333,0.3166666666666667,1.89,512.0
West Region,2007,1.17,0.76,2.42,277.3333,157.794,516.2667,0.4834710743801653,0.3140495867768595,1.93,516.2667
West Region,2008,1.15,0.76,2.42,272.5926,157.794,516.2667,0.4752066115702479,0.3140495867768595,1.91,516.2667
West Region,2009,1.11,0.76,2.38,263.1111,157.794,507.7333,0.4663865546218488,0.319327731092437,1.87,507.7333
West Region,2010,1.06,0.76,2.31,251.2593,157.794,492.8,0.4588744588744589,0.329004329004329,1.82,492.8
West Region,2011,1.04,0.78,2.36,246.5185,161.9465,503.4667,0.44067796610169496,0.3305084745762712,1.82,503.4667
West Region,2012,1.05,0.81,2.43,248.8889,168.1752,518.4,0.43209876543209874,0.3333333333333333,1.86,518.4
West Region,2013,1.05,0.81,2.41,248.8889,168.1752,514.1333,0.43568464730290457,0.3360995850622407,1.86,514.1333
West Region,2014,1.06,0.8,2.42,251.2593,166.0989,516.2667,0.4380165289256199,0.3305785123966942,1.86,516.2667
West Region,2015,1.05,0.82,2.38,248.8889,170.2514,507.7333,0.44117647058823534,0.3445378151260504,1.87,507.7333
West Region,2016,1.03,0.84,2.43,244.1481,174.4039,518.4,0.4238683127572016,0.345679012345679,1.87,518.4
West Region,2017,1.01,0.85,2.41,239.4074,176.4801,514.1333,0.41908713692946054,0.3526970954356846,1.8599999999999999,514.1333
West Region,2018,1.03,0.91,2.5,244.1481,188.9376,533.3333,0.41200000000000003,0.364,1.94,533.3333
West Region,2019,1.06,0.92,2.51,251.2593,191.0138,535.4667,0.4223107569721116,0.36653386454183273,1.98,535.4667
West Region,2020,1.06,0.98,2.57,251.2593,203.4712,548.2667,0.4124513618677043,0.3813229571984436,2.04,548.2667
West Region,2021,1.08,1.07,2.7,256.0,222.1573,576.0,0.4,0.3962962962962963,2.1500000000000004,576.0
West Region,2022,1.07,1.13,2.73,253.6296,234.6148,582.4,0.391941391941392,0.4139194139194139,2.2,582.4
West Region,2023,1.04,1.17,2.73,246.5185,242.9197,582.4,0.380952380952381,0.42857142857142855,2.21,582.4
West Virginia,1977,0.95,0.76,1.8,225.1852,157.794,384.0,0.5277777777777778,0.4222222222222222,1.71,384.0
West Virginia,1978,0.93,0.76,1.78,220.4444,157.794,379.7333,0.5224719101123596,0.42696629213483145,1.69,379.7333
West Virginia,1979,0.94,0.75,1.77,222.8148,155.7178,377.6,0.5310734463276836,0.423728813559322,1.69,377.6
West Virginia,1980,1.0,0.72,1.81,237.037,149.4891,386.1333,0.5524861878453039,0.39779005524861877,1.72,386.1333
West Virginia,1981,1.05,0.65,1.85,248.8889,134.9554,394.6667,0.5675675675675675,0.35135135135135137,1.7000000000000002,394.6667
West Virginia,1982,1.11,0.55,1.8,263.1111,114.193,384.0,0.6166666666666667,0.3055555555555556,1.6600000000000001,384.0
West Virginia,1983,1.14,0.49,1.76,270.2222,101.7356,375.4667,0.6477272727272727,0.2784090909090909,1.63,375.4667
West Virginia,1984,1.13,0.45,1.7,267.8519,93.4307,362.6667,0.6647058823529411,0.2647058823529412,1.5799999999999998,362.6667
West Virginia,1985,1.13,0.42,1.69,267.8519,87.2019,360.5333,0.6686390532544378,0.2485207100591716,1.5499999999999998,360.5333
West Virginia,1986,1.12,0.42,1.67,265.4815,87.2019,356.2667,0.6706586826347306,0.25149700598802394,1.54,356.2667
West Virginia,1987,1.13,0.41,1.68,267.8519,85.1257,358.4,0.6726190476190476,0.24404761904761904,1.5399999999999998,358.4
West Virginia,1988,1.15,0.41,1.68,272.5926,85.1257,358.4,0.6845238095238095,0.24404761904761904,1.5599999999999998,358.4
West Virginia,1989,1.15,0.39,1.65,272.5926,80.9732,352.0,0.6969696969696969,0.2363636363636364,1.54,352.0
West Virginia,1990,1.2,0.42,1.72,284.4444,87.2019,366.9333,0.6976744186046512,0.2441860465116279,1.6199999999999999,366.9333
West Virginia,1991,1.18,0.43,1.7,279.7037,89.2782,362.6667,0.6941176470588235,0.2529411764705882,1.6099999999999999,362.6667
West Virginia,1992,1.16,0.41,1.66,274.963,85.1257,354.1333,0.6987951807228916,0.2469879518072289,1.5699999999999998,354.1333
West Virginia,1993,1.18,0.4,1.67,279.7037,83.0495,356.2667,0.7065868263473054,0.23952095808383236,1.58,356.2667
West Virginia,1994,1.17,0.39,1.64,277.3333,80.9732,349.8667,0.7134146341463414,0.2378048780487805,1.56,349.8667
West Virginia,1995,1.12,0.38,1.58,265.4815,78.897,337.0667,0.7088607594936709,0.24050632911392406,1.5,337.0667
West Virginia,1996,1.12,0.37,1.58,265.4815,76.8208,337.0667,0.7088607594936709,0.23417721518987342,1.4900000000000002,337.0667
West Virginia,1997,1.12,0.37,1.58,265.4815,76.8208,337.0667,0.7088607594936709,0.23417721518987342,1.4900000000000002,337.0667
West Virginia,1998,1.18,0.36,1.64,279.7037,74.7445,349.8667,0.7195121951219512,0.21951219512195122,1.54,349.8667
West Virginia,1999,1.22,0.37,1.69,289.1852,76.8208,360.5333,0.7218934911242604,0.21893491124260356,1.5899999999999999,360.5333
West Virginia,2000,1.24,0.36,1.7,293.9259,74.7445,362.6667,0.7294117647058823,0.21176470588235294,1.6,362.6667
West Virginia,2001,1.25,0.37,1.72,296.2963,76.8208,366.9333,0.7267441860465116,0.21511627906976744,1.62,366.9333
West Virginia,2002,1.26,0.38,1.74,298.6667,78.897,371.2,0.7241379310344828,0.21839080459770116,1.6400000000000001,371.2
West Virginia,2003,1.23,0.38,1.72,291.5556,78.897,366.9333,0.7151162790697675,0.22093023255813954,1.6099999999999999,366.9333
West Virginia,2004,1.25,0.39,1.75,296.2963,80.9732,373.3333,0.7142857142857143,0.22285714285714286,1.6400000000000001,373.3333
West Virginia,2005,1.23,0.4,1.73,291.5556,83.0495,369.0667,0.7109826589595376,0.23121387283236997,1.63,369.0667
West Virginia,2006,1.21,0.41,1.72,286.8148,85.1257,366.9333,0.7034883720930233,0.2383720930232558,1.6199999999999999,366.9333
West Virginia,2007,1.23,0.42,1.75,291.5556,87.2019,373.3333,0.7028571428571428,0.24,1.65,373.3333
West Virginia,2008,1.25,0.43,1.79,296.2963,89.2782,381.8667,0.6983240223463687,0.24022346368715083,1.68,381.8667
West Virginia,2009,1.23,0.44,1.77,291.5556,91.3544,377.6,0.6949152542372882,0.2485875706214689,1.67,377.6
West Virginia,2010,1.23,0.44,1.78,291.5556,91.3544,379.7333,0.6910112359550562,0.24719101123595505,1.67,379.7333
West Virginia,2011,1.22,0.46,1.78,289.1852,95.5069,379.7333,0.6853932584269663,0.25842696629213485,1.68,379.7333
West Virginia,2012,1.24,0.47,1.8,293.9259,97.5831,384.0,0.6888888888888889,0.26111111111111107,1.71,384.0
West Virginia,2013,1.24,0.46,1.8,293.9259,95.5069,384.0,0.6888888888888889,0.25555555555555554,1.7,384.0
West Virginia,2014,1.21,0.47,1.78,286.8148,97.5831,379.7333,0.6797752808988764,0.2640449438202247,1.68,379.7333
West Virginia,2015,1.21,0.47,1.78,286.8148,97.5831,379.7333,0.6797752808988764,0.2640449438202247,1.68,379.7333
West Virginia,2016,1.19,0.46,1.76,282.0741,95.5069,375.4667,0.6761363636363636,0.26136363636363635,1.65,375.4667
West Virginia,2017,1.17,0.46,1.74,277.3333,95.5069,371.2,0.6724137931034483,0.26436781609195403,1.63,371.2
West Virginia,2018,1.15,0.47,1.74,272.5926,97.5831,371.2,0.660919540229885,0.27011494252873564,1.6199999999999999,371.2
West Virginia,2019,1.15,0.5,1.75,272.5926,103.8118,373.3333,0.6571428571428571,0.2857142857142857,1.65,373.3333
West Virginia,2020,1.14,0.56,1.82,270.2222,116.2693,388.2667,0.6263736263736263,0.3076923076923077,1.7,388.2667
West Virginia,2021,1.15,0.58,1.83,272.5926,120.4217,390.4,0.628415300546448,0.3169398907103825,1.73,390.4
West Virginia,2022,1.1,0.57,1.78,260.7407,118.3455,379.7333,0.6179775280898877,0.32022471910112354,1.67,379.7333
West Virginia,2023,1.04,0.57,1.71,246.5185,118.3455,364.8,0.608187134502924,0.3333333333333333,1.6099999999999999,364.8
Wisconsin,1977,1.81,1.28,3.37,429.037,265.7583,718.9333,0.5370919881305638,0.3798219584569733,3.09,718.9333
Wisconsin,1978,1.83,1.2,3.31,433.7778,249.1484,706.1333,0.5528700906344411,0.36253776435045315,3.0300000000000002,706.1333
Wisconsin,1979,1.92,1.19,3.39,455.1111,247.0722,723.2,0.5663716814159292,0.3510324483775811,3.11,723.2
Wisconsin,1980,1.95,1.19,3.45,462.2222,247.0722,736.0,0.5652173913043478,0.34492753623188405,3.1399999999999997,736.0
Wisconsin,1981,1.96,1.21,3.48,464.5926,251.2247,742.4,0.5632183908045977,0.34770114942528735,3.17,742.4
Wisconsin,1982,1.95,1.05,3.3,462.2222,218.0049,704.0,0.5909090909090909,0.31818181818181823,3.0,704.0
Wisconsin,1983,1.94,1.07,3.35,459.8519,222.1573,714.6667,0.5791044776119403,0.3194029850746269,3.01,714.6667
Wisconsin,1984,1.87,1.03,3.21,443.2593,213.8524,684.8,0.5825545171339565,0.3208722741433022,2.9000000000000004,684.8
Wisconsin,1985,1.83,1.06,3.2,433.7778,220.0811,682.6667,0.571875,0.33125,2.89,682.6667
Wisconsin,1986,1.88,0.96,3.18,445.6296,199.3187,678.4,0.5911949685534591,0.3018867924528302,2.84,678.4
Wisconsin,1987,1.8,0.98,3.14,426.6667,203.4712,669.8667,0.5732484076433121,0.31210191082802546,2.7800000000000002,669.8667
Wisconsin,1988,1.76,0.95,3.05,417.1852,197.2425,650.6667,0.5770491803278689,0.3114754098360656,2.71,650.6667
Wisconsin,1989,1.72,0.96,2.99,407.7037,199.3187,637.8667,0.5752508361204013,0.3210702341137123,2.6799999999999997,637.8667
Wisconsin,1990,1.74,1.03,3.07,412.4444,213.8524,654.9333,0.5667752442996743,0.3355048859934854,2.77,654.9333
Wisconsin,1991,1.65,0.84,2.76,391.1111,174.4039,588.8,0.5978260869565217,0.30434782608695654,2.4899999999999998,588.8
Wisconsin,1992,1.59,0.9,2.74,376.8889,186.8613,584.5333,0.5802919708029197,0.3284671532846715,2.49,584.5333
Wisconsin,1993,1.59,0.89,2.71,376.8889,184.7851,578.1333,0.5867158671586716,0.3284132841328413,2.48,578.1333
Wisconsin,1994,1.58,0.91,2.72,374.5185,188.9376,580.2667,0.5808823529411764,0.33455882352941174,2.49,580.2667
Wisconsin,1995,1.64,0.87,2.73,388.7407,180.6326,582.4,0.6007326007326007,0.31868131868131866,2.51,582.4
Wisconsin,1996,1.53,0.88,2.65,362.6667,182.7088,565.3333,0.5773584905660377,0.33207547169811324,2.41,565.3333
Wisconsin,1997,1.57,0.89,2.71,372.1481,184.7851,578.1333,0.5793357933579336,0.3284132841328413,2.46,578.1333
Wisconsin,1998,1.58,0.9,2.74,374.5185,186.8613,584.5333,0.5766423357664233,0.3284671532846715,2.48,584.5333
Wisconsin,1999,1.53,0.92,2.72,362.6667,191.0138,580.2667,0.5625,0.338235294117647,2.45,580.2667
Wisconsin,2000,1.53,0.95,2.76,362.6667,197.2425,588.8,0.5543478260869565,0.34420289855072467,2.48,588.8
Wisconsin,2001,1.54,0.95,2.75,365.037,197.2425,586.6667,0.56,0.34545454545454546,2.49,586.6667
Wisconsin,2002,1.56,0.98,2.82,369.7778,203.4712,601.6,0.5531914893617021,0.3475177304964539,2.54,601.6
Wisconsin,2003,1.53,1.0,2.82,362.6667,207.6237,601.6,0.5425531914893618,0.3546099290780142,2.5300000000000002,601.6
Wisconsin,2004,1.53,1.02,2.85,362.6667,211.7762,608.0,0.5368421052631579,0.35789473684210527,2.55,608.0
Wisconsin,2005,1.58,1.07,2.95,374.5185,222.1573,629.3333,0.535593220338983,0.36271186440677966,2.6500000000000004,629.3333
Wisconsin,2006,1.58,1.09,2.99,374.5185,226.3098,637.8667,0.5284280936454849,0.36454849498327757,2.67,637.8667
Wisconsin,2007,1.56,1.11,3.0,369.7778,230.4623,640.0,0.52,0.37000000000000005,2.67,640.0
Wisconsin,2008,1.55,1.13,3.01,367.4074,234.6148,642.1333,0.5149501661129569,0.3754152823920266,2.6799999999999997,642.1333
Wisconsin,2009,1.49,1.16,2.96,353.1852,240.8435,631.4667,0.5033783783783784,0.3918918918918919,2.65,631.4667
Wisconsin,2010,1.49,1.13,2.94,353.1852,234.6148,627.2,0.5068027210884354,0.3843537414965986,2.62,627.2
Wisconsin,2011,1.46,1.16,2.99,346.0741,240.8435,637.8667,0.48829431438127086,0.38795986622073575,2.62,637.8667
Wisconsin,2012,1.46,1.19,3.02,346.0741,247.0722,644.2667,0.4834437086092715,0.3940397350993377,2.65,644.2667
Wisconsin,2013,1.45,1.17,3.0,343.7037,242.9197,640.0,0.48333333333333334,0.38999999999999996,2.62,640.0
Wisconsin,2014,1.42,1.18,2.98,336.5926,244.9959,635.7333,0.47651006711409394,0.3959731543624161,2.5999999999999996,635.7333
Wisconsin,2015,1.39,1.2,2.98,329.4815,249.1484,635.7333,0.4664429530201342,0.40268456375838924,2.59,635.7333
Wisconsin,2016,1.36,1.22,2.99,322.3704,253.3009,637.8667,0.45484949832775917,0.40802675585284276,2.58,637.8667
Wisconsin,2017,1.33,1.26,2.99,315.2593,261.6058,637.8667,0.44481605351170567,0.4214046822742475,2.59,637.8667
Wisconsin,2018,1.29,1.25,2.93,305.7778,259.5296,625.0667,0.4402730375426621,0.4266211604095563,2.54,625.0667
Wisconsin,2019,1.27,1.29,2.95,301.037,267.8345,629.3333,0.43050847457627117,0.43728813559322033,2.56,629.3333
Wisconsin,2020,1.25,1.41,3.08,296.2963,292.7494,657.0667,0.40584415584415584,0.45779220779220775,2.66,657.0667
Wisconsin,2021,1.25,1.51,3.18,296.2963,313.5118,678.4,0.3930817610062893,0.4748427672955975,2.76,678.4
Wisconsin,2022,1.19,1.59,3.18,282.0741,330.1217,678.4,0.3742138364779874,0.5,2.7800000000000002,678.4
Wisconsin,2023,1.13,1.65,3.15,267.8519,342.5791,672.0,0.35873015873015873,0.5238095238095238,2.78,672.0
Wyoming,1977,1.78,1.31,3.29,421.9259,271.987,701.8667,0.541033434650456,0.3981762917933131,3.09,701.8667
Wyoming,1978,1.81,1.35,3.38,429.037,280.292,721.0667,0.5355029585798817,0.3994082840236687,3.16,721.0667
Wyoming,1979,1.86,1.3,3.39,440.8889,269.9108,723.2,0.5486725663716814,0.3834808259587021,3.16,723.2
Wyoming,1980,1.85,1.32,3.41,438.5185,274.0633,727.4667,0.5425219941348973,0.3870967741935484,3.17,727.4667
Wyoming,1981,1.91,1.27,3.43,452.7407,263.6821,731.7333,0.5568513119533527,0.37026239067055394,3.1799999999999997,731.7333
Wyoming,1982,1.78,1.2,3.22,421.9259,249.1484,686.9333,0.5527950310559006,0.37267080745341613,2.98,686.9333
Wyoming,1983,1.68,1.11,3.01,398.2222,230.4623,642.1333,0.5581395348837209,0.3687707641196014,2.79,642.1333
Wyoming,1984,1.61,1.06,2.89,381.6296,220.0811,616.5333,0.5570934256055363,0.36678200692041524,2.67,616.5333
Wyoming,1985,1.59,1.05,2.89,376.8889,218.0049,616.5333,0.5501730103806228,0.3633217993079585,2.64,616.5333
Wyoming,1986,1.51,0.96,2.73,357.9259,199.3187,582.4,0.5531135531135531,0.3516483516483516,2.4699999999999998,582.4
Wyoming,1987,1.51,0.9,2.66,357.9259,186.8613,567.4667,0.5676691729323308,0.3383458646616541,2.41,567.4667
Wyoming,1988,1.45,0.87,2.56,343.7037,180.6326,546.1333,0.56640625,0.33984375,2.32,546.1333
Wyoming,1989,1.41,0.86,2.5,334.2222,178.5564,533.3333,0.564,0.344,2.27,533.3333
Wyoming,1990,1.48,0.93,2.63,350.8148,193.09,561.0667,0.5627376425855514,0.35361216730038025,2.41,561.0667
Wyoming,1991,1.45,0.9,2.56,343.7037,186.8613,546.1333,0.56640625,0.3515625,2.35,546.1333
Wyoming,1992,1.44,0.91,2.56,341.3333,188.9376,546.1333,0.5625,0.35546875,2.35,546.1333
Wyoming,1993,1.4,0.86,2.45,331.8519,178.5564,522.6667,0.5714285714285714,0.3510204081632653,2.26,522.6667
Wyoming,1994,1.42,0.83,2.43,336.5926,172.3277,518.4,0.5843621399176954,0.3415637860082304,2.25,518.4
Wyoming,1995,1.34,0.8,2.29,317.6296,166.0989,488.5333,0.5851528384279476,0.3493449781659389,2.14,488.5333
Wyoming,1996,1.35,0.81,2.33,320.0,168.1752,497.0667,0.5793991416309013,0.3476394849785408,2.16,497.0667
Wyoming,1997,1.42,0.81,2.4,336.5926,168.1752,512.0,0.5916666666666667,0.3375,2.23,512.0
Wyoming,1998,1.37,0.81,2.36,324.7407,168.1752,503.4667,0.5805084745762713,0.3432203389830509,2.18,503.4667
Wyoming,1999,1.41,0.84,2.47,334.2222,174.4039,526.9333,0.5708502024291497,0.34008097165991896,2.25,526.9333
Wyoming,2000,1.42,0.86,2.5,336.5926,178.5564,533.3333,0.568,0.344,2.28,533.3333
Wyoming,2001,1.44,0.88,2.53,341.3333,182.7088,539.7333,0.5691699604743083,0.3478260869565218,2.32,539.7333
Wyoming,2002,1.46,0.88,2.57,346.0741,182.7088,548.2667,0.5680933852140078,0.3424124513618677,2.34,548.2667
Wyoming,2003,1.7,0.9,2.84,402.963,186.8613,605.8667,0.5985915492957746,0.31690140845070425,2.6,605.8667
Wyoming,2004,1.42,0.92,2.58,336.5926,191.0138,550.4,0.5503875968992248,0.35658914728682173,2.34,550.4
Wyoming,2005,1.2,0.96,2.41,284.4444,199.3187,514.1333,0.49792531120331945,0.3983402489626556,2.16,514.1333
Wyoming,2006,1.44,1.03,2.72,341.3333,213.8524,580.2667,0.5294117647058822,0.3786764705882353,2.4699999999999998,580.2667
Wyoming,2007,1.46,1.07,2.8,346.0741,222.1573,597.3333,0.5214285714285715,0.3821428571428572,2.5300000000000002,597.3333
Wyoming,2008,1.5,1.09,2.87,355.5556,226.3098,612.2667,0.5226480836236934,0.3797909407665505,2.59,612.2667
Wyoming,2009,1.4,1.06,2.73,331.8519,220.0811,582.4,0.5128205128205128,0.3882783882783883,2.46,582.4
Wyoming,2010,1.33,1.06,2.66,315.2593,220.0811,567.4667,0.5,0.39849624060150374,2.39,567.4667
Wyoming,2011,1.29,1.1,2.66,305.7778,228.3861,567.4667,0.4849624060150376,0.4135338345864662,2.39,567.4667
Wyoming,2012,1.32,1.13,2.73,312.8889,234.6148,582.4,0.4835164835164835,0.4139194139194139,2.45,582.4
Wyoming,2013,1.25,1.13,2.67,296.2963,234.6148,569.6,0.46816479400749067,0.4232209737827715,2.38,569.6
Wyoming,2014,1.26,1.16,2.73,298.6667,240.8435,582.4,0.46153846153846156,0.4249084249084249,2.42,582.4
Wyoming,2015,1.25,1.18,2.74,296.2963,244.9959,584.5333,0.45620437956204374,0.43065693430656926,2.4299999999999997,584.5333
Wyoming,2016,1.18,1.17,2.68,279.7037,242.9197,571.7333,0.4402985074626865,0.4365671641791044,2.3499999999999996,571.7333
Wyoming,2017,1.17,1.19,2.68,277.3333,247.0722,571.7333,0.4365671641791044,0.4440298507462686,2.36,571.7333
Wyoming,2018,1.22,1.24,2.78,289.1852,257.4534,593.0667,0.4388489208633094,0.4460431654676259,2.46,593.0667
Wyoming,2019,1.23,1.29,2.82,291.5556,267.8345,601.6,0.43617021276595747,0.45744680851063835,2.52,601.6
Wyoming,2020,1.21,1.42,2.97,286.8148,294.8256,633.6,0.4074074074074074,0.47811447811447805,2.63,633.6
Wyoming,2021,1.23,1.46,3.0,291.5556,303.1306,640.0,0.41,0.48666666666666664,2.69,640.0
Wyoming,2022,1.2,1.44,2.93,284.4444,298.9781,625.0667,0.40955631399317405,0.4914675767918088,2.6399999999999997,625.0667
Wyoming,2023,1.08,1.43,2.78,256.0,296.9019,593.0667,0.38848920863309355,0.5143884892086331,2.51,593.0667
